group,file,ref_svg_size,ref_tvg_size,cur_svg_size,svgo_size,tvgt_size,tvg_size,zstd_size,brotli_size,zstd_dict_size,status,fail_stage,fail_detail
freesvg,1638862592editor FreeSVG updated Vector Broken phone.svg,1868,607,0,0,0,0,0,0,0,no_source,source,SVG not found in current source dataset
freesvg,chip.svg,5641,1555,0,0,0,0,0,0,0,no_source,source,SVG not found in current source dataset
freesvg,reddresslady-1919-remix.svg,29820,8509,0,0,0,0,0,0,0,no_source,source,SVG not found in current source dataset
freesvg,spatula.svg,10911,3682,0,0,0,0,0,0,0,no_source,source,SVG not found in current source dataset
freesvg,woman-in-blue-bikini.svg,158938,47225,0,0,0,0,0,0,0,no_source,source,SVG not found in current source dataset
material-design,abugida-devanagari.svg,332,178,354,265,946,175,157,149,136,ok,,
material-design,access-point-check.svg,768,368,780,638,0,0,0,0,0,fail,svg2tvgt,Error Context: 'm20.59 14.84 1.16 1.41L17 21l-2.75-3 1.16-1.16L17 18.43zm-1.52-9.91-1.41 1.41A7.96 7.96 0 0 1 20 12v.34c.68.25 1.33.62 1.88 1.09.07-.47.12-.93.12-1.43 0-2.76-1.12-5.26-2.93-7.07m-3.11
material-design,access-point-minus.svg,706,350,739,587,0,0,0,0,0,fail,svg2tvgt,Error Context: 'M16 12c0-1.11-.45-2.11-1.17-2.83l1.41-1.41A5.98 5.98 0 0 1 18 12c-.72 0-1.4.13-2.04.36.01-.12.04-.24.04-.36m4 .34̲c.68.25 1.33.62 1.88 1.09.07-.47.12-.93.…' Unhandled exception: System
material-design,access-point-plus.svg,730,374,762,606,0,0,0,0,0,fail,svg2tvgt,Error Context: 'M16 12c0-1.11-.45-2.11-1.17-2.83l1.41-1.41A5.98 5.98 0 0 1 18 12c-.72 0-1.4.13-2.04.36.01-.12.04-.24.04-.36m4 .34̲c.68.25 1.33.62 1.88 1.09.07-.47.12-.93.…' Unhandled exception: System
material-design,account-box-multiple-outline.svg,400,231,431,347,0,0,0,0,0,fail,svg2tvgt,Error Context: 'M4 6H2v14a2 2 0 0 0 2 2h14v-2H4zm14.5 8.25c0-1.5-3-2.25-4.5-2.25s-4.5.75-4.5 2.25V15h9M14 10.25̲c1.24 0 2.25-1.01 2.25-2.25S15.24 5.75 1…' Unhandled exception: System.InvalidOperationE
material-design,account-box-multiple.svg,323,211,339,279,0,0,0,0,0,fail,svg2tvgt,Error Context: 'M4 6H2v14a2 2 0 0 0 2 2h14v-2H4zm16-4a2 2 0 0 1 2 2v12a2 2 0 0 1-2 2H8a2 2 0 0 1-2-2V4a2 2 0 0 1 2-2zm-3 5a3 3 0 0 0-3-3 3 3 0 0 0-3 3 3 3 0 0 0 3 3 3 3 0 0 0 3-3m-9 8̲v1h12v-1c0-2-4-3
material-design,account-cog-outline.svg,1289,581,1296,924,0,0,0,0,0,fail,svg2tvgt,Error Context: 'M10 4a4 4 0 0 0-4 4 4 4 0 0 0 4 4 4 4 0 0 0 4-4 4 4 0 0 0-4-4m0 2̲a2 2 0 0 1 2 2 2 2 0 0 1-2 2 2 2 0 0 1-2…' Unhandled exception: System.InvalidOperationException: New MoveTo detected
material-design,account-convert-outline.svg,578,304,646,510,0,0,0,0,0,fail,svg2tvgt,Error Context: 'm12 0-.66.03 3.81 3.81L16.5 2.5c3.25 1.57 5.59 4.74 5.95 8.5h1.5C23.44 4.84 18.29 0 12 0m0 4̲c-1.93 0-3.5 1.57-3.5 3.5S10.07 11 12 11…' Unhandled exception: System.InvalidOperationExce
material-design,account-details-outline.svg,351,245,423,293,0,0,0,0,0,fail,svg2tvgt,Error Context: 'M11 9c0 1.66-1.34 3-3 3s-3-1.34-3-3 1.34-3 3-3 3 1.34 3 3m3 11̲H2v-2c0-2.21 2.69-4 6-4s6 1.79 6 4M7 9c0…' Unhandled exception: System.InvalidOperationException: New MoveTo detected wit
material-design,account-filter-outline.svg,489,289,509,382,0,0,0,0,0,fail,svg2tvgt,Error Context: 'm17 21 1.8 1.77c.5.5 1.2.1 1.2-.49V18l2.8-3.4A1 1 0 0 0 22 13h-7c-.8 0-1.3 1-.8 1.6L17 18zm-2-1H2v-3c0-2.7 5.3-4 8-4 .6 0 1.3.1 2.1.2-.2.6-.1 1.3.1 1.9-.7-.1-1.5-.2-2.2-.2-3 0-6.1 1.5-
material-design,account-group-outline.svg,983,472,1080,833,0,0,0,0,0,fail,svg2tvgt,Error Context: 'M12 5a3.5 3.5 0 0 0-3.5 3.5A3.5 3.5 0 0 0 12 12a3.5 3.5 0 0 0 3.5-3.5A3.5 3.5 0 0 0 12 5m0 2̲a1.5 1.5 0 0 1 1.5 1.5A1.5 1.5 0 0 1 12 …' Unhandled exception: System.InvalidOperationExce
material-design,account-key.svg,381,250,380,306,0,0,0,0,0,fail,svg2tvgt,Error Context: 'M11 10v2H9v2H7v-2H5.8c-.4 1.2-1.5 2-2.8 2-1.7 0-3-1.3-3-3s1.3-3 3-3c1.3 0 2.4.8 2.8 2zm-8 0c-.6 0-1 .4-1 1s.4 1 1 1 1-.4 1-1-.4-1-1-1m13 4̲c2.7 0 8 1.3 8 4v2H8v-2c0-2.7 5.3-4 8-4m…' Un
material-design,account-multiple-minus.svg,338,193,348,281,0,0,0,0,0,fail,svg2tvgt,Error Context: 'M19 17v2H7v-2s0-4 6-4 6 4 6 4m-3-9̲a3 3 0 1 0-3 3 3 3 0 0 0 3-3m3.2 5.06A5.…' Unhandled exception: System.InvalidOperationException: New MoveTo detected without ClosePath    at SvgPath
material-design,account-network-outline.svg,493,282,521,433,0,0,0,0,0,fail,svg2tvgt,Error Context: 'M12 10a3.5 3.5 0 0 0 3.5-3.5A3.5 3.5 0 0 0 12 3a3.5 3.5 0 0 0-3.5 3.5A3.5 3.5 0 0 0 12 10m0-5̲a1.5 1.5 0 0 1 1.5 1.5A1.5 1.5 0 0 1 12 …' Unhandled exception: System.InvalidOperationExc
material-design,account-off-outline.svg,493,248,499,421,0,0,0,0,0,fail,svg2tvgt,Error Context: 'm2.75 7 1.28-1.25L13.26 15 20 21.72 18.73 23l-3-3H4v-3c0-1.86 2.61-3.08 5.09-3.64zM20 17v2.18l-1.9-1.9V17c0-.26-.5-.65-1.3-1L14 13.18c2.71.45 6 1.73 6 3.82M5.9 17̲v1.1h7.93L10.72 15c-2
material-design,account-plus.svg,262,149,262,218,0,0,0,0,0,fail,svg2tvgt,Error Context: 'M15 14c-2.67 0-8 1.33-8 4v2h16v-2c0-2.67-5.33-4-8-4m-9-4̲V7H4v3H1v2h3v3h2v-3h3v-2m6 2a4 4 0 0 0 4…' Unhandled exception: System.InvalidOperationException: New MoveTo detected without C
material-design,account-reactivate.svg,439,227,485,367,1049,224,194,195,176,ok,,
material-design,account-supervisor-circle.svg,715,305,728,582,0,0,0,0,0,fail,svg2tvgt,Error Context: 'M12 2C6.47 2 2 6.5 2 12a10 10 0 0 0 10 10 10 10 0 0 0 10-10A10 10 0 0 0 12 2m3.6 6.34̲c1.07 0 1.93.86 1.93 1.93s-.86 1.93-1.93…' Unhandled exception: System.InvalidOperationException:
material-design,account-sync-outline.svg,692,383,700,523,0,0,0,0,0,fail,svg2tvgt,Error Context: 'M11 4C8.8 4 7 5.8 7 8s1.8 4 4 4 4-1.8 4-4-1.8-4-4-4m0 2̲c1.1 0 2 .9 2 2s-.9 2-2 2-2-.9-2-2 .9-2 …' Unhandled exception: System.InvalidOperationException: New MoveTo detected without Cl
material-design,account-voice.svg,415,193,416,331,0,0,0,0,0,fail,svg2tvgt,Error Context: 'M9 5a4 4 0 0 1 4 4 4 4 0 0 1-4 4 4 4 0 0 1-4-4 4 4 0 0 1 4-4m0 10̲c2.67 0 8 1.34 8 4v2H1v-2c0-2.66 5.33-4 …' Unhandled exception: System.InvalidOperationException: New MoveTo detected
material-design,account-wrench-outline.svg,639,358,639,463,0,0,0,0,0,fail,svg2tvgt,Error Context: 'm22.9 21.2-4.1-4.1c.4-1 .2-2.3-.7-3.1-.9-.9-2.2-1.1-3.3-.6l1.9 1.9-1.4 1.4-2-2c-.5 1.1-.3 2.4.6 3.4.9.9 2.1 1.1 3.1.7l4.1 4.1c.2.2.5.2.6 0l1-1c.3-.3.3-.6.2-.7M10 12̲c2.2 0 4-1.8 4-4s-1
material-design,airplane-marker.svg,542,248,557,451,0,0,0,0,0,fail,svg2tvgt,Error Context: 'M15.33 11.05a5.53 5.53 0 0 0-2.24 3.53l-1.54-2.95-3.89 3.87L8 18l-1.05 1.06-1.77-3.19L2 14.11l1.06-1.06 2.48.35 3.89-3.9L2 5.62l1.41-1.41 9.2 2.12 3.89-3.89a1.49 1.49 0 0 1 2.12 0c.58.
material-design,airplane-off.svg,421,174,421,343,1042,165,171,155,142,ok,,
material-design,airport.svg,332,165,332,274,0,0,0,0,0,fail,svg2tvgt,Error Context: 'M14.97 5.92a.967.967 0 0 0-1.18-.68l-3.4.91-4.44-4.12-1.23.33 2.66 4.59-3.19.85-1.26-.98-.93.25 1.66 2.88 10.62-2.84c.52-.15.82-.68.69-1.19M21 10̲l-1 2h-5l-1-2 1-1h2V7h1v2h2zm1 10v2H2v
material-design,alarm-panel.svg,378,257,377,284,0,0,0,0,0,fail,svg2tvgt,Error Context: 'M20 3H4c-1.1 0-2 .9-2 2v14c0 1.1.9 2 2 2h16c1.1 0 2-.9 2-2V5c0-1.1-.9-2-2-2M8 19̲H5v-2h3zm0-3H5v-2h3zm0-3H5v-2h3zm5.5 6h-…' Unhandled exception: System.InvalidOperationException: New M
material-design,alien.svg,547,246,575,432,0,0,0,0,0,fail,svg2tvgt,Error Context: 'M12 3c4.97 0 9 3.58 9 8s-6 10-9 10-9-5.58-9-10 4.03-8 9-8m-1.69 7.93̲C9.29 9.29 7.47 8.58 6.25 9.34s-1.38 2.7…' Unhandled exception: System.InvalidOperationException: New MoveTo detect
material-design,align-horizontal-center.svg,162,83,173,128,593,80,75,72,59,ok,,
material-design,alpha-a-circle.svg,250,141,252,214,0,0,0,0,0,fail,svg2tvgt,Error Context: 'M12 2a10 10 0 0 1 10 10 10 10 0 0 1-10 10A10 10 0 0 1 2 12 10 10 0 0 1 12 2m-1 5̲a2 2 0 0 0-2 2v8h2v-4h2v4h2V9a2 2 0 0 0-…' Unhandled exception: System.InvalidOperationException: New M
material-design,alpha-f-box-outline.svg,221,135,233,185,814,128,96,90,57,ok,,
material-design,alpha-f-circle-outline.svg,275,159,285,237,0,0,0,0,0,fail,svg2tvgt,Error Context: 'M9 7h6v2h-4v2h3v2h-3v4H9zm3-5a10 10 0 0 1 10 10 10 10 0 0 1-10 10A10 10 0 0 1 2 12 10 10 0 0 1 12 2m0 2̲a8 8 0 0 0-8 8 8 8 0 0 0 8 8 8 8 0 0 0 8…' Unhandled exception: System.InvalidOp
material-design,alpha-g-circle.svg,256,142,258,222,0,0,0,0,0,fail,svg2tvgt,Error Context: 'M12 2a10 10 0 0 1 10 10 10 10 0 0 1-10 10A10 10 0 0 1 2 12 10 10 0 0 1 12 2m-1 5̲a2 2 0 0 0-2 2v6a2 2 0 0 0 2 2h2a2 2 0 0…' Unhandled exception: System.InvalidOperationException: New M
material-design,alpha-h-box.svg,213,124,212,179,739,121,91,83,49,ok,,
material-design,alpha-h-circle-outline.svg,281,165,291,243,0,0,0,0,0,fail,svg2tvgt,Error Context: 'M9 7h2v4h2V7h2v10h-2v-4h-2v4H9zm3-5a10 10 0 0 1 10 10 10 10 0 0 1-10 10A10 10 0 0 1 2 12 10 10 0 0 1 12 2m0 2̲a8 8 0 0 0-8 8 8 8 0 0 0 8 8 8 8 0 0 0 8…' Unhandled exception: System.Inv
material-design,alpha-h-circle.svg,214,112,216,184,0,0,0,0,0,fail,svg2tvgt,Error Context: 'M12 2a10 10 0 0 1 10 10 10 10 0 0 1-10 10A10 10 0 0 1 2 12 10 10 0 0 1 12 2M9 7̲v10h2v-4h2v4h2V7h-2v4h-2V7z' Unhandled exception: System.InvalidOperationException: New MoveTo detected
material-design,alpha-i-box.svg,214,124,213,180,741,121,93,85,54,ok,,
material-design,alpha-l-circle.svg,197,94,199,170,528,91,75,62,26,ok,,
material-design,alpha-n-box-outline.svg,227,139,234,191,0,0,0,0,0,fail,svg2tvgt,Error Context: 'M9 7h2l2 5V7h2v10h-2l-2-5v5H9zM5 3h14a2 2 0 0 1 2 2v14a2 2 0 0 1-2 2H5a2 2 0 0 1-2-2V5a2 2 0 0 1 2-2m0 2̲v14h14V5z' Unhandled exception: System.InvalidOperationException: New MoveTo de
material-design,alpha-n-circle.svg,214,110,216,183,622,107,83,69,45,ok,,
material-design,alpha-o-circle.svg,270,153,272,232,808,148,96,84,57,ok,,
material-design,alpha-r-box-outline.svg,290,178,297,242,0,0,0,0,0,fail,svg2tvgt,Error Context: 'M9 7h4a2 2 0 0 1 2 2v2c0 .84-.5 1.55-1.24 1.85L15 17h-2l-1.2-4H11v4H9zm2 2v2h2V9zM5 3h14a2 2 0 0 1 2 2v14a2 2 0 0 1-2 2H5a2 2 0 0 1-2-2V5a2 2 0 0 1 2-2m0 2̲v14h14V5z' Unhandled excepti
material-design,alpha-r-circle.svg,277,149,279,241,835,144,106,95,70,ok,,
material-design,alpha-t-circle.svg,201,100,203,171,571,97,79,66,40,ok,,
material-design,alpha-t.svg,126,47,121,97,322,44,57,46,42,ok,,
material-design,alpha-v-circle-outline.svg,278,158,288,238,0,0,0,0,0,fail,svg2tvgt,Error Context: 'M9 7h2l1 5 1-5h2l-2 10h-2zm3-5a10 10 0 0 1 10 10 10 10 0 0 1-10 10A10 10 0 0 1 2 12 10 10 0 0 1 12 2m0 2̲a8 8 0 0 0-8 8 8 8 0 0 0 8 8 8 8 0 0 0 8…' Unhandled exception: System.InvalidO
material-design,alpha-v-circle.svg,211,105,213,181,561,102,78,65,39,ok,,
material-design,alpha-w-circle.svg,244,136,246,213,0,0,0,0,0,fail,svg2tvgt,Error Context: 'M9 17h6a2 2 0 0 0 2-2V7h-2v8h-2V8h-2v7H9V7H7v8a2 2 0 0 0 2 2m3-15̲a10 10 0 0 1 10 10 10 10 0 0 1-10 10A10 …' Unhandled exception: System.InvalidOperationException: New MoveTo detected
material-design,alpha-x-box.svg,239,140,238,201,763,137,97,83,56,ok,,
material-design,alpha-x-circle.svg,240,128,242,205,686,125,89,82,56,ok,,
material-design,alpha-y-box.svg,216,123,215,180,682,120,90,76,31,ok,,
material-design,alpha-y.svg,142,58,137,110,356,55,61,52,29,ok,,
material-design,alphabetical-variant.svg,396,270,404,344,0,0,0,0,0,fail,svg2tvgt,Error Context: 'M3 7a2 2 0 0 0-2 2v8h2v-4h2v4h2V9a2 2 0 0 0-2-2zm0 2h2v2H3m12-.5̲V9a2 2 0 0 0-2-2H9v10h4a2 2 0 0 0 2-2v-1…' Unhandled exception: System.InvalidOperationException: New MoveTo detected w
material-design,altimeter.svg,238,139,235,187,944,122,106,102,91,ok,,
material-design,android-messages.svg,505,296,0,0,0,0,0,0,0,no_source,source,SVG not found in current source dataset
material-design,android-studio.svg,595,291,597,491,1600,284,227,220,202,ok,,
material-design,android.svg,673,262,692,471,0,0,0,0,0,fail,svg2tvgt,Error Context: 'M16.61 15.15c-.46 0-.84-.37-.84-.83s.38-.82.84-.82.84.36.84.82-.38.83-.84.83m-9.2 0̲c-.46 0-.84-.37-.84-.83s.38-.82.84-.82.8…' Unhandled exception: System.InvalidOperationException: Ne
material-design,animation-play-outline.svg,287,188,297,236,0,0,0,0,0,fail,svg2tvgt,Error Context: 'M4 2a2 2 0 0 0-2 2v10h2V4h10V2zm4 4a2 2 0 0 0-2 2v10h2V8h10V6zm12 6v8h-8v-8zm0-2h-8a2 2 0 0 0-2 2v8a2 2 0 0 0 2 2h8a2 2 0 0 0 2-2v-8a2 2 0 0 0-2-2m-6 3̲v6l4-3z' Unhandled exception: Sy
material-design,antenna.svg,793,378,794,656,0,0,0,0,0,fail,svg2tvgt,Error Context: 'M12 7.5c.69 0 1.27.23 1.76.7s.74 1.07.74 1.8q0 1.575-1.5 2.28V21h-2v-8.72Q9.5 11.575 9.5 10c0-.73.26-1.33.74-1.8s1.07-.7 1.76-.7m4.69-2.2̲c1.25 1.25 1.92 2.81 2.01 4.7 0 1.8-.67 …' Unh
material-design,apple-keyboard-option.svg,158,68,167,129,470,63,76,68,59,ok,,
material-design,application-array-outline.svg,262,161,275,210,0,0,0,0,0,fail,svg2tvgt,Error Context: 'M21 2H3c-1.1 0-2 .9-2 2v16c0 1.1.9 2 2 2h18c1.1 0 2-.9 2-2V4c0-1.1-.9-2-2-2m0 18̲H3V6h18zM6 8v10h4v-2H8v-6h2V8zm10 8h-2v2…' Unhandled exception: System.InvalidOperationException: New M
material-design,application-braces-outline.svg,478,321,522,374,0,0,0,0,0,fail,svg2tvgt,Error Context: 'M21 2H3c-1.1 0-2 .9-2 2v16c0 1.1.9 2 2 2h18c1.1 0 2-.9 2-2V4c0-1.1-.9-2-2-2m0 18̲H3V6h18zM9 8c-1.1 0-2 .9-2 2s-.9 2-2 2v2…' Unhandled exception: System.InvalidOperationException: New M
material-design,application-cog-outline.svg,980,474,991,636,0,0,0,0,0,fail,svg2tvgt,Error Context: 'M21.7 18.6v-1l1.1-.8c.1-.1.2-.2.1-.3l-1-1.7c0-.1-.2-.1-.3-.1l-1.2.5c-.3-.2-.6-.4-.9-.5l-.2-1.3c0-.1-.1-.2-.2-.2h-2c-.2 0-.3.1-.3.2l-.2 1.3c-.3.2-.5.3-.8.5l-1.2-.5c-.1 0-.2 0-.3.1l-1 1.
material-design,archive-arrow-up-outline.svg,186,104,198,153,0,0,0,0,0,fail,svg2tvgt,Error Context: 'M20 21H4V10h2v9h12v-9h2zM3 3h18v6H3zm2 2v2h14V5m-8.5 12̲v-3H8l4-4 4 4h-2.5v3' Unhandled exception: System.InvalidOperationException: New MoveTo detected without ClosePath    at SvgPath
material-design,archive-check-outline.svg,401,203,410,300,0,0,0,0,0,fail,svg2tvgt,Error Context: 'M21 3H3v6h18zm-2 4H5V5h14zm-4.5 4c.28 0 .5.22.5.5V13H9v-1.5c0-.28.22-.5.5-.5zm3.5 2.09V10h2v3.09c-.33-.05-.66-.09-1-.09s-.67.04-1 .09M13 19̲c0 .7.13 1.37.35 2H4V10h2v9zm9.5-1.75L17…' U
material-design,archive-clock.svg,415,217,416,329,0,0,0,0,0,fail,svg2tvgt,Error Context: 'M20 6H2V2h18zm-3.5 6H15v5l3.61 2.16.75-1.22-2.86-1.69zm6.5 4c0 3.87-3.13 7-7 7-2.38 0-4.47-1.19-5.74-3H3V7h16v2.68c2.36 1.13 4 3.53 4 6.32M8 12̲h2.26c.57-.81 1.3-1.5 2.15-2H8.5c-.28 0-
material-design,archive-eye.svg,539,287,581,414,0,0,0,0,0,fail,svg2tvgt,Error Context: 'M21 7H3V3h18zM9.14 19.75c.18.44.4.86.64 1.25H4V8h16v5.55c-.94-.36-1.95-.55-3-.55-3.5 0-6.57 2.06-7.86 5.25l-.29.75zM9 13h6v-1.5c0-.28-.22-.5-.5-.5h-5c-.28 0-.5.22-.5.5zm8 5c-.56 0-1 .4
material-design,archive-marker-outline.svg,476,251,494,381,0,0,0,0,0,fail,svg2tvgt,Error Context: 'M14.5 11c.22 0 .4.14.47.33A5.4 5.4 0 0 0 13.63 13H9v-1.5c0-.28.22-.5.5-.5zM21 9H3V3h18zm-2-4H5v2h14zM6 19v-9H4v11h11.19c-.41-.6-.83-1.28-1.19-2zm16-3.5c0 2.6-3.5 6.5-3.5 6.5S15 18.1 15
material-design,archive-off.svg,256,121,265,206,783,112,115,103,84,ok,,
material-design,archive-sync-outline.svg,661,327,705,524,0,0,0,0,0,fail,svg2tvgt,Error Context: 'M18 11.18V10h2v1.03c-.16-.03-.33-.03-.5-.03-.5 0-1 .07-1.5.18m-3 .32̲c0-.28-.22-.5-.5-.5h-5c-.28 0-.5.22-.5.5…' Unhandled exception: System.InvalidOperationException: New MoveTo detect
material-design,arm-flex-outline.svg,557,227,561,449,0,0,0,0,0,fail,svg2tvgt,Error Context: 'M7 7.76v8.49h4.08l.6-.91c1.16-1.79 3.25-2.59 4.79-2.59.53 0 .98.09 1.32.25.91.41 1.16 1.18 1.21 1.74.08 1.13-.5 2.29-1.5 2.97-.9.62-3.06 1.29-5.63 1.29-1.75 0-4.26-.31-6.75-1.7.29-2.45
material-design,arrange-bring-forward.svg,149,70,158,120,490,65,67,62,56,ok,,
material-design,arrow-bottom-left-bold-box.svg,252,123,266,202,647,118,113,108,91,ok,,
material-design,arrow-collapse-left.svg,199,82,206,158,528,75,79,77,68,ok,,
material-design,arrow-decision-auto.svg,445,208,476,365,1206,195,184,171,161,ok,,
material-design,arrow-down-thin.svg,156,45,159,118,346,45,58,50,51,ok,,
material-design,arrow-left-bold-circle-outline.svg,276,154,294,235,0,0,0,0,0,fail,svg2tvgt,Error Context: 'm7 12 5-5v3h4v4h-4v3zm15 0a10 10 0 0 1-10 10A10 10 0 0 1 2 12 10 10 0 0 1 12 2a10 10 0 0 1 10 10m-2 0̲a8 8 0 0 0-8-8 8 8 0 0 0-8 8 8 8 0 0 0 8…' Unhandled exception: System.InvalidOper
material-design,arrow-left-bold.svg,140,48,143,112,314,45,58,50,48,ok,,
material-design,arrow-left-drop-circle-outline.svg,264,142,282,229,0,0,0,0,0,fail,svg2tvgt,Error Context: 'M22 12A10 10 0 0 0 12 2 10 10 0 0 0 2 12a10 10 0 0 0 10 10 10 10 0 0 0 10-10m-2 0̲a8 8 0 0 1-8 8 8 8 0 0 1-8-8 8 8 0 0 1 8…' Unhandled exception: System.InvalidOperationException: New
material-design,arrow-right-bold-box-outline.svg,223,130,239,184,0,0,0,0,0,fail,svg2tvgt,Error Context: 'm17 12-5 5v-3H8v-4h4V7zM3 19V5a2 2 0 0 1 2-2h14a2 2 0 0 1 2 2v14a2 2 0 0 1-2 2H5a2 2 0 0 1-2-2m2 0̲h14V5H5z' Unhandled exception: System.InvalidOperationException: New MoveTo detected
material-design,arrow-right-bold-hexagon-outline.svg,469,213,493,341,1192,202,191,203,126,ok,,
material-design,arrow-right-drop-circle-outline.svg,264,142,283,226,0,0,0,0,0,fail,svg2tvgt,Error Context: 'M2 12a10 10 0 0 0 10 10 10 10 0 0 0 10-10A10 10 0 0 0 12 2 10 10 0 0 0 2 12m2 0̲a8 8 0 0 1 8-8 8 8 0 0 1 8 8 8 8 0 0 1-8…' Unhandled exception: System.InvalidOperationException: New Mo
material-design,arrow-right-top-bold.svg,187,80,195,156,453,77,80,71,65,ok,,
material-design,arrow-top-left-bottom-right-bold.svg,186,65,206,148,411,60,69,65,62,ok,,
material-design,arrow-top-left.svg,153,56,155,121,361,51,64,56,49,ok,,
material-design,arrow-top-right-bold-box-outline.svg,257,140,277,211,0,0,0,0,0,fail,svg2tvgt,Error Context: 'M16 8v7.1L13.9 13l-4.1 3.9L7 14l4.1-3.9L8.9 8zM3 5v14c0 1.1.9 2 2 2h14c1.1 0 2-.9 2-2V5c0-1.1-.9-2-2-2H5c-1.1 0-2 .9-2 2m2 0̲h14v14H5z' Unhandled exception: System.InvalidOperationExce
material-design,arrow-top-right-thick.svg,177,56,186,141,392,51,64,56,26,ok,,
material-design,arrow-top-right.svg,152,56,155,121,361,51,64,56,26,ok,,
material-design,arrow-u-up-left.svg,232,106,255,200,576,103,92,91,49,ok,,
material-design,arrow-up-bold-box-outline.svg,224,130,237,184,0,0,0,0,0,fail,svg2tvgt,Error Context: 'm12 7 5 5h-3v4h-4v-4H7zm7 14H5a2 2 0 0 1-2-2V5a2 2 0 0 1 2-2h14a2 2 0 0 1 2 2v14a2 2 0 0 1-2 2m0-2̲V5H5v14z' Unhandled exception: System.InvalidOperationException: New MoveTo detected
material-design,arrow-up-box.svg,247,127,252,212,708,122,97,94,65,ok,,
material-design,arrow-up-circle-outline.svg,315,168,326,279,0,0,0,0,0,fail,svg2tvgt,Error Context: 'M13 18h-2v-8l-3.5 3.5-1.42-1.42L12 6.16l5.92 5.92-1.42 1.42L13 10zM12 2a10 10 0 0 1 10 10 10 10 0 0 1-10 10A10 10 0 0 1 2 12 10 10 0 0 1 12 2m0 2̲a8 8 0 0 0-8 8 8 8 0 0 0 8 8 8 8 0 0 0
material-design,arrow-up-down.svg,241,89,242,201,543,84,93,86,80,ok,,
material-design,artstation.svg,349,131,350,286,0,0,0,0,0,fail,svg2tvgt,Error Context: 'm1.77 16.88 1.73 2.98c.34.68 1.04 1.14 1.83 1.14h11.46l-2.36-4.12zm20.46.02c0-.4-.12-.79-.33-1.12L15.17 4.1A2.04 2.04 0 0 0 13.35 3H9.8l10.38 18 1.64-2.86c.31-.54.41-.78.41-1.24m-9.5-2
material-design,at.svg,990,488,1019,771,0,0,0,0,0,fail,svg2tvgt,Error Context: 'M12 15c.81 0 1.5-.3 2.11-.89.59-.61.89-1.3.89-2.11s-.3-1.5-.89-2.11C13.5 9.3 12.81 9 12 9s-1.5.3-2.11.89C9.3 10.5 9 11.19 9 12s.3 1.5.89 2.11c.61.59 1.3.89 2.11.89m0-13̲c2.75 0 5.1 1 7
material-design,attachment-lock.svg,743,391,746,566,0,0,0,0,0,fail,svg2tvgt,Error Context: 'M18 13c-1.4 0-2.8 1.1-2.8 2.5V17c-.6 0-1.2.6-1.2 1.2v3.5c0 .7.6 1.3 1.2 1.3h5.5c.7 0 1.3-.6 1.3-1.2v-3.5c0-.7-.6-1.3-1.2-1.3v-1.5c0-1.4-1.4-2.5-2.8-2.5m0 1.2̲c.8 0 1.5.5 1.5 1.3V17h-3v
material-design,audio-input-rca.svg,363,220,366,297,1223,211,162,162,26,ok,,
material-design,axis-arrow-info.svg,296,157,299,249,1016,148,136,118,108,ok,,
material-design,axis-x-arrow.svg,207,77,207,170,470,72,85,73,29,ok,,
material-design,axis-x-rotate-clockwise.svg,520,234,531,431,0,0,0,0,0,fail,svg2tvgt,Error Context: 'M12 10h2.91C14.57 6.55 13.4 4 12 4c-1.58 0-2.88 3.27-3 7.42l-2 1.15V12C7 6.5 9.24 2 12 2c2.42 0 4.44 3.44 4.9 8H20l-4 4zm0 12c-1.88 0-3.53-2.08-4.38-5.16l1.75-1.01C9.87 18.31 10.86 20
material-design,baby-carriage.svg,555,273,567,492,0,0,0,0,0,fail,svg2tvgt,Error Context: 'M13 2v8h8a8 8 0 0 0-8-8m6.32 13.89̲A7.95 7.95 0 0 0 21 11H6.44L5.5 9H2v2h2.…' Unhandled exception: System.InvalidOperationException: New MoveTo detected without ClosePath    at SvgPath
material-design,badminton.svg,1297,536,1320,979,0,0,0,0,0,fail,svg2tvgt,Error Context: 'M12.3 2c-.97.03-1.72.84-1.69 1.8.01.24.06.47.16.7l.29.64c.04.13-.03.27-.17.31-.09.05-.19 0-.26-.08l-.42-.55c-.33-.42-.83-.68-1.36-.69-.97-.02-1.77.75-1.79 1.71-.01.42.13.82.39 1.16l.42
material-design,bag-personal-off-outline.svg,442,258,454,371,1476,245,200,189,31,ok,,
material-design,balloon.svg,295,120,290,245,614,119,120,115,102,ok,,
material-design,bank-transfer-in.svg,233,140,237,181,952,125,107,98,85,ok,,
material-design,bank-transfer.svg,285,179,286,226,1180,162,132,128,114,ok,,
material-design,baseball-diamond-outline.svg,446,237,463,356,0,0,0,0,0,fail,svg2tvgt,Error Context: 'M12 2C5 2 1 9 1 9l8.3 8.3c.44-.53 1.02-.93 1.7-1.13L7.83 13 12 8.83 16.17 13 13 16.17c.68.2 1.27.6 1.7 1.13L23 9s-4-7-11-7m5.59 9.59̲L12 6l-5.59 5.59-2.82-2.83C4.95 7 7.89 4…' Unhandle
material-design,basket-minus-outline.svg,490,255,518,394,0,0,0,0,0,fail,svg2tvgt,Error Context: 'M23 18v2h-8v-2zm-11-5c-1.1 0-2 .9-2 2s.9 2 2 2 2-.9 2-2-.9-2-2-2m1.35 8̲H5.5c-.92 0-1.69-.62-1.92-1.46l-2.54-9.2…' Unhandled exception: System.InvalidOperationException: New MoveTo det
material-design,basket-minus.svg,432,230,479,343,0,0,0,0,0,fail,svg2tvgt,Error Context: 'M23 18v2h-8v-2zm0-8-.04.29L22 13.8a6.005 6.005 0 0 0-9 5.2c0 .7.13 1.37.35 2H5.5c-.78 0-1.46-.45-1.79-1.1L1.1 10.44 1 10c0-.55.45-1 1-1h4.58l4.6-6.57a.997.997 0 0 1 1.65.01L17.42 9H22c
material-design,basketball.svg,1200,480,1204,915,0,0,0,0,0,fail,svg2tvgt,Error Context: 'M2.34 14.63c.6-.22 1.22-.33 1.88-.33q2.01 0 3.51 1.26L4.59 18.7a10.6 10.6 0 0 1-2.25-4.07M15.56 9.8̲c1.97 1.47 4.1 1.83 6.38 1.08.03.21.06.5…' Unhandled exception: System.InvalidOperat
material-design,battery-10-bluetooth.svg,434,217,442,362,1340,206,180,178,29,ok,,
material-design,battery-10.svg,246,111,244,218,0,0,0,0,0,fail,svg2tvgt,Error Context: 'M16 18H8V6h8m.67-2̲H15V2H9v2H7.33A1.33 1.33 0 0 0 6 5.33v15…' Unhandled exception: System.InvalidOperationException: New MoveTo detected without ClosePath    at SvgPathParser.ParseMove
material-design,battery-40.svg,246,111,244,218,0,0,0,0,0,fail,svg2tvgt,Error Context: 'M16 14H8V6h8m.67-2̲H15V2H9v2H7.33A1.33 1.33 0 0 0 6 5.33v15…' Unhandled exception: System.InvalidOperationException: New MoveTo detected without ClosePath    at SvgPathParser.ParseMove
material-design,battery-60.svg,246,111,244,218,0,0,0,0,0,fail,svg2tvgt,Error Context: 'M16 12H8V6h8m.67-2̲H15V2H9v2H7.33A1.33 1.33 0 0 0 6 5.33v15…' Unhandled exception: System.InvalidOperationException: New MoveTo detected without ClosePath    at SvgPathParser.ParseMove
material-design,battery-80-bluetooth.svg,433,217,441,361,1339,206,181,180,26,ok,,
material-design,battery-80.svg,245,111,243,217,0,0,0,0,0,fail,svg2tvgt,Error Context: 'M16 9H8V6h8m.67-2̲H15V2H9v2H7.33A1.33 1.33 0 0 0 6 5.33v15…' Unhandled exception: System.InvalidOperationException: New MoveTo detected without ClosePath    at SvgPathParser.ParseMoveT
material-design,battery-90-bluetooth.svg,433,217,441,361,1339,206,181,179,29,ok,,
material-design,battery-arrow-down-outline.svg,334,153,348,258,0,0,0,0,0,fail,svg2tvgt,Error Context: 'M13.54 22H7.33C6.6 22 6 21.4 6 20.67V5.33C6 4.6 6.6 4 7.33 4H9V2h6v2h1.67C17.4 4 18 4.6 18 5.33V12c-.7 0-1.37.13-2 .35V6H8v14h4.35c.26.75.65 1.42 1.19 2m1.4-3.5̲ 3 3 3-3h-2v-4h-2v4z' U
material-design,battery-charging-20.svg,312,133,319,251,0,0,0,0,0,fail,svg2tvgt,Error Context: 'M23.05 11h-3V4l-5 10h3v8m-6-5̲h-8V6h8m.67-2h-1.67V2h-6v2H3.38a1.33 1.3…' Unhandled exception: System.InvalidOperationException: New MoveTo detected without ClosePath    at SvgPathParse
material-design,battery-charging-60.svg,277,138,284,241,0,0,0,0,0,fail,svg2tvgt,Error Context: 'M12 11H4V6h8m.67-2̲H11V2H5v2H3.33A1.33 1.33 0 0 0 2 5.33v15…' Unhandled exception: System.InvalidOperationException: New MoveTo detected without ClosePath    at SvgPathParser.ParseMove
material-design,battery-charging-high.svg,321,185,330,272,0,0,0,0,0,fail,svg2tvgt,Error Context: 'M12 20H4V6h8m.67-2̲H11V2H5v2H3.33C2.6 4 2 4.6 2 5.33v15.34C…' Unhandled exception: System.InvalidOperationException: New MoveTo detected without ClosePath    at SvgPathParser.ParseMove
material-design,battery-charging-wireless-40.svg,394,192,428,329,0,0,0,0,0,fail,svg2tvgt,Error Context: 'm20.07 4.93-1.41 1.41c3.13 3.12 3.13 8.19 0 11.32l1.41 1.41c3.9-3.9 3.9-10.23 0-14.14m-2.83 2.83̲-1.41 1.41a4.01 4.01 0 0 1 0 5.66l1.41 1…' Unhandled exception: System.InvalidOperation
material-design,battery-charging-wireless-60.svg,394,192,428,328,0,0,0,0,0,fail,svg2tvgt,Error Context: 'm20.07 4.93-1.41 1.41c3.13 3.12 3.13 8.19 0 11.32l1.41 1.41c3.9-3.9 3.9-10.23 0-14.14m-2.83 2.83̲-1.41 1.41a4.01 4.01 0 0 1 0 5.66l1.41 1…' Unhandled exception: System.InvalidOperation
material-design,battery-charging-wireless-90.svg,392,192,426,328,0,0,0,0,0,fail,svg2tvgt,Error Context: 'm20.07 4.93-1.41 1.41c3.13 3.12 3.13 8.19 0 11.32l1.41 1.41c3.9-3.9 3.9-10.23 0-14.14m-2.83 2.83̲-1.41 1.41a4.01 4.01 0 0 1 0 5.66l1.41 1…' Unhandled exception: System.InvalidOperation
material-design,battery-check.svg,322,146,328,275,805,141,135,128,114,ok,,
material-design,battery-clock-outline.svg,475,254,484,392,0,0,0,0,0,fail,svg2tvgt,Error Context: 'M18 9.29V5.33C18 4.6 17.4 4 16.67 4H15V2H9v2H7.33C6.6 4 6 4.6 6 5.33v15.34C6 21.4 6.6 22 7.33 22h5.08c1.05.63 2.28 1 3.59 1 3.87 0 7-3.13 7-7 0-3.17-2.11-5.85-5-6.71M8 6̲h8v3c-3.87 0-7
material-design,battery-heart.svg,409,179,410,373,0,0,0,0,0,fail,svg2tvgt,Error Context: 'M12.67 4H11V2H5v2H3.33A1.34 1.34 0 0 0 2 5.33v15.34A1.34 1.34 0 0 0 3.33 22h9.34A1.34 1.34 0 0 0 14 20.67V5.33A1.34 1.34 0 0 0 12.67 4M19 16.17̲l-.58-.53C16.36 13.77 15 12.54 15 11a2.1
material-design,battery-low.svg,260,129,259,227,0,0,0,0,0,fail,svg2tvgt,Error Context: 'M16 20H8V6h8m.67-2̲H15V2H9v2H7.33C6.6 4 6 4.6 6 5.33v15.34C…' Unhandled exception: System.InvalidOperationException: New MoveTo detected without ClosePath    at SvgPathParser.ParseMove
material-design,battery-medium.svg,284,147,286,240,0,0,0,0,0,fail,svg2tvgt,Error Context: 'M16 20H8V6h8m.67-2̲H15V2H9v2H7.33C6.6 4 6 4.6 6 5.33v15.34C…' Unhandled exception: System.InvalidOperationException: New MoveTo detected without ClosePath    at SvgPathParser.ParseMove
material-design,battery-minus-outline.svg,292,141,301,245,0,0,0,0,0,fail,svg2tvgt,Error Context: 'M13.54 22H7.33C6.6 22 6 21.4 6 20.67V5.33C6 4.6 6.6 4 7.33 4H9V2h6v2h1.67C17.4 4 18 4.6 18 5.33V12c-.7 0-1.37.13-2 .35V6H8v14h4.35c.26.75.65 1.42 1.19 2M22 17̲v2h-8v-2z' Unhandled exce
material-design,beaker-question.svg,550,332,571,434,1952,315,260,239,223,ok,,
material-design,bed-king-outline.svg,268,163,272,228,0,0,0,0,0,fail,svg2tvgt,Error Context: 'M20 10V7a2 2 0 0 0-2-2H6a2 2 0 0 0-2 2v3a2 2 0 0 0-2 2v5h1.33L4 19h1l.67-2h12.66l.67 2h1l.67-2H22v-5a2 2 0 0 0-2-2m-7-3̲h5v3h-5M6 7h5v3H6m14 5H4v-3h16Z' Unhandled exception: System.Inv
material-design,bed-king.svg,355,202,351,293,0,0,0,0,0,fail,svg2tvgt,Error Context: 'M6 5c-.53 0-1 .21-1.41.6S4 6.45 4 7v3c-.55 0-1 .19-1.4.59S2 11.47 2 12v5h1.33L4 19h1l.67-2h12.66l.67 2h1l.67-2H22v-5c0-.53-.21-1-.6-1.41-.4-.4-.85-.59-1.4-.59V7c0-.55-.19-1-.59-1.4S18.
material-design,bell-circle-outline.svg,487,268,494,422,0,0,0,0,0,fail,svg2tvgt,Error Context: 'M17 16H7v-1l1-1v-2.61c0-1.09.27-2.05.79-2.86C9.3 7.72 10.04 7.21 11 7v-.5a1 1 0 0 1 1-1 1 1 0 0 1 1 1V7c.96.21 1.7.72 2.21 1.53.52.81.79 1.77.79 2.86V14l1 1zm-3.5 1a1.5 1.5 0 0 1-1.5 1
material-design,bell-outline.svg,299,180,299,234,0,0,0,0,0,fail,svg2tvgt,Error Context: 'M10 21h4c0 1.1-.9 2-2 2s-2-.9-2-2m11-2̲v1H3v-1l2-2v-6c0-3.1 2-5.8 5-6.7V4c0-1.1…' Unhandled exception: System.InvalidOperationException: New MoveTo detected without ClosePath    at Svg
material-design,bell-plus-outline.svg,410,224,533,342,0,0,0,0,0,fail,svg2tvgt,Error Context: 'M12 2c-1.1 0-2 .9-2 2v.29C7.12 5.14 5 7.82 5 11v6l-2 2v1h9.35a5.9 5.9 0 0 1-.35-2H7v-7c0-2.76 2.24-5 5-5s5 2.24 5 5v1.09a5.6 5.6 0 0 1 2 0V11c0-3.18-2.12-5.86-5-6.71V4a2 2 0 0 0-2-2m5
material-design,bell-sleep.svg,307,175,341,259,0,0,0,0,0,fail,svg2tvgt,Error Context: 'M10 21h4a2 2 0 0 1-2 2 2 2 0 0 1-2-2m11-2̲v1H3v-1l2-2v-6c0-3.1 2.03-5.83 5-6.71V4a…' Unhandled exception: System.InvalidOperationException: New MoveTo detected without ClosePath    at
material-design,bicycle.svg,815,397,816,671,0,0,0,0,0,fail,svg2tvgt,Error Context: 'M19 10c-.56 0-1.09.11-1.59.28L14.46 4.5H11V6h2.54l.88 1.72L12 13.13l-1.77-4.18c.27-.1.51-.37.51-.7 0-.41-.33-.75-.74-.75H8c-.42 0-.76.34-.76.75S7.58 9 8 9h.61l2.25 5.25h-.94C9.56 11.85
material-design,billiards-rack.svg,927,381,990,687,0,0,0,0,0,fail,svg2tvgt,Error Context: 'm20.31 16.44-5.77-9.97a2.98 2.98 0 0 0-4.08-1.09c-.46.26-.83.62-1.1 1.09L3.6 16.44a2.953 2.953 0 0 0 1.09 4.06c.45.28.96.42 1.49.42h11.55a2.99 2.99 0 0 0 2.98-3c0-.52-.14-1.03-.4-1.48m
material-design,binoculars.svg,289,191,287,239,0,0,0,0,0,fail,svg2tvgt,Error Context: 'M11 6h2v7h-2zM9 20a1 1 0 0 1-1 1H5a1 1 0 0 1-1-1v-5l2-9h4v7a1 1 0 0 1-1 1zm1-15H7V3h3zm5 15v-6a1 1 0 0 1-1-1V6h4l2 9v5a1 1 0 0 1-1 1h-3a1 1 0 0 1-1-1M14 5̲V3h3v2z' Unhandled exception:
material-design,black-mesa.svg,282,139,283,243,0,0,0,0,0,fail,svg2tvgt,Error Context: 'M12 2a10 10 0 0 1 10 10 10 10 0 0 1-10 10A10 10 0 0 1 2 12 10 10 0 0 1 12 2m0 2̲a8 8 0 0 0-8 8 8 8 0 0 0 2.71 6H9v-6h8l2…' Unhandled exception: System.InvalidOperationException: New Mo
material-design,blender.svg,422,238,417,334,0,0,0,0,0,fail,svg2tvgt,Error Context: 'M16.13 15.13 18 3h-4V2h-4v1H5c-1.1 0-2 .9-2 2v4c0 1.1.9 2 2 2h2.23l.64 4.13C6.74 16.05 6 17.43 6 19v1c0 1.1.9 2 2 2h8c1.1 0 2-.9 2-2v-1c0-1.57-.74-2.95-1.87-3.87M5 9̲V5h1.31l.62 4zm7 1
material-design,block-helper.svg,348,165,346,301,0,0,0,0,0,fail,svg2tvgt,Error Context: 'M12 0a12 12 0 0 1 12 12 12 12 0 0 1-12 12A12 12 0 0 1 0 12 12 12 0 0 1 12 0m0 2̲A10 10 0 0 0 2 12c0 2.4.85 4.6 2.26 6.33…' Unhandled exception: System.InvalidOperationException: New Mo
material-design,bluetooth.svg,266,113,263,226,0,0,0,0,0,fail,svg2tvgt,Error Context: 'M14.88 16.29 13 18.17v-3.76m0-8.58̲ 1.88 1.88L13 9.58m4.71-1.87L12 2h-1v7.5…' Unhandled exception: System.InvalidOperationException: New MoveTo detected without ClosePath    at SvgPath
material-design,blur-linear.svg,1036,682,1074,938,0,0,0,0,0,fail,svg2tvgt,Error Context: 'M13 17a1 1 0 0 0 1-1 1 1 0 0 0-1-1 1 1 0 0 0-1 1 1 1 0 0 0 1 1m0-4̲a1 1 0 0 0 1-1 1 1 0 0 0-1-1 1 1 0 0 0-1…' Unhandled exception: System.InvalidOperationException: New MoveTo detected
material-design,book-alert.svg,240,138,248,196,0,0,0,0,0,fail,svg2tvgt,Error Context: 'M18 4v16c0 1.11-.89 2-2 2H4a2 2 0 0 1-2-2V4c0-1.1.9-2 2-2h1v7l2.5-1.5L10 9V2h6a2 2 0 0 1 2 2m2 13̲h2v-2h-2zm0-10v6h2V7z' Unhandled exception: System.InvalidOperationException: New Move
material-design,book-arrow-left-outline.svg,333,172,352,259,963,167,145,143,26,ok,,
material-design,book-cog-outline.svg,1034,504,1046,684,2958,497,379,364,323,ok,,
material-design,book-cog.svg,1009,492,1013,675,0,0,0,0,0,fail,svg2tvgt,Error Context: 'M12 19c0 1.08.25 2.09.68 3H6c-1.11 0-2-.89-2-2V4a2 2 0 0 1 2-2h1v7l2.5-1.5L12 9V2h6a2 2 0 0 1 2 2v8.08c-.33-.05-.66-.08-1-.08-3.87 0-7 3.13-7 7m11.8 1.4̲c.1 0 .1.1 0 .2l-1 1.7c-.1.1-.2
material-design,book-marker.svg,466,244,473,385,0,0,0,0,0,fail,svg2tvgt,Error Context: 'M13 15.5c0 2.28 1.7 4.91 2.91 6.5H6c-1.11 0-2-.89-2-2V4a2 2 0 0 1 2-2h1v7l2.5-1.5L12 9V2h6a2 2 0 0 1 2 2v6.22c-.5-.14-1-.22-1.5-.22-3 0-5.5 2.5-5.5 5.5m9 0̲c0 2.6-3.5 6.5-3.5 6.5S15 18
material-design,book-minus.svg,287,147,293,231,0,0,0,0,0,fail,svg2tvgt,Error Context: 'M13 19c0 1.1.3 2.12.81 3H6c-1.11 0-2-.89-2-2V4a2 2 0 0 1 2-2h1v7l2.5-1.5L12 9V2h6a2 2 0 0 1 2 2v9.09c-.33-.05-.66-.09-1-.09-3.31 0-6 2.69-6 6m2-1̲v2h8v-2z' Unhandled exception: System.
material-design,book-open-page-variant.svg,530,225,540,401,1108,222,196,184,188,ok,,
material-design,book-open-variant.svg,1111,472,1069,815,0,0,0,0,0,fail,svg2tvgt,Error Context: 'M12 21.5c-1.35-.85-3.8-1.5-5.5-1.5-1.65 0-3.35.3-4.75 1.05-.1.05-.15.05-.25.05-.25 0-.5-.25-.5-.5V6c.6-.45 1.25-.75 2-1 1.11-.35 2.33-.5 3.5-.5 1.95 0 4.05.4 5.5 1.5 1.45-1.1 3.55-1.5
material-design,book-remove.svg,413,195,420,338,0,0,0,0,0,fail,svg2tvgt,Error Context: 'M13 19c0 1.1.3 2.12.81 3H6c-1.11 0-2-.89-2-2V4a2 2 0 0 1 2-2h1v7l2.5-1.5L12 9V2h6a2 2 0 0 1 2 2v9.09c-.33-.05-.66-.09-1-.09-3.31 0-6 2.69-6 6m9.54-2.12̲-1.42-1.41L19 17.59l-2.12-2.12-1
material-design,bookmark-remove-outline.svg,315,156,331,267,897,147,137,134,116,ok,,
material-design,bookmark.svg,155,66,156,126,363,65,68,55,49,ok,,
material-design,boom-gate-up.svg,473,257,473,371,0,0,0,0,0,fail,svg2tvgt,Error Context: 'M19.9 3c-.6-1-1.8-1.3-2.7-.7L6.9 8.2C6.6 8.1 6.3 8 6 8c-1.7 0-3 1.3-3 3v9c-.6 0-1 .4-1 1v1h8v-1c0-.6-.4-1-1-1v-8.4l10.1-5.8c1-.6 1.3-1.8.8-2.8M6 12.5̲c-.8 0-1.5-.7-1.5-1.5S5.2 9.5 6 9.
material-design,border-bottom.svg,324,259,325,272,0,0,0,0,0,fail,svg2tvgt,Error Context: 'M5 15H3v2h2m-2 4̲h18v-2H3m2-8H3v2h2m14-4h2V7h-2m0-2h2V3h-…' Unhandled exception: System.InvalidOperationException: New MoveTo detected without ClosePath    at SvgPathParser.ParseMoveTo
material-design,border-vertical.svg,322,259,325,278,0,0,0,0,0,fail,svg2tvgt,Error Context: 'M15 13h2v-2h-2m0 10̲h2v-2h-2m0-14h2V3h-2m4 6h2V7h-2m0-2h2V3h…' Unhandled exception: System.InvalidOperationException: New MoveTo detected without ClosePath    at SvgPathParser.ParseMov
material-design,bottle-wine-outline.svg,602,280,624,467,0,0,0,0,0,fail,svg2tvgt,Error Context: 'M11.5 2c-.28 0-.5.22-.5.5V7c-.07 0-.15 0-.22.03-.96.24-1.57.97-2.02 1.86C8.3 9.76 8 10.84 8 12c.05 3 0 6.03 0 9 0 .55.45 1 1 1h6c.55 0 1-.45 1-1 .04-3 0-6 0-9 0-1.16-.26-2.24-.72-3.12-
material-design,bowl.svg,160,61,152,126,332,58,66,62,55,ok,,
material-design,bowling.svg,468,234,463,413,0,0,0,0,0,fail,svg2tvgt,Error Context: 'M12 2a10 10 0 0 1 10 10 10 10 0 0 1-10 10A10 10 0 0 1 2 12 10 10 0 0 1 12 2m.5 9̲a1.5 1.5 0 0 0-1.5 1.5 1.5 1.5 0 0 0 1.5…' Unhandled exception: System.InvalidOperationException: New M
material-design,box-cutter.svg,436,162,434,315,914,153,159,154,26,ok,,
material-design,briefcase-eye.svg,583,349,584,466,0,0,0,0,0,fail,svg2tvgt,Error Context: 'M17 18c.6 0 1 .4 1 1s-.4 1-1 1-1-.4-1-1 .4-1 1-1m-7.9 1.7̲-.3-.7.3-.7c1.3-3.2 4.4-5.3 7.9-5.3 1.9 …' Unhandled exception: System.InvalidOperationException: New MoveTo detected without
material-design,briefcase-minus.svg,311,180,324,258,0,0,0,0,0,fail,svg2tvgt,Error Context: 'M22 17v2h-8v-2zM10 2h4a2 2 0 0 1 2 2v2h4a2 2 0 0 1 2 2v5.53A5.97 5.97 0 0 0 18 12a6 6 0 0 0-6 6c0 1.09.29 2.12.8 3H4a2 2 0 0 1-2-2V8c0-1.11.89-2 2-2h4V4c0-1.11.89-2 2-2m4 4̲V4h-4v2z' U
material-design,briefcase-off-outline.svg,490,259,499,406,1376,248,210,209,179,ok,,
material-design,briefcase-off.svg,299,161,315,243,910,152,130,122,94,ok,,
material-design,briefcase-remove-outline.svg,431,226,447,354,0,0,0,0,0,fail,svg2tvgt,Error Context: 'M10 2h4a2 2 0 0 1 2 2v2h4a2 2 0 0 1 2 2v5.53a5.7 5.7 0 0 0-2-1.19V8H4v11h8.08c.12.72.37 1.39.72 2H4a2 2 0 0 1-2-2V8a2 2 0 0 1 2-2h4V4a2 2 0 0 1 2-2m4 4̲V4h-4v2zm.46 9.88 1.42-1.42L18 1
material-design,briefcase-search-outline.svg,545,302,574,474,0,0,0,0,0,fail,svg2tvgt,Error Context: 'M10 2h4a2 2 0 0 1 2 2v2h4a2 2 0 0 1 2 2v5.03c-.5-.8-1.2-1.49-2-2.03V8H4v11h6.5c.31.75.76 1.42 1.31 2H4a2 2 0 0 1-2-2V8c0-1.11.89-2 2-2h4V4c0-1.11.89-2 2-2m4 4̲V4h-4v2zm6.31 12.9 3.08 3
material-design,briefcase-variant-off-outline.svg,459,266,500,375,1603,253,211,200,85,ok,,
material-design,briefcase-variant.svg,315,193,322,252,0,0,0,0,0,fail,svg2tvgt,Error Context: 'M10 16v-1H3v4c0 1.11.89 2 2 2h14c1.11 0 2-.89 2-2v-4h-7v1zm10-9h-4V5l-2-2h-4L8 5v2H4c-1.1 0-2 .9-2 2v3c0 1.11.89 2 2 2h6v-2h4v2h6c1.1 0 2-.9 2-2V9c0-1.1-.9-2-2-2m-6 0̲h-4V5h4z' Unhandl
material-design,briefcase.svg,239,138,241,200,0,0,0,0,0,fail,svg2tvgt,Error Context: 'M10 2h4a2 2 0 0 1 2 2v2h4a2 2 0 0 1 2 2v11a2 2 0 0 1-2 2H4a2 2 0 0 1-2-2V8c0-1.11.89-2 2-2h4V4c0-1.11.89-2 2-2m4 4̲V4h-4v2z' Unhandled exception: System.InvalidOperationException: New
material-design,bunk-bed.svg,381,208,377,346,0,0,0,0,0,fail,svg2tvgt,Error Context: 'M1 2v21h2v-2h18v2h2V7c0-2.21-1.79-4-4-4h-9v5H3V2m3.5 0̲A2.5 2.5 0 0 0 4 4.5 2.5 2.5 0 0 0 6.5 7…' Unhandled exception: System.InvalidOperationException: New MoveTo detected without Clo
material-design,bus-electric.svg,480,309,518,391,0,0,0,0,0,fail,svg2tvgt,Error Context: 'M18 8H6V4h12m-1.5 10̲c-.8 0-1.5-.7-1.5-1.5s.7-1.5 1.5-1.5 1.5…' Unhandled exception: System.InvalidOperationException: New MoveTo detected without ClosePath    at SvgPathParser.ParseMo
material-design,bus-side.svg,501,291,497,433,0,0,0,0,0,fail,svg2tvgt,Error Context: 'M3 6c-1.11 0-2 .89-2 2v7h2a3 3 0 0 0 3 3 3 3 0 0 0 3-3h6a3 3 0 0 0 3 3 3 3 0 0 0 3-3h2V8c0-1.11-.89-2-2-2zm-.5 1.5h4V10h-4zm5.5 0h4V10H8zm5.5 0h4V10h-4zm5.5 0h2.5V13L19 11zm-13 6A1.5 1
material-design,bus-stop-uncovered.svg,354,203,360,314,0,0,0,0,0,fail,svg2tvgt,Error Context: 'M6 22v-3H4v3H2v-8a1 1 0 0 1 1-1 1 1 0 0 1 1 1v3h3a1 1 0 0 1 1 1v4m12-11̲v11h-1V11a2.5 2.5 0 1 1 1 0m-5 .55V16h-1…' Unhandled exception: System.InvalidOperationException: New MoveTo det
material-design,bus-stop.svg,613,349,617,490,0,0,0,0,0,fail,svg2tvgt,Error Context: 'M22 7v9c0 .71-.38 1.36-1 1.72v1.53c0 .41-.34.75-.75.75h-.5c-.41 0-.75-.34-.75-.75V18h-7v1.25c0 .41-.34.75-.75.75h-.5c-.41 0-.75-.34-.75-.75v-1.53c-.61-.36-1-1.01-1-1.72V7c0-3 3-3 6.5-3
material-design,cabin-a-frame.svg,218,103,219,172,675,90,93,89,77,ok,,
material-design,cake-layered.svg,326,183,340,279,0,0,0,0,0,fail,svg2tvgt,Error Context: 'M21 21v-4a2 2 0 0 0-2-2h-1v-3a2 2 0 0 0-2-2h-3V8h-2v2H8c-1.11 0-2 .89-2 2v3H5c-1.11 0-2 .89-2 2v4H1v2h22v-2M12 7̲a2 2 0 0 0 2-2c0-.38-.1-.73-.29-1.03L12 …' Unhandled exception: System.
material-design,cake-variant.svg,625,313,691,536,0,0,0,0,0,fail,svg2tvgt,Error Context: 'M12 6a2 2 0 0 0 2-2c0-.38-.1-.73-.29-1.03L12 0l-1.71 2.97c-.19.3-.29.65-.29 1.03a2 2 0 0 0 2 2m4.6 10̲-1.07-1.08L14.45 16c-1.3 1.29-3.58 1.3-4…' Unhandled exception: System.InvalidOper
material-design,calculator-variant.svg,418,244,424,338,0,0,0,0,0,fail,svg2tvgt,Error Context: 'M19 3H5c-1.1 0-2 .9-2 2v14c0 1.1.9 2 2 2h14c1.1 0 2-.9 2-2V5c0-1.1-.9-2-2-2m-6 4.1̲L14.1 6l1.4 1.4L16.9 6 18 7.1l-1.4 1.4L1…' Unhandled exception: System.InvalidOperationException: New
material-design,calendar-alert.svg,254,160,266,208,979,151,118,114,74,ok,,
material-design,calendar-end.svg,258,160,270,213,1005,155,126,124,96,ok,,
material-design,calendar-lock-outline.svg,480,278,493,390,0,0,0,0,0,fail,svg2tvgt,Error Context: 'M19 3h-1V1h-2v2H8V1H6v2H5c-1.1 0-2 .9-2 2v14c0 1.1.9 2 2 2h7v-2H5V9h14v2c.7.2 1.4.5 2 .9V5c0-1.1-.9-2-2-2m0 4̲H5V5h14zm1.8 10v-1.5c0-1.4-1.4-2.5-2.8-2…' Unhandled exception: System.Inv
material-design,calendar-lock.svg,466,261,474,378,0,0,0,0,0,fail,svg2tvgt,Error Context: 'M12 21H5c-1.1 0-2-.9-2-2V5c0-1.1.9-2 2-2h1V1h2v2h8V1h2v2h1c1.1 0 2 .9 2 2v7c-.6-.4-1.3-.8-2-.9V8H5v11h7zm10-2.7v3.5c0 .6-.6 1.2-1.3 1.2h-5.5c-.6 0-1.2-.6-1.2-1.3v-3.5c0-.6.6-1.2 1.2-1.
material-design,calendar-multiple-check.svg,327,194,348,268,1171,183,142,144,26,ok,,
material-design,calendar-range.svg,262,175,267,215,0,0,0,0,0,fail,svg2tvgt,Error Context: 'M9 10H7v2h2zm4 0h-2v2h2zm4 0h-2v2h2zm2-7h-1V1h-2v2H8V1H6v2H5a2 2 0 0 0-2 2v14a2 2 0 0 0 2 2h14a2 2 0 0 0 2-2V5a2 2 0 0 0-2-2m0 16̲H5V8h14z' Unhandled exception: System.InvalidOperation
material-design,calendar-refresh-outline.svg,500,278,512,387,0,0,0,0,0,fail,svg2tvgt,Error Context: 'M19 3h-1V1h-2v2H8V1H6v2H5c-1.1 0-2 .9-2 2v14c0 1.1.9 2 2 2h9c-.6-.5-1.1-1.2-1.5-2H5V9h14v1.6c.7.1 1.4.3 2 .7V5c0-1.1-.9-2-2-2m0 4̲H5V5h14m-1 7.5c1.1 0 2.1.4 2.8 1.2l1.2-1…' Unhandled e
material-design,calendar-search.svg,506,272,520,440,0,0,0,0,0,fail,svg2tvgt,Error Context: 'M15.5 12c2.5 0 4.5 2 4.5 4.5 0 .88-.25 1.71-.69 2.4l3.08 3.1L21 23.39l-3.12-3.07c-.69.43-1.51.68-2.38.68-2.5 0-4.5-2-4.5-4.5s2-4.5 4.5-4.5m0 2̲a2.5 2.5 0 0 0-2.5 2.5 2.5 2.5 0 0 0 2.5…
material-design,calendar-star.svg,306,169,327,268,0,0,0,0,0,fail,svg2tvgt,Error Context: 'M19 19H5V8h14m-3-7̲v2H8V1H6v2H5c-1.1 0-2 .9-2 2v14a2 2 0 0 …' Unhandled exception: System.InvalidOperationException: New MoveTo detected without ClosePath    at SvgPathParser.ParseMove
material-design,calendar-sync.svg,466,236,473,387,1344,227,191,197,161,ok,,
material-design,calendar-today.svg,221,135,226,189,0,0,0,0,0,fail,svg2tvgt,Error Context: 'M7 10h5v5H7m12 4̲H5V8h14m0-5h-1V1h-2v2H8V1H6v2H5a2 2 0 0 …' Unhandled exception: System.InvalidOperationException: New MoveTo detected without ClosePath    at SvgPathParser.ParseMoveTo
material-design,calendar-week.svg,236,143,247,192,859,136,110,107,80,ok,,
material-design,call-missed.svg,160,60,159,127,396,60,73,65,57,ok,,
material-design,camera-enhance-outline.svg,473,293,483,403,0,0,0,0,0,fail,svg2tvgt,Error Context: 'm12 10-.94 2.06L9 13l2.06.94L12 16l.94-2.06L15 13l-2.06-.94zm8-5h-3.17L15 3H9L7.17 5H4a2 2 0 0 0-2 2v12a2 2 0 0 0 2 2h16a2 2 0 0 0 2-2V7a2 2 0 0 0-2-2m0 14̲H4V7h4.05l.59-.65L9.88 5h4.2
material-design,camera-flip-outline.svg,535,288,562,449,0,0,0,0,0,fail,svg2tvgt,Error Context: 'M20 5h-3.17L15 3H9L7.17 5H4c-1.1 0-2 .9-2 2v12a2 2 0 0 0 2 2h16c1.11 0 2-.89 2-2V7a2 2 0 0 0-2-2m0 14̲H4V7h4.05l1.83-2h4.24L16 7h4zM5 12h2.1A4…' Unhandled exception: System.InvalidOper
material-design,camera-rear.svg,294,181,298,246,0,0,0,0,0,fail,svg2tvgt,Error Context: 'M12 6a2 2 0 0 1-2-2 2 2 0 0 1 2-2c1.09 0 2 .9 2 2a2 2 0 0 1-2 2m5-6̲H7a2 2 0 0 0-2 2v14a2 2 0 0 0 2 2h10a2 2…' Unhandled exception: System.InvalidOperationException: New MoveTo detecte
material-design,camera-wireless-outline.svg,461,284,476,402,0,0,0,0,0,fail,svg2tvgt,Error Context: 'M20 9v11H4V8h4.05l1.83-2H15V4H9L7.17 6H4a2 2 0 0 0-2 2v12a2 2 0 0 0 2 2h16a2 2 0 0 0 2-2V9zm.67-1H22c0-3.32-2.69-6-6-6v1.33c2.58 0 4.66 2.08 4.67 4.67M18 8̲h1.33A3.33 3.33 0 0 0 16 4.6
material-design,campfire.svg,1045,426,1074,774,2253,414,383,359,373,ok,,
material-design,car-arrow-left.svg,450,249,452,368,0,0,0,0,0,fail,svg2tvgt,Error Context: 'M12 18c0-3.31 2.69-6 6-6 1.09 0 2.12.3 3 .81V12l-2.08-6c-.2-.58-.76-1-1.42-1h-11c-.66 0-1.22.42-1.42 1L3 12v8c0 .55.45 1 1 1h1c.55 0 1-.45 1-1v-1h6.09c-.05-.33-.09-.66-.09-1M6.5 6.5̲h1
material-design,car-brake-parking.svg,540,330,596,425,0,0,0,0,0,fail,svg2tvgt,Error Context: 'M12 3c-5 0-9 4-9 9s4 9 9 9 9-4 9-9-4-9-9-9m0 16̲c-3.9 0-7-3.1-7-7s3.1-7 7-7 7 3.1 7 7-3.…' Unhandled exception: System.InvalidOperationException: New MoveTo detected without ClosePath
material-design,car-light-fog.svg,387,241,443,316,0,0,0,0,0,fail,svg2tvgt,Error Context: 'M13 4.8c-4 0-4 14.4 0 14.4s9-2.7 9-7.2-5-7.2-9-7.2m.1 12.4̲C12.7 16.8 12 15 12 12s.7-4.8 1.1-5.2C16…' Unhandled exception: System.InvalidOperationException: New MoveTo detected without
material-design,car-pickup.svg,440,241,438,386,0,0,0,0,0,fail,svg2tvgt,Error Context: 'M16 6h-5.5v4H1v5h2a3 3 0 0 0 3 3 3 3 0 0 0 3-3h6a3 3 0 0 0 3 3 3 3 0 0 0 3-3h2v-3c0-1.11-.89-2-2-2h-2zm-4 1.5h3.5l1.96 2.5H12zm-6 6A1.5 1.5 0 0 1 7.5 15 1.5 1.5 0 0 1 6 16.5 1.5 1.5 0
material-design,car-turbocharger.svg,889,431,905,739,2361,426,355,331,334,ok,,
material-design,car.svg,470,255,461,419,0,0,0,0,0,fail,svg2tvgt,Error Context: 'm5 11 1.5-4.5h11L19 11m-1.5 5̲a1.5 1.5 0 0 1-1.5-1.5 1.5 1.5 0 0 1 1.5…' Unhandled exception: System.InvalidOperationException: New MoveTo detected without ClosePath    at SvgPathParse
material-design,card-account-phone-outline.svg,629,389,670,530,0,0,0,0,0,fail,svg2tvgt,Error Context: 'M22 3H2a2 2 0 0 0-2 2v14a2 2 0 0 0 2 2h20a2 2 0 0 0 2-2V5a2 2 0 0 0-2-2m0 16̲H2V5h20zm-3-1 2-2-1.5-2h-1.65c-.22-.63-.…' Unhandled exception: System.InvalidOperationException: New MoveT
material-design,card-bulleted-off.svg,380,197,385,294,1192,180,172,156,58,ok,,
material-design,card-bulleted-settings.svg,292,202,302,235,0,0,0,0,0,fail,svg2tvgt,Error Context: 'M9 22v2H7v-2zm4 0v2h-2v-2zm4 0v2h-2v-2zm3-2H4a2 2 0 0 1-2-2V6a2 2 0 0 1 2-2h16a2 2 0 0 1 2 2v12a2 2 0 0 1-2 2m-9-7̲H9v2h2zm8 0h-6v2h6zM7 9H5v2h2zm12 0H9v2h…' Unhandled exception: Syste
material-design,card-multiple.svg,407,188,408,337,966,183,164,155,157,ok,,
material-design,card-plus-outline.svg,226,131,239,185,819,126,105,95,80,ok,,
material-design,card-text-outline.svg,222,134,227,187,0,0,0,0,0,fail,svg2tvgt,Error Context: 'M20 20H4a2 2 0 0 1-2-2V6a2 2 0 0 1 2-2h16a2 2 0 0 1 2 2v12a2 2 0 0 1-2 2M4 6̲v12h16V6zm2 3h12v2H6zm0 4h10v2H6z' Unhandled exception: System.InvalidOperationException: New MoveTo detect
material-design,cards-playing-club.svg,432,241,438,322,0,0,0,0,0,fail,svg2tvgt,Error Context: 'M17 2H7c-1.1 0-2 .9-2 2v16c0 1.1.9 2 2 2h10c1.1 0 2-.9 2-2V4c0-1.1-.9-2-2-2m-3 13̲c-.6 0-1.1-.3-1.5-.7l1 2.7h-3l1-2.7c-.4.…' Unhandled exception: System.InvalidOperationException: New
material-design,cards-playing-outline.svg,580,240,611,449,0,0,0,0,0,fail,svg2tvgt,Error Context: 'M11.19 2.25c.78.01 1.52.48 1.81 1.25l5 11.95c.09.26.14.55.13.8a2.02 2.02 0 0 1-1.23 1.8L9.53 21.1c-.26.12-.53.15-.79.15A2 2 0 0 1 6.93 20L1.97 8.05c-.42-1.01.07-2.18 1.09-2.6l7.36-3.05
material-design,cards-spade-outline.svg,349,216,368,272,0,0,0,0,0,fail,svg2tvgt,Error Context: 'M11 17s.3 2-2 5h6c-2.3-3-2-5-2-5s1 1 3 1 4-2 4-4c0-5-5-7-8-12-3 5-8 7-8 12 0 2 2 4 4 4s3-1 3-1m2-3̲h-2s-1 2-3 2c-.9 0-2-1.1-2-2-.2-3 3.9-5.…' Unhandled exception: System.InvalidOperati
material-design,cart-arrow-up.svg,500,289,429,334,0,0,0,0,0,fail,svg2tvgt,Error Context: 'M12 0 8 4h2v4h4V4h2M1 2̲v2h2l3.6 7.6L5.2 14c-.1.3-.2.6-.2 1 0 1.…' Unhandled exception: System.InvalidOperationException: New MoveTo detected without ClosePath    at SvgPathParser.Pars
material-design,cash-fast.svg,563,305,694,465,0,0,0,0,0,fail,svg2tvgt,Error Context: 'M17.12 9.88a2.997 2.997 0 1 0-4.24 4.24 2.997 2.997 0 1 0 4.24-4.24M7 6̲v12h16V6zm14 8c-.53 0-1.04.21-1.41.59-.3…' Unhandled exception: System.InvalidOperationException: New MoveTo det
material-design,cash-refund.svg,313,173,312,270,0,0,0,0,0,fail,svg2tvgt,Error Context: 'M12.3 8.93 9.88 6.5h5.62V10H17V5H9.88l2.42-2.43-1.06-1.07L7 5.75 11.24 10zM12 14a3 3 0 1 0 3 3 3 3 0 0 0-3-3m-9-3̲v12h18V11m-2 8a2 2 0 0 0-2 2H7a2 2 0 0 0…' Unhandled exception: System
material-design,cast.svg,295,184,292,254,0,0,0,0,0,fail,svg2tvgt,Error Context: 'M1 10v2a9 9 0 0 1 9 9h2c0-6.08-4.93-11-11-11m0 4̲v2a5 5 0 0 1 5 5h2a7 7 0 0 0-7-7m0 4v3h3…' Unhandled exception: System.InvalidOperationException: New MoveTo detected without ClosePath
material-design,ceiling-light-outline.svg,194,92,225,152,577,87,86,75,69,ok,,
material-design,cellphone-charging.svg,220,120,231,187,0,0,0,0,0,fail,svg2tvgt,Error Context: 'M11 18.5V13H9l4-7.5V11h2m2 8̲H7V5h10m0-4H7c-1.11 0-2 .89-2 2v18a2 2 0…' Unhandled exception: System.InvalidOperationException: New MoveTo detected without ClosePath    at SvgPathParser
material-design,cellphone-play.svg,223,118,230,178,0,0,0,0,0,fail,svg2tvgt,Error Context: 'M17 19H7V5h10m0-4̲H7c-1.11 0-2 .89-2 2v18c0 1.1.9 2 2 2h10…' Unhandled exception: System.InvalidOperationException: New MoveTo detected without ClosePath    at SvgPathParser.ParseMoveT
material-design,cellphone-text.svg,226,135,233,185,796,126,101,97,76,ok,,
material-design,certificate-outline.svg,315,222,322,264,0,0,0,0,0,fail,svg2tvgt,Error Context: 'm13 21 2-1 2 1v-7h-4m4-5̲V7l-2 1-2-1v2l-2 1 2 1v2l2-1 2 1v-2l2-1m…' Unhandled exception: System.InvalidOperationException: New MoveTo detected without ClosePath    at SvgPathParser.Par
material-design,chart-bell-curve.svg,329,151,340,287,761,150,142,149,132,ok,,
material-design,chart-box.svg,243,138,240,191,0,0,0,0,0,fail,svg2tvgt,Error Context: 'M19 3H5c-1.1 0-2 .9-2 2v14c0 1.1.9 2 2 2h14c1.1 0 2-.9 2-2V5c0-1.1-.9-2-2-2M9 17̲H7v-7h2zm4 0h-2V7h2zm4 0h-2v-4h2z' Unhandled exception: System.InvalidOperationException: New MoveTo de
material-design,chart-bubble.svg,410,183,410,322,0,0,0,0,0,fail,svg2tvgt,Error Context: 'M7.2 11.2c1.77 0 3.2 1.43 3.2 3.2s-1.43 3.2-3.2 3.2S4 16.17 4 14.4s1.43-3.2 3.2-3.2m7.6 4.8̲a2 2 0 0 1 2 2 2 2 0 0 1-2 2 2 2 0 0 1-2…' Unhandled exception: System.InvalidOperationExcep
material-design,chart-donut.svg,394,171,395,341,0,0,0,0,0,fail,svg2tvgt,Error Context: 'M13 2.05v3.03c3.39.49 6 3.39 6 6.92 0 .9-.18 1.75-.5 2.54l2.62 1.53c.56-1.24.88-2.62.88-4.07 0-5.18-3.95-9.45-9-9.95M12 19̲a7 7 0 0 1-7-7c0-3.53 2.61-6.43 6-6.92V2…' Unhandled exceptio
material-design,chart-scatter-plot-hexbin.svg,278,134,291,215,852,119,113,104,94,ok,,
material-design,chart-timeline.svg,177,104,179,141,732,95,87,81,69,ok,,
material-design,chat-sleep-outline.svg,383,209,393,327,0,0,0,0,0,fail,svg2tvgt,Error Context: 'M12 3C6.5 3 2 6.58 2 11a7.22 7.22 0 0 0 2.75 5.5c0 .6-.42 2.17-2.75 4.5 2.37-.11 4.64-1 6.47-2.5 1.14.33 2.34.5 3.53.5 5.5 0 10-3.58 10-8s-4.5-8-10-8m0 14̲c-4.42 0-8-2.69-8-6s3.58-6 8-
material-design,check-network.svg,346,202,347,291,1113,195,133,126,105,ok,,
material-design,check-outline.svg,238,88,239,193,534,79,92,84,77,ok,,
material-design,checkbox-blank.svg,181,84,188,153,443,83,72,63,52,ok,,
material-design,checkbox-marked-circle.svg,224,101,234,197,0,0,0,0,0,fail,svg2tvgt,Error Context: 'm10 17-5-5 1.41-1.42L10 14.17l7.59-7.59L19 8m-7-6̲A10 10 0 0 0 2 12a10 10 0 0 0 10 10 10 1…' Unhandled exception: System.InvalidOperationException: New MoveTo detected without ClosePat
material-design,chess-bishop.svg,367,169,382,302,840,162,157,152,132,ok,,
material-design,chevron-down.svg,159,53,159,123,306,48,61,53,49,ok,,
material-design,chevron-left-box-outline.svg,269,136,286,214,0,0,0,0,0,fail,svg2tvgt,Error Context: 'M19 3H5a2 2 0 0 0-2 2v14a2 2 0 0 0 2 2h14c1.11 0 2-.89 2-2V5a2 2 0 0 0-2-2m0 16̲H5V5h14zM15.71 7.41 11.12 12l4.59 4.59L1…' Unhandled exception: System.InvalidOperationException: New Mo
material-design,chili-alert.svg,397,202,396,334,0,0,0,0,0,fail,svg2tvgt,Error Context: 'm9.25 7.5-1.52-.87C8.26 5.7 9.03 5 9.94 4.69 9.8 4.29 9.44 4 9 4V2c1.54 0 2.79 1.16 2.97 2.65.94.29 1.75 1.01 2.3 1.98l-1.52.87-1.75-1zm4.75.78L12.75 9 11 8 9.25 9 8 8.28c-.6.35-1 .99-
material-design,circle-edit-outline.svg,386,190,399,322,0,0,0,0,0,fail,svg2tvgt,Error Context: 'M12 2A10 10 0 0 0 2 12a10 10 0 0 0 10 10 10 10 0 0 0 10-10h-2a8 8 0 0 1-8 8 8 8 0 0 1-8-8 8 8 0 0 1 8-8zm6.78 1a.7.7 0 0 0-.48.2l-1.22 1.21 2.5 2.5L20.8 5.7c.26-.26.26-.7 0-.95L19.25 3
material-design,circle-expand.svg,412,177,420,320,0,0,0,0,0,fail,svg2tvgt,Error Context: 'm16 4 4 4V4m0 12̲-4 4h4M8 20l-4-4v4M4 8l4-4H4m12.95 3.05a…' Unhandled exception: System.InvalidOperationException: New MoveTo detected without ClosePath    at SvgPathParser.ParseMoveTo
material-design,circle-off-outline.svg,508,227,520,439,0,0,0,0,0,fail,svg2tvgt,Error Context: 'M22.11 21.46 2.39 1.73 1.11 3l2.95 2.95A9.95 9.95 0 0 0 2 12c0 5.5 4.5 10 10 10 2.28 0 4.37-.77 6.05-2.06l2.79 2.79zM12 20c-4.42 0-8-3.58-8-8 0-1.73.56-3.32 1.5-4.62L16.62 18.5A7.78 7.
material-design,circle-slice-8.svg,297,189,369,251,0,0,0,0,0,fail,svg2tvgt,Error Context: 'M12 5c3.87 0 7 3.13 7 7s-3.13 7-7 7-7-3.13-7-7 3.13-7 7-7m0-3̲c5.5 0 10 4.5 10 10s-4.5 10-10 10S2 17.5…' Unhandled exception: System.InvalidOperationException: New MoveTo detected with
material-design,clipboard-arrow-right-outline.svg,362,224,379,295,0,0,0,0,0,fail,svg2tvgt,Error Context: 'M19 3a2 2 0 0 1 2 2v14a2 2 0 0 1-2 2H5a2 2 0 0 1-2-2V5a2 2 0 0 1 2-2h4.18C9.6 1.84 10.7 1 12 1s2.4.84 2.82 2zm-7 0a1 1 0 0 0-1 1 1 1 0 0 0 1 1 1 1 0 0 0 1-1 1 1 0 0 0-1-1M7 7̲V5H5v14h1
material-design,clipboard-edit.svg,510,258,536,376,0,0,0,0,0,fail,svg2tvgt,Error Context: 'M21.04 12.13c.14 0 .27.06.38.17l1.28 1.28c.22.21.22.56 0 .77l-1 1-2.05-2.05 1-1c.11-.11.25-.17.39-.17m-1.97 1.75̲ 2.05 2.05L15.06 22H13v-2.06zM19 3c1.1 0…' Unhandled exception: System.
material-design,clipboard-play-multiple.svg,351,218,383,275,0,0,0,0,0,fail,svg2tvgt,Error Context: 'M4 21h14v2H4c-1.1 0-2-.9-2-2V7h2m18-2̲v12c0 1.1-.9 2-2 2H8c-1.1 0-2-.9-2-2V5c0…' Unhandled exception: System.InvalidOperationException: New MoveTo detected without ClosePath    at SvgP
material-design,clipboard-play-outline.svg,344,212,356,299,0,0,0,0,0,fail,svg2tvgt,Error Context: 'M19 3h-4.18C14.25 1.44 12.53.64 11 1.2c-.86.3-1.5.96-1.82 1.8H5a2 2 0 0 0-2 2v14a2 2 0 0 0 2 2h14a2 2 0 0 0 2-2V5a2 2 0 0 0-2-2m-7 0̲a1 1 0 0 1 1 1 1 1 0 0 1-1 1 1 1 0 0 1-1…' Unhandle
material-design,clipboard-play.svg,321,183,325,279,0,0,0,0,0,fail,svg2tvgt,Error Context: 'M19 3h-4.18C14.25 1.44 12.53.64 11 1.2c-.86.3-1.5.96-1.82 1.8H5a2 2 0 0 0-2 2v14a2 2 0 0 0 2 2h14a2 2 0 0 0 2-2V5a2 2 0 0 0-2-2m-7 0̲a1 1 0 0 1 1 1 1 1 0 0 1-1 1 1 1 0 0 1-1…' Unhandle
material-design,clipboard-text-off.svg,414,249,472,336,1387,238,204,209,159,ok,,
material-design,clipboard-text-search-outline.svg,743,411,812,595,0,0,0,0,0,fail,svg2tvgt,Error Context: 'M17 9h-.5zM7 15h3c.08-.68.23-1.36.5-2H7zm4.9-4.1A6.53 6.53 0 0 1 16.5 9H7v2h4.82c.03-.03.05-.06.08-.1m0 9.2̲c.36.35.75.64 1.16.9H5a2 2 0 0 1-2-2V5c0…' Unhandled exception: System.Inval
material-design,clipboard-text-search.svg,695,382,750,574,0,0,0,0,0,fail,svg2tvgt,Error Context: 'M10.18 17H7v-2h3c.08-.68.23-1.36.5-2H7v-2h4.82c.03-.03.05-.06.08-.1A6.53 6.53 0 0 1 16.5 9H7V7h10v2h-.5c1.62 0 3.24.61 4.5 1.82V5a2 2 0 0 0-2-2h-4.18C14.4 1.84 13.3 1 12 1s-2.4.84-2.82
material-design,clock-edit.svg,463,210,461,332,0,0,0,0,0,fail,svg2tvgt,Error Context: 'M21 13.1c-.1 0-.3.1-.4.2l-1 1 2.1 2.1 1-1c.2-.2.2-.6 0-.8l-1.3-1.3c-.1-.1-.2-.2-.4-.2m-1.9 1.8̲-6.1 6V23h2.1l6.1-6.1zm-8.1 7c-5.1-.5-9-…' Unhandled exception: System.InvalidOperationEx
material-design,clock-fast.svg,473,294,471,411,0,0,0,0,0,fail,svg2tvgt,Error Context: 'M15 4a8 8 0 0 1 8 8 8 8 0 0 1-8 8 8 8 0 0 1-8-8 8 8 0 0 1 8-8m0 2̲a6 6 0 0 0-6 6 6 6 0 0 0 6 6 6 6 0 0 0 6…' Unhandled exception: System.InvalidOperationException: New MoveTo detected
material-design,clock-in.svg,395,184,395,341,0,0,0,0,0,fail,svg2tvgt,Error Context: 'M2.21.79.79 2.21l4.01 4L3 8h5V3L6.21 4.8M12 8̲c-3.86 0-7 3.13-7 7a7 7 0 0 0 7 7c3.86 0…' Unhandled exception: System.InvalidOperationException: New MoveTo detected without ClosePath
material-design,clock-minus.svg,371,174,376,309,0,0,0,0,0,fail,svg2tvgt,Error Context: 'M13.72 21.84c-.56.1-1.13.16-1.72.16-5.5 0-10-4.5-10-10S6.5 2 12 2s10 4.5 10 10c0 .59-.06 1.16-.16 1.72A5.9 5.9 0 0 0 19 13c-1.26 0-2.43.39-3.4 1.06l-3.1-1.86V7H11v6l3.43 2.11A5.96 5.96
material-design,clock-remove.svg,497,222,503,413,0,0,0,0,0,fail,svg2tvgt,Error Context: 'M13.72 21.84c-.56.1-1.13.16-1.72.16-5.5 0-10-4.5-10-10S6.5 2 12 2s10 4.5 10 10c0 .59-.06 1.16-.16 1.72A5.9 5.9 0 0 0 19 13c-1.26 0-2.43.39-3.4 1.06l-3.1-1.86V7H11v6l3.43 2.11A5.96 5.96
material-design,clock-time-one.svg,209,107,226,171,0,0,0,0,0,fail,svg2tvgt,Error Context: 'M12 2C6.5 2 2 6.5 2 12s4.5 10 10 10 10-4.5 10-10S17.5 2 12 2m.3 11̲H11V7h1.5v2.7L14 7.1l1.3.8z' Unhandled exception: System.InvalidOperationException: New MoveTo detected without Close
material-design,clock-time-seven-outline.svg,271,161,296,227,0,0,0,0,0,fail,svg2tvgt,Error Context: 'M12 20c4.4 0 8-3.6 8-8s-3.6-8-8-8-8 3.6-8 8 3.6 8 8 8m0-18̲c5.5 0 10 4.5 10 10s-4.5 10-10 10S2 17.5…' Unhandled exception: System.InvalidOperationException: New MoveTo detected without
material-design,clock-time-six-outline.svg,248,149,271,206,0,0,0,0,0,fail,svg2tvgt,Error Context: 'M12 20c4.4 0 8-3.6 8-8s-3.6-8-8-8-8 3.6-8 8 3.6 8 8 8m0-18̲c5.5 0 10 4.5 10 10s-4.5 10-10 10S2 17.5…' Unhandled exception: System.InvalidOperationException: New MoveTo detected without
material-design,clock-time-three-outline.svg,257,155,282,215,0,0,0,0,0,fail,svg2tvgt,Error Context: 'M12 20c4.4 0 8-3.6 8-8s-3.6-8-8-8-8 3.6-8 8 3.6 8 8 8m0-18̲c5.5 0 10 4.5 10 10s-4.5 10-10 10S2 17.5…' Unhandled exception: System.InvalidOperationException: New MoveTo detected without
material-design,clock-time-twelve-outline.svg,268,149,287,224,0,0,0,0,0,fail,svg2tvgt,Error Context: 'M12 20c4.42 0 8-3.58 8-8s-3.58-8-8-8-8 3.58-8 8 3.58 8 8 8m0-18̲c5.5 0 10 4.5 10 10s-4.5 10-10 10C6.47 2…' Unhandled exception: System.InvalidOperationException: New MoveTo detected wi
material-design,close-box-multiple.svg,352,187,363,316,0,0,0,0,0,fail,svg2tvgt,Error Context: 'M4 20h14v2H4a2 2 0 0 1-2-2V6h2zM20.22 2H7.78C6.8 2 6 2.8 6 3.78v12.44C6 17.2 6.8 18 7.78 18h12.44c.98 0 1.78-.8 1.78-1.78V3.78C22 2.8 21.2 2 20.22 2M19 13.6̲ 17.6 15 14 11.4 10.4 15 9
material-design,close-box.svg,273,148,306,238,0,0,0,0,0,fail,svg2tvgt,Error Context: 'M19 3H5a2 2 0 0 0-2 2v14a2 2 0 0 0 2 2h14a2 2 0 0 0 2-2V5a2 2 0 0 0-2-2m-3.4 14̲L12 13.4 8.4 17 7 15.6l3.6-3.6L7 8.4 8.4…' Unhandled exception: System.InvalidOperationException: New Mo
material-design,cloud-outline.svg,377,190,555,470,0,0,0,0,0,fail,svg2tvgt,Error Context: 'M6.5 20q-2.28 0-3.89-1.57Q1 16.85 1 14.58q0-1.95 1.17-3.48 1.18-1.53 3.08-1.95.63-2.3 2.5-3.72Q9.63 4 12 4q2.93 0 4.96 2.04Q19 8.07 19 11q1.73.2 2.86 1.5 1.14 1.28 1.14 3 0 1.88-1.31 3
material-design,cloud-print-outline.svg,458,277,849,707,0,0,0,0,0,fail,svg2tvgt,Error Context: 'M15 15H9v-1h6zm0 1H9v1h6zm0 2H9v1h6zm8-4.5c0 1.25-.44 2.31-1.31 3.19-.88.87-1.94 1.31-3.19 1.31H18v4H6v-4.05c-1.3-.1-2.43-.59-3.39-1.52C1.54 15.38 1 14.09 1 12.58q0-1.95 1.17-3.48C3.34
material-design,cloud-upload-outline.svg,476,232,652,549,0,0,0,0,0,fail,svg2tvgt,Error Context: 'M6.5 20q-2.28 0-3.89-1.57Q1 16.85 1 14.58q0-1.95 1.17-3.48 1.18-1.53 3.08-1.95.63-2.3 2.5-3.72Q9.63 4 12 4q2.93 0 4.96 2.04Q19 8.07 19 11q1.73.2 2.86 1.5 1.14 1.28 1.14 3 0 1.88-1.31 3
material-design,cloud-upload.svg,279,127,380,327,1078,170,167,151,149,ok,,
material-design,clover.svg,756,350,750,650,0,0,0,0,0,fail,svg2tvgt,Error Context: 'M12 11.18c3.3-3 5-4.54 5-6.49C17 3.19 15.75 2 14.25 2c-.86 0-1.68.36-2.25 1-.57-.64-1.39-1-2.31-1C8.19 2 7 3.25 7 4.75c0 1.89 1.7 3.43 5 6.43m-.82.82̲c-3-3.3-4.54-5-6.49-5C3.19 7 2 8.2
material-design,code-array.svg,228,141,231,191,859,134,96,91,26,ok,,
material-design,code-brackets.svg,148,73,149,120,0,0,0,0,0,fail,svg2tvgt,Error Context: 'M15 4v2h3v12h-3v2h5V4M4 4̲v16h5v-2H6V6h3V4z' Unhandled exception: System.InvalidOperationException: New MoveTo detected without ClosePath    at SvgPathParser.ParseMoveTo() in /tmp/tiny
material-design,code-json.svg,574,410,571,501,0,0,0,0,0,fail,svg2tvgt,Error Context: 'M5 3h2v2H5v5a2 2 0 0 1-2 2 2 2 0 0 1 2 2v5h2v2H5c-1.07-.27-2-.9-2-2v-4a2 2 0 0 0-2-2H0v-2h1a2 2 0 0 0 2-2V5a2 2 0 0 1 2-2m14 0̲a2 2 0 0 1 2 2v4a2 2 0 0 0 2 2h1v2h-1a2 …' Unhandled exce
material-design,coffee-maker.svg,343,205,345,280,0,0,0,0,0,fail,svg2tvgt,Error Context: 'M18 6V4h2V2H6c-1.1 0-2 .9-2 2v16c0 1.1.9 2 2 2h14v-2h-4.03A4.97 4.97 0 0 0 18 16v-5H8v5c0 1.64.81 3.09 2.03 4H6V4h2v2c0 .55.45 1 1 1h8c.55 0 1-.45 1-1m-5 2̲c.55 0 1 .45 1 1s-.45 1-1 1-
material-design,cog-box.svg,1077,487,1097,809,0,0,0,0,0,fail,svg2tvgt,Error Context: 'M17.25 12c0 .23-.02.46-.05.68l1.48 1.16c.13.11.17.29.08.45l-1.4 2.42c-.09.15-.27.21-.43.15l-1.74-.7c-.36.28-.76.51-1.19.69l-.25 1.85c-.03.17-.18.3-.35.3h-2.8c-.17 0-.32-.13-.35-.3L10 1
material-design,cog-transfer-outline.svg,1375,737,1408,1094,0,0,0,0,0,fail,svg2tvgt,Error Context: 'M15 17v-3h3v-2l4 3.5-4 3.5v-2zm2 1v3h-3v2l-4-3.5 4-3.5v2zM12 8c-2.21 0-4 1.8-4 4 0 1.91 1.35 3.54 3.21 3.92L16 11.86A3.997 3.997 0 0 0 12 8m0 6̲c-1.1 0-2-.89-2-2s.9-2 2-2 2 .9 2 2-.89
material-design,comment-account-outline.svg,388,243,414,330,1277,236,161,158,76,ok,,
material-design,comment-account.svg,354,215,372,302,1075,210,143,141,72,ok,,
material-design,comment-alert.svg,286,158,287,227,0,0,0,0,0,fail,svg2tvgt,Error Context: 'M9 22c-.6 0-1-.4-1-1v-3H4c-1.1 0-2-.9-2-2V4c0-1.1.9-2 2-2h16c1.1 0 2 .9 2 2v12c0 1.1-.9 2-2 2h-6.1l-3.7 3.7c-.2.2-.4.3-.7.3zm4-11V5h-2v6m2 4̲v-2h-2v2z' Unhandled exception: System.Inva
material-design,comment-bookmark-outline.svg,316,179,328,249,963,170,146,140,98,ok,,
material-design,comment-off-outline.svg,376,188,411,308,1090,179,161,144,94,ok,,
material-design,comment-processing-outline.svg,318,201,338,268,1202,190,143,136,56,ok,,
material-design,comment-question-outline.svg,792,386,837,586,0,0,0,0,0,fail,svg2tvgt,Error Context: 'M4 2a2 2 0 0 0-2 2v12a2 2 0 0 0 2 2h4v3a1 1 0 0 0 1 1h.5c.25 0 .5-.1.7-.29L13.9 18H20a2 2 0 0 0 2-2V4a2 2 0 0 0-2-2zm0 2h16v12h-6.92L10 19.08V16H4zm8.19 1.5c-.89 0-1.6.18-2.14.54-.55.3
material-design,comment-remove-outline.svg,376,215,392,331,1194,206,154,145,26,ok,,
material-design,comment-text-multiple-outline.svg,339,219,356,286,1298,208,148,143,30,ok,,
material-design,comment.svg,236,122,237,202,639,119,94,88,29,ok,,
material-design,compare-horizontal.svg,161,78,167,122,496,71,71,62,57,ok,,
material-design,compare-remove.svg,408,226,410,328,0,0,0,0,0,fail,svg2tvgt,Error Context: 'M19 5h-5V3h5c1.1 0 2 .9 2 2v8.4c-.6-.2-1.3-.4-2-.4zm-9-4h2v22h-2v-2H5c-1.1 0-2-.9-2-2V5c0-1.1.9-2 2-2h5zm0 11-5 6h5zm5.7 2L14 12v3.7c.4-.7 1-1.2 1.7-1.7m5.4 1.5̲L19 17.6l-2.1-2.1-1.4 1
material-design,cone.svg,444,210,452,360,0,0,0,0,0,fail,svg2tvgt,Error Context: 'M21.62 16.68 12.85 2.5A.96.96 0 0 0 12 2a.99.99 0 0 0-.85.47L2.38 16.65h.02c-.25.39-.4.85-.4 1.35 0 1.5 1.3 4 10 4 3.74 0 10-.5 10-4 0-.39-.09-.85-.38-1.32M12 4.9̲l6 9.68c-1.47-.35-3.4
material-design,connection.svg,453,200,451,331,1294,191,174,152,70,ok,,
material-design,consolidate.svg,284,184,283,236,0,0,0,0,0,fail,svg2tvgt,Error Context: 'M18 9h2V4h2v5a2 2 0 0 1-2 2h-2v2l-3-3 3-3m-4 3̲a2 2 0 1 0-2 2 2 2 0 0 0 2-2M2 11v5h2v-5…' Unhandled exception: System.InvalidOperationException: New MoveTo detected without ClosePath
material-design,contactless-payment-circle-outline.svg,684,333,706,564,0,0,0,0,0,fail,svg2tvgt,Error Context: 'M12 4c4.41 0 8 3.59 8 8s-3.59 8-8 8-8-3.59-8-8 3.59-8 8-8m0-2̲C6.5 2 2 6.5 2 12s4.5 10 10 10 10-4.5 10…' Unhandled exception: System.InvalidOperationException: New MoveTo detected with
material-design,content-paste.svg,311,191,316,270,0,0,0,0,0,fail,svg2tvgt,Error Context: 'M19 20H5V4h2v3h10V4h2m-7-2̲a1 1 0 0 1 1 1 1 1 0 0 1-1 1 1 1 0 0 1-1…' Unhandled exception: System.InvalidOperationException: New MoveTo detected without ClosePath    at SvgPathParser.P
material-design,content-save-off-outline.svg,337,166,446,272,1027,155,150,135,84,ok,,
material-design,content-save-off.svg,350,166,401,286,954,157,152,135,76,ok,,
material-design,content-save-outline.svg,287,173,303,229,0,0,0,0,0,fail,svg2tvgt,Error Context: 'M17 3H5a2 2 0 0 0-2 2v14a2 2 0 0 0 2 2h14c1.1 0 2-.9 2-2V7zm2 16H5V5h11.17L19 7.83zm-7-7c-1.66 0-3 1.34-3 3s1.34 3 3 3 3-1.34 3-3-1.34-3-3-3M6 6̲h9v4H6z' Unhandled exception: System.In
material-design,contrast-box.svg,253,149,258,214,0,0,0,0,0,fail,svg2tvgt,Error Context: 'M17 15.5h-5V17h5m2 2̲H5L19 5M5.5 7.5h2v-2H9v2h2V9H9v2H7.5V9h-…' Unhandled exception: System.InvalidOperationException: New MoveTo detected without ClosePath    at SvgPathParser.ParseMo
material-design,controller-classic-outline.svg,681,335,695,551,0,0,0,0,0,fail,svg2tvgt,Error Context: 'M17.5 7a5.5 5.5 0 0 1 5.5 5.5 5.5 5.5 0 0 1-5.5 5.5c-1.71 0-3.23-.78-4.24-2h-2.52c-1.01 1.22-2.53 2-4.24 2A5.5 5.5 0 0 1 1 12.5 5.5 5.5 0 0 1 6.5 7zm-11 2A3.5 3.5 0 0 0 3 12.5 3.5 3.5
material-design,cookie-check-outline.svg,1046,559,1215,881,0,0,0,0,0,fail,svg2tvgt,Error Context: 'M15 10h-.5c-.83 0-1.5-.67-1.5-1.5V8h-.5c-.83 0-1.5-.67-1.5-1.5V5.07C7.91 5.5 5.47 8 5.07 11.08A1.494 1.494 0 0 1 8 11.5c0 .83-.67 1.5-1.5 1.5-.79 0-1.43-.61-1.5-1.38 0 .49 0 .99.09 1.5
material-design,cookie-check.svg,826,473,895,696,0,0,0,0,0,fail,svg2tvgt,Error Context: 'M15 14.53v-.03c0-.83.67-1.5 1.5-1.5.3 0 .58.09.82.24A6.2 6.2 0 0 1 19 13c.66 0 1.3.12 1.89.32a8.4 8.4 0 0 0-.02-2.82C20.6 10 20 10 20 10h-2V9c0-1-1-1-1-1h-2V7c0-1-1-1-1-1h-1V4c0-1-1-1-
material-design,cookie-outline.svg,875,493,945,768,0,0,0,0,0,fail,svg2tvgt,Error Context: 'M20.87 10.5C20.6 10 20 10 20 10h-2V9c0-1-1-1-1-1h-2V7c0-1-1-1-1-1h-1V4c0-1-1-1-1-1a9 9 0 1 0 9 9c0-.5-.04-1-.13-1.5m-9.55 8.46̲c.68-.14 1.18-.74 1.18-1.46 0-.83-.67-1.…' Unhandled exce
material-design,cookie-plus-outline.svg,1048,576,1178,886,0,0,0,0,0,fail,svg2tvgt,Error Context: 'M16.5 13c.3 0 .58.09.82.24-.87.26-1.66.71-2.32 1.29v-.03c0-.83.67-1.5 1.5-1.5m-.5-3̲v.5c0 .83.67 1.5 1.5 1.5H19c0 .34-.03.68…' Unhandled exception: System.InvalidOperationException: Ne
material-design,cookie-remove.svg,893,503,963,758,0,0,0,0,0,fail,svg2tvgt,Error Context: 'M16.5 13c.3 0 .58.09.82.24A6.2 6.2 0 0 1 19 13c.66 0 1.3.12 1.89.32a8.4 8.4 0 0 0-.02-2.82C20.6 10 20 10 20 10h-2V9c0-1-1-1-1-1h-2V7c0-1-1-1-1-1h-1V4c0-1-1-1-1-1a9 9 0 0 0 0 18c.45 0 .
material-design,countertop.svg,272,166,270,216,907,161,138,135,49,ok,,
material-design,credit-card-marker-outline.svg,481,250,513,390,0,0,0,0,0,fail,svg2tvgt,Error Context: 'M13.5 18H4v-6h10.3c1-1.2 2.5-2 4.2-2 1.3 0 2.5.5 3.5 1.3V6a2 2 0 0 0-2-2H4a2 2 0 0 0-2 2v12a2 2 0 0 0 2 2h10.6c-.4-.6-.8-1.3-1.1-2M4 6̲h16v2H4zm14.5 6c-1.9 0-3.5 1.6-3.5 3.5 0…' Unhand
material-design,credit-card-multiple.svg,223,132,231,189,773,128,94,81,57,ok,,
material-design,credit-card-plus-outline.svg,239,148,256,195,940,141,114,102,87,ok,,
material-design,credit-card-settings.svg,238,145,246,196,0,0,0,0,0,fail,svg2tvgt,Error Context: 'M20 4H4a2 2 0 0 0-2 2v12a2 2 0 0 0 2 2h16a2 2 0 0 0 2-2V6a2 2 0 0 0-2-2m0 7̲H4V8h16M7 22h2v2H7zm4 0h2v2h-2zm4 0h2v2h…' Unhandled exception: System.InvalidOperationException: New MoveTo
material-design,credit-card-wireless-off.svg,512,249,537,425,0,0,0,0,0,fail,svg2tvgt,Error Context: 'M12 2c-2.15 0-4.3.69-6.1 2.08L7.32 5.5c3.13-2.26 7.52-2 10.34.83l1.41-1.41C17.12 2.96 14.56 2 12 2M3.28 4̲ 2 5.27 7.73 11H6a2 2 0 0 0-2 2v8c0 1.11…' Unhandled exception: System.Invalid
material-design,credit-card.svg,190,97,189,161,0,0,0,0,0,fail,svg2tvgt,Error Context: 'M20 4H4a2 2 0 0 0-2 2v12a2 2 0 0 0 2 2h16a2 2 0 0 0 2-2V6a2 2 0 0 0-2-2m0 7̲H4V8h16Z' Unhandled exception: System.InvalidOperationException: New MoveTo detected without ClosePath    at
material-design,crosshairs.svg,335,164,333,299,0,0,0,0,0,fail,svg2tvgt,Error Context: 'M3.05 13H1v-2h2.05C3.5 6.83 6.83 3.5 11 3.05V1h2v2.05c4.17.45 7.5 3.78 7.95 7.95H23v2h-2.05c-.45 4.17-3.78 7.5-7.95 7.95V23h-2v-2.05C6.83 20.5 3.5 17.17 3.05 13M12 5̲a7 7 0 0 0-7 7 7 7
material-design,cryengine.svg,729,278,821,591,0,0,0,0,0,fail,svg2tvgt,Error Context: 'M23.03 12.5c-.03.5-2.12 2.73-5.21 3.74-3.77 1.26-9.85.79-9.85-3.94 0-2.22 1.81-4.03 4.03-4.03 2.25 0 4.05 1.82 4.05 4.04 0 1.08-.47 2.13-1.18 2.87.67-.01 3.07-.18 5.34-2.06.25-.24.41-.
material-design,cube-off-outline.svg,601,270,605,450,1539,253,235,230,30,ok,,
material-design,cube-outline.svg,504,219,508,370,1238,206,196,199,130,ok,,
material-design,curling.svg,348,161,343,289,0,0,0,0,0,fail,svg2tvgt,Error Context: 'M10 3v2c2.5 0 3.9.05 4.72.41.54.24 1.01.8 1.53 1.59H5v2h14.62l-.73-1.45c-1.03-2.05-1.93-3.33-3.36-3.96C14.1 2.95 12.5 3 10 3m-4 8̲c-2.22 0-4 1.78-4 4v3c0 2.22 1.78 4 4 4h…' Unhandled e
material-design,currency-bdt.svg,586,244,594,453,1398,241,213,214,196,ok,,
material-design,currency-btc.svg,381,215,371,298,0,0,0,0,0,fail,svg2tvgt,Error Context: 'M17.06 11.57A3.9 3.9 0 0 0 18 9c0-1.86-1.27-3.43-3-3.87V3h-2v2h-2V3H9v2H6v2h2v10H6v2h3v2h2v-2h2v2h2v-2c2.21 0 4-1.79 4-4 0-1.45-.78-2.73-1.94-3.43M10 7̲h4c1.1 0 2 .9 2 2s-.9 2-2 2h-4zm
material-design,currency-ils.svg,216,124,216,179,740,121,99,89,80,ok,,
material-design,currency-inr.svg,289,140,298,240,799,135,133,115,107,ok,,
material-design,current-dc.svg,165,86,163,126,600,77,73,60,53,ok,,
material-design,cursor-default.svg,363,148,415,292,808,143,144,148,125,ok,,
material-design,cursor-text.svg,305,165,304,250,867,162,124,123,26,ok,,
material-design,curtains-closed.svg,147,69,150,117,479,62,66,60,43,ok,,
material-design,data-matrix-scan.svg,445,371,450,355,0,0,0,0,0,fail,svg2tvgt,Error Context: 'M2 2h4V0H2C.9 0 0 .9 0 2v4h2zm20-2h-4v2h4v4h2V2c0-1.1-.9-2-2-2M2 18̲H0v4c0 1.1.9 2 2 2h4v-2H2zm20 4h-4v2h4c1…' Unhandled exception: System.InvalidOperationException: New MoveTo detecte
material-design,database-arrow-down-outline.svg,588,326,614,485,0,0,0,0,0,fail,svg2tvgt,Error Context: 'M20 13.09V7c0-2.21-3.58-4-8-4S4 4.79 4 7v10c0 2.21 3.59 4 8 4 .46 0 .9 0 1.33-.06A6 6 0 0 1 13 19v-.05c-.32.05-.65.05-1 .05-3.87 0-6-1.5-6-2v-2.23c1.61.78 3.72 1.23 6 1.23.65 0 1.27-.0
material-design,database-arrow-right.svg,547,291,563,432,0,0,0,0,0,fail,svg2tvgt,Error Context: 'M4 7c0-2.21 3.58-4 8-4s8 1.79 8 4-3.58 4-8 4-8-1.79-8-4m15.72 6.05̲c.18-.34.28-.69.28-1.05V9c0 2.21-3.58 4-…' Unhandled exception: System.InvalidOperationException: New MoveTo detected
material-design,database-clock.svg,653,338,664,548,0,0,0,0,0,fail,svg2tvgt,Error Context: 'm16.5 16.25 2.86 1.69-.75 1.22L15 17v-5h1.5zM23 16c0 3.87-3.13 7-7 7a7 7 0 0 1-5.75-3C6.18 19.79 3 18.08 3 16v-3c0 1.88 2.58 3.44 6.06 3.88C9.03 16.59 9 16.3 9 16c0-.38.04-.75.1-1.12-3
material-design,database-edit.svg,520,260,585,406,0,0,0,0,0,fail,svg2tvgt,Error Context: 'M4 14v3c0 2 3.05 3.72 7 4v-2.89l.13-.11C7.12 17.76 4 16.06 4 14m8-1̲c-4.42 0-8-1.79-8-4v3c0 2.21 3.58 4 8 4h…' Unhandled exception: System.InvalidOperationException: New MoveTo detecte
material-design,database-eye-off-outline.svg,987,492,1006,723,0,0,0,0,0,fail,svg2tvgt,Error Context: 'M23 19c-.1.2-.2.4-.3.5l-4.4-4.4c2.2.5 3.9 2 4.7 3.9M12 5̲c3.9 0 6 1.5 6 2s-2.1 1.9-5.8 2l1.9 1.9c…' Unhandled exception: System.InvalidOperationException: New MoveTo detected without C
material-design,database-eye-outline.svg,724,435,732,571,0,0,0,0,0,fail,svg2tvgt,Error Context: 'm9.1 19.7-.3-.7.2-.4c-1.9-.5-3-1.3-3-1.6v-2.2c1.3.6 2.8 1 4.6 1.2.7-.8 1.6-1.5 2.5-2H12c-2.4 0-4.7-.6-6-1.5V9.6c1.5.8 3.6 1.4 6 1.4s4.5-.5 6-1.4v2.8c-.3.2-.6.4-1 .6q1.5 0 3 .6V7c0-2.2-
material-design,database-lock-outline.svg,805,430,835,633,0,0,0,0,0,fail,svg2tvgt,Error Context: 'M6 12.45V9.64c1.47.83 3.61 1.36 6 1.36s4.53-.53 6-1.36v1.41c.17-.02.33-.05.5-.05.53 0 1.03.1 1.5.26V7c0-2.21-3.58-4-8-4S4 4.79 4 7v10c0 2.21 3.59 4 8 4 .34 0 .67 0 1-.03v-2.02c-.32.05-
material-design,database-plus.svg,413,244,451,338,0,0,0,0,0,fail,svg2tvgt,Error Context: 'M18 14h2v3h3v2h-3v3h-2v-3h-3v-2h3zM12 3c4.42 0 8 1.79 8 4s-3.58 4-8 4-8-1.79-8-4 3.58-4 8-4M4 9̲c0 2.21 3.58 4 8 4s8-1.79 8-4v3.08L19 12…' Unhandled exception: System.InvalidOperationE
material-design,database-remove-outline.svg,695,360,717,579,0,0,0,0,0,fail,svg2tvgt,Error Context: 'M20 13.09V7c0-2.21-3.58-4-8-4S4 4.79 4 7v10c0 2.21 3.59 4 8 4 .46 0 .9 0 1.33-.06A6 6 0 0 1 13 19v-.05c-.32.05-.65.05-1 .05-3.87 0-6-1.5-6-2v-2.23c1.61.78 3.72 1.23 6 1.23.65 0 1.27-.0
material-design,database-sync.svg,734,378,758,591,0,0,0,0,0,fail,svg2tvgt,Error Context: 'M19 12v1.5a4 4 0 0 1 4 4c0 .82-.25 1.58-.67 2.21l-1.09-1.09c.17-.34.26-.72.26-1.12A2.5 2.5 0 0 0 19 15v1.5l-2.25-2.25zm0 11v-1.5a4 4 0 0 1-4-4c0-.82.25-1.58.67-2.21l1.09 1.09c-.17.34-.
material-design,death-star-variant.svg,419,197,446,350,0,0,0,0,0,fail,svg2tvgt,Error Context: 'M2.05 13h19.89c-.06.69-.2 1.36-.4 2H14v2h3v2h-2v2h-2.5v1H12c-5.18 0-9.45-3.95-9.95-9m19.89-2̲H2.05c.5-5.05 4.77-9 9.95-9 1.62 0 3.15.…' Unhandled exception: System.InvalidOperationExce
material-design,decimal.svg,333,205,328,284,0,0,0,0,0,fail,svg2tvgt,Error Context: 'M10 7a3 3 0 0 0-3 3v3a3 3 0 0 0 6 0v-3a3 3 0 0 0-3-3m1 6̲a1 1 0 0 1-2 0v-3a1 1 0 0 1 2 0m6-3a3 3 …' Unhandled exception: System.InvalidOperationException: New MoveTo detected without C
material-design,delete-off-outline.svg,357,188,363,279,1112,175,160,141,140,ok,,
material-design,delete-variant.svg,269,128,271,217,748,117,116,104,97,ok,,
material-design,delete.svg,182,89,176,148,0,0,0,0,0,fail,svg2tvgt,Error Context: 'M19 4h-3.5l-1-1h-5l-1 1H5v2h14M6 19̲a2 2 0 0 0 2 2h8a2 2 0 0 0 2-2V7H6z' Unhandled exception: System.InvalidOperationException: New MoveTo detected without ClosePath    at SvgPathParse
material-design,diameter.svg,220,114,216,186,0,0,0,0,0,fail,svg2tvgt,Error Context: 'M12 2A10 10 0 0 0 2 12a10 10 0 0 0 10 10 10 10 0 0 0 10-10A10 10 0 0 0 12 2m5 13̲v-2H7v2l-3-3 3-3v2h10V9l3 3z' Unhandled exception: System.InvalidOperationException: New MoveTo detecte
material-design,diamond-stone.svg,212,133,213,177,0,0,0,0,0,fail,svg2tvgt,Error Context: 'M16 9h3l-5 7m-4-7̲h4l-2 8M5 9h3l2 7m5-12h2l2 3h-3m-5-3h2l1…' Unhandled exception: System.InvalidOperationException: New MoveTo detected without ClosePath    at SvgPathParser.ParseMoveT
material-design,dice-1.svg,246,136,240,208,0,0,0,0,0,fail,svg2tvgt,Error Context: 'M5 3h14a2 2 0 0 1 2 2v14a2 2 0 0 1-2 2H5a2 2 0 0 1-2-2V5a2 2 0 0 1 2-2m7 7̲a2 2 0 0 0-2 2 2 2 0 0 0 2 2 2 2 0 0 0 2…' Unhandled exception: System.InvalidOperationException: New MoveTo
material-design,dice-5-outline.svg,578,389,625,502,0,0,0,0,0,fail,svg2tvgt,Error Context: 'M19 5v14H5V5zm0-2H5c-1.1 0-2 .9-2 2v14c0 1.1.9 2 2 2h14c1.1 0 2-.9 2-2V5c0-1.1-.9-2-2-2M7.5 6̲C6.7 6 6 6.7 6 7.5S6.7 9 7.5 9 9 8.3 9 7…' Unhandled exception: System.InvalidOperationExc
material-design,dice-6.svg,571,401,565,511,0,0,0,0,0,fail,svg2tvgt,Error Context: 'M5 3h14a2 2 0 0 1 2 2v14a2 2 0 0 1-2 2H5a2 2 0 0 1-2-2V5a2 2 0 0 1 2-2m2 2̲a2 2 0 0 0-2 2 2 2 0 0 0 2 2 2 2 0 0 0 2…' Unhandled exception: System.InvalidOperationException: New MoveTo
material-design,dice-d6.svg,502,233,530,408,0,0,0,0,0,fail,svg2tvgt,Error Context: 'M13.05 13.5c0 .77-.44 1.33-1.05 1.33s-1.15-.56-1.15-1.33l-.02-.72s.38-.78 1.12-.68c.61 0 1.1.63 1.1 1.4M21 5̲v14c0 1.11-.89 2-2 2H5a2 2 0 0 1-2-2V5c0…' Unhandled exception: System.Inva
material-design,dice-multiple-outline.svg,709,462,801,582,0,0,0,0,0,fail,svg2tvgt,Error Context: 'M14 8c-.55 0-1-.45-1-1s.45-1 1-1 1 .45 1 1-.45 1-1 1m-2 4̲v7H5v-7zm.78-2H4.22C3.55 10 3 10.55 3 11…' Unhandled exception: System.InvalidOperationException: New MoveTo detected without
material-design,dishwasher-alert.svg,553,337,576,457,0,0,0,0,0,fail,svg2tvgt,Error Context: 'M16 2H4c-1.1 0-2 .9-2 2v16a2 2 0 0 0 2 2h12c1.11 0 2-.89 2-2V4a2 2 0 0 0-2-2M8 4̲c.55 0 1 .45 1 1s-.45 1-1 1-1-.45-1-1 .4…' Unhandled exception: System.InvalidOperationException: New M
material-design,dishwasher-off.svg,554,280,571,421,1442,269,253,235,188,ok,,
material-design,door-closed.svg,205,107,204,160,0,0,0,0,0,fail,svg2tvgt,Error Context: 'M16 11h2v2h-2zm-4-8h7c1.11 0 2 .89 2 2v14h1v2H2v-2h8V5c0-1.11.89-2 2-2m0 2̲v14h7V5z' Unhandled exception: System.InvalidOperationException: New MoveTo detected without ClosePath    at
material-design,doorbell-video.svg,354,215,373,289,0,0,0,0,0,fail,svg2tvgt,Error Context: 'M14 15c0 1.11-.89 2-2 2s-2-.89-2-2 .9-2 2-2 2 .9 2 2m4-11̲v16a2 2 0 0 1-2 2H8a2 2 0 0 1-2-2V4c0-1.…' Unhandled exception: System.InvalidOperationException: New MoveTo detected without
material-design,download-off.svg,233,102,233,189,656,93,106,97,69,ok,,
material-design,drag.svg,294,222,286,219,1570,197,104,81,90,ok,,
material-design,drawing.svg,240,97,235,211,522,96,85,81,72,ok,,
material-design,dump-truck.svg,447,264,453,398,0,0,0,0,0,fail,svg2tvgt,Error Context: 'M20 8h-5v6H2v3h1a3 3 0 0 0 3 3 3 3 0 0 0 3-3h6a3 3 0 0 0 3 3 3 3 0 0 0 3-3h2v-5zM6 18.5A1.5 1.5 0 0 1 4.5 17 1.5 1.5 0 0 1 6 15.5 1.5 1.5 0 0 1 7.5 17 1.5 1.5 0 0 1 6 18.5m12 0̲a1.5 1.
material-design,ear-hearing.svg,741,353,749,636,0,0,0,0,0,fail,svg2tvgt,Error Context: 'M17 20c-.29 0-.56-.06-.76-.15-.71-.35-1.21-.88-1.71-2.38-.53-1.56-1.47-2.29-2.39-3-.79-.61-1.61-1.24-2.32-2.53C9.29 11 9 9.93 9 9c0-2.8 2.2-5 5-5s5 2.2 5 5h2c0-3.93-3.07-7-7-7S7 5.07 7
material-design,earbuds-off.svg,539,249,558,452,0,0,0,0,0,fail,svg2tvgt,Error Context: 'm10 9.34 1.56 1.57v-.01l2.54 2.55-.01-.01 1.49 1.49h.01l2.91 2.91v.01l3.61 3.61-1.27 1.27-2.41-2.4c-.13.39-.49.67-.93.67h-2c-.55 0-1-.45-1-1v-3.61l-4.5-4.5V20c0 .55-.45 1-1 1H8c-.55 0-
material-design,earth-box-remove.svg,581,262,600,460,0,0,0,0,0,fail,svg2tvgt,Error Context: 'm14.46 15.88 1.42-1.42L18 16.59l2.12-2.12 1.42 1.41L19.41 18l2.13 2.12-1.42 1.42L18 19.41l-2.12 2.13-1.42-1.42L16.59 18l-2.12-2.12M5 3̲h14a2 2 0 0 1 2 2v7.8c-.61-.35-1.28-.6-2…' Unhand
material-design,eight-track.svg,199,109,198,161,640,104,92,89,79,ok,,
material-design,elevator-passenger-off.svg,366,179,423,294,1058,168,161,151,118,ok,,
material-design,elevator-passenger.svg,367,207,404,292,0,0,0,0,0,fail,svg2tvgt,Error Context: 'M19 3H5c-1.1 0-2 .9-2 2v14c0 1.1.9 2 2 2h14c1.1 0 2-.9 2-2V5c0-1.1-.9-2-2-2M8.5 6̲a1.25 1.25 0 1 1 0 2.5 1.25 1.25 0 0 1 0…' Unhandled exception: System.InvalidOperationException: New
material-design,ellipse.svg,165,75,184,136,339,74,71,70,65,ok,,
material-design,email-box.svg,331,182,328,281,0,0,0,0,0,fail,svg2tvgt,Error Context: 'M5 3a2 2 0 0 0-2 2v14a2 2 0 0 0 2 2h14a2 2 0 0 0 2-2V5a2 2 0 0 0-2-2zm1.4 3.5h11.2c.77 0 1.4.62 1.4 1.4v8.2a1.4 1.4 0 0 1-1.4 1.4H6.4c-.77 0-1.4-.63-1.4-1.4V7.9c0-.78.62-1.4 1.4-1.4M6
material-design,email-fast-outline.svg,470,273,490,368,0,0,0,0,0,fail,svg2tvgt,Error Context: 'M22 5.5H9c-1.1 0-2 .9-2 2v9a2 2 0 0 0 2 2h13c1.11 0 2-.89 2-2v-9a2 2 0 0 0-2-2m0 11̲H9V9.17l6.5 3.33L22 9.17zm-6.5-5.69L9 7.…' Unhandled exception: System.InvalidOperationException: Ne
material-design,email-lock.svg,431,256,541,434,0,0,0,0,0,fail,svg2tvgt,Error Context: 'M12 18.2c0-.96.5-1.86 1.2-2.46v-.24c0-2.44 2.2-4.5 4.8-4.5 1.65 0 3.13.83 4 2.06V6a2 2 0 0 0-2-2H4c-1.11 0-2 .89-2 2v12a2 2 0 0 0 2 2h8zM4 6l8 5 8-5v2l-8 5-8-5zm16.8 11v-1.5c0-1.4-1.4-
material-design,email-search-outline.svg,541,276,583,443,0,0,0,0,0,fail,svg2tvgt,Error Context: 'M16.5 11c2.5 0 4.5 2 4.5 4.5 0 .88-.25 1.71-.69 2.4l3.08 3.1L22 22.39l-3.12-3.07c-.69.43-1.51.68-2.38.68-2.5 0-4.5-2-4.5-4.5s2-4.5 4.5-4.5m0 2̲a2.5 2.5 0 0 0 0 5 2.5 2.5 0 0 0 0-5m-6 …
material-design,emoticon-cool.svg,549,254,582,453,1302,245,214,195,26,ok,,
material-design,emoticon-cry.svg,745,358,797,659,0,0,0,0,0,fail,svg2tvgt,Error Context: 'M5.14 17.57c0-1.07 1.18-3.07 2.43-4.76C8.82 14.5 10 16.5 10 17.57A2.43 2.43 0 0 1 7.57 20c-1.34 0-2.43-1.09-2.43-2.43M22 12̲a10 10 0 0 1-10 10c-.92 0-1.82-.14-2.67-…' Unhandled excepti
material-design,emoticon-devil.svg,633,294,667,552,0,0,0,0,0,fail,svg2tvgt,Error Context: 'M22.5 2.09c-.9.91-2.37 1.64-4.19 2.16A9.92 9.92 0 0 0 12 2c-2.39 0-4.59.84-6.31 2.25C3.87 3.73 2.4 3 1.5 2.09c.03 1.63.85 3.12 2.22 4.31A9.9 9.9 0 0 0 2 12a10 10 0 0 0 10 10 10 10 0 0
material-design,emoticon-lol.svg,562,272,562,454,0,0,0,0,0,fail,svg2tvgt,Error Context: 'M15.07 8.93v-4a4.06 4.06 0 0 1 .66-2.21 10 10 0 0 0-13 13 4.06 4.06 0 0 1 2.21-.66h4v4a4.06 4.06 0 0 1-.66 2.21 10 10 0 0 0 13-13 4.06 4.06 0 0 1-2.21.66M11 6̲h1.5v1.5H14V9h-3m-3.5 5v-
material-design,emoticon-sick-outline.svg,1039,505,1097,855,0,0,0,0,0,fail,svg2tvgt,Error Context: 'M7.32 10.56 8.38 9.5 7.32 8.44l1.06-1.06L10.5 9.5l-2.12 2.12zM4.5 9h.08C5.77 6.07 8.64 4 12 4c2.19 0 4.16.88 5.61 2.3.15-.6.45-1.3.81-1.96A9.96 9.96 0 0 0 12 2c-4.89 0-8.95 3.5-9.82 8.
material-design,emoticon-wink.svg,406,212,440,359,0,0,0,0,0,fail,svg2tvgt,Error Context: 'M12 2A10 10 0 0 0 2 12a10 10 0 0 0 10 10 10 10 0 0 0 10-10A10 10 0 0 0 12 2M7 9.5̲C7 8.7 7.7 8 8.5 8s1.5.7 1.5 1.5S9.3 11 …' Unhandled exception: System.InvalidOperationException: New
material-design,equal-box.svg,214,118,216,175,686,111,92,92,62,ok,,
material-design,escalator-box.svg,306,151,350,235,791,144,125,122,26,ok,,
material-design,escalator-up.svg,397,216,443,329,0,0,0,0,0,fail,svg2tvgt,Error Context: 'M20 8h-1.05l-12 12H4a2 2 0 1 1 0-4h1.29L7 14.29V10c0-.55.45-1 1-1h1c.55 0 1 .45 1 1v1.29L17.29 4H20c1.11 0 2 .89 2 2s-.89 2-2 2M8.5 5̲c.83 0 1.5.67 1.5 1.5S9.33 8 8.5 8 7 7.3…' Unhandl
material-design,ethereum.svg,196,68,192,152,404,59,62,51,53,ok,,
material-design,exponent.svg,404,167,400,327,958,162,164,152,26,ok,,
material-design,eye-minus.svg,403,194,400,343,0,0,0,0,0,fail,svg2tvgt,Error Context: 'M12 4.5A11.8 11.8 0 0 0 1 12a11.8 11.8 0 0 0 11 7.5h1.1a3.8 3.8 0 0 1-.1-1 10 10 0 0 1 .2-1.7L12 17a5 5 0 1 1 5-5 2.8 2.8 0 0 1-.1.9 5.2 5.2 0 0 1 2.1-.4 5.6 5.6 0 0 1 3.3 1A10 10 0 0
material-design,face-agent.svg,936,363,1043,684,0,0,0,0,0,fail,svg2tvgt,Error Context: 'M18.72 14.76c.35-.85.54-1.76.54-2.76 0-.72-.11-1.41-.3-2.05-.65.15-1.33.23-2.04.23A9.07 9.07 0 0 1 9.5 6.34a9.2 9.2 0 0 1-4.73 4.88c-.04.25-.04.52-.04.78A7.27 7.27 0 0 0 12 19.27c1.05
material-design,face-man-profile.svg,491,231,496,441,0,0,0,0,0,fail,svg2tvgt,Error Context: 'M12 2A10 10 0 0 0 2 12a10 10 0 0 0 10 10 10 10 0 0 0 10-10A10 10 0 0 0 12 2m0 6.39̲A9.97 9.97 0 0 0 17.42 10c.78 0 1.53-.09…' Unhandled exception: System.InvalidOperationException: New
material-design,face-mask.svg,642,297,679,537,0,0,0,0,0,fail,svg2tvgt,Error Context: 'M20.25 6c-1.46 0-2.64 1.14-2.75 2.58l-4.95-1.42c-.36-.11-.74-.11-1.1 0L6.5 8.58C6.39 7.14 5.21 6 3.75 6 2.23 6 1 7.23 1 8.75v3.5C1 13.77 2.23 15 3.75 15h1.93c1.13 2.36 3.53 4 6.32 4s5.
material-design,facebook-messenger.svg,574,248,606,456,0,0,0,0,0,fail,svg2tvgt,Error Context: 'M12 2C6.36 2 2 6.13 2 11.7c0 2.91 1.19 5.44 3.14 7.17.16.13.26.35.27.57l.05 1.78c.04.57.61.94 1.13.71l1.98-.87c.17-.06.36-.09.53-.06.9.27 1.9.4 2.9.4 5.64 0 10-4.13 10-9.7S17.64 2 12 2
material-design,fan-alert.svg,694,322,691,566,0,0,0,0,0,fail,svg2tvgt,Error Context: 'M10 11c-.57 0-1 .45-1 1s.43 1 1 1c.54 0 1-.45 1-1s-.46-1-1-1m.5-9̲c4.5 0 4.59 3.57 2.23 4.75-.99.49-1.43 1…' Unhandled exception: System.InvalidOperationException: New MoveTo detected
material-design,fan-speed-1.svg,817,362,843,624,0,0,0,0,0,fail,svg2tvgt,Error Context: 'M13 19c0-1.41.5-2.7 1.3-3.72-.13-.31-.27-.63-.44-.94.4-.34.71-.75.91-1.23.49.1 1.01.28 1.48.56a6 6 0 0 1 5.64.07c.06-.37.11-.78.11-1.24 0-3.58-3.97-4.37-7.67-2.37-.33-.4-.74-.71-1.22-.
material-design,fan-speed-2.svg,897,418,930,687,0,0,0,0,0,fail,svg2tvgt,Error Context: 'M13 19c0-1.41.5-2.7 1.3-3.72-.13-.31-.27-.63-.44-.94.4-.34.71-.75.91-1.23.49.1 1.01.28 1.48.56a6 6 0 0 1 5.64.07c.06-.37.11-.78.11-1.24 0-3.58-3.97-4.37-7.67-2.37-.33-.4-.74-.71-1.22-.
material-design,fast-forward-15.svg,351,185,361,300,0,0,0,0,0,fail,svg2tvgt,Error Context: 'M11.5 3c2.65 0 5.05 1 6.9 2.6L21 3v7h-7l2.62-2.62C15.23 6.22 13.46 5.5 11.5 5.5c-3.54 0-6.55 2.31-7.6 5.5l-2.37-.78C2.92 6.03 6.85 3 11.5 3M10 12̲v10H8v-8H6v-2zm2 0h6v2h-4v2h2a2 2 0 0
material-design,fast-forward-5.svg,326,162,335,279,0,0,0,0,0,fail,svg2tvgt,Error Context: 'M11.5 3c2.65 0 5.05 1 6.9 2.6L21 3v7h-7l2.62-2.62C15.23 6.22 13.46 5.5 11.5 5.5c-3.54 0-6.55 2.31-7.6 5.5l-2.37-.78C2.92 6.03 6.85 3 11.5 3M9 12̲h6v2h-4v2h2a2 2 0 0 1 2 2v2c0 1.11-.89
material-design,fence.svg,307,240,300,240,1735,227,122,98,26,ok,,
material-design,file-code-outline.svg,350,171,358,274,1019,156,145,137,95,ok,,
material-design,file-delimited.svg,230,125,232,180,695,116,103,99,61,ok,,
material-design,file-download.svg,240,125,241,187,707,114,102,96,48,ok,,
material-design,file-excel-box.svg,255,136,262,218,0,0,0,0,0,fail,svg2tvgt,Error Context: 'M16.2 17h-2L12 13.2 9.8 17h-2l3.2-5-3.2-5h2l2.2 3.8L14.2 7h2L13 12m6-9̲H5c-1.11 0-2 .89-2 2v14a2 2 0 0 0 2 2h14…' Unhandled exception: System.InvalidOperationException: New MoveTo dete
material-design,file-export.svg,244,116,246,214,0,0,0,0,0,fail,svg2tvgt,Error Context: 'M6 2a2 2 0 0 0-2 2v16a2 2 0 0 0 2 2h12a2 2 0 0 0 2-2V8l-6-6m-1 1.5̲L18.5 9H13m-4.07 3.22H16v7.07l-2.12-2.12…' Unhandled exception: System.InvalidOperationException: New MoveTo detected
material-design,file-eye.svg,567,297,599,472,0,0,0,0,0,fail,svg2tvgt,Error Context: 'M17 18c.56 0 1 .44 1 1s-.44 1-1 1-1-.44-1-1 .44-1 1-1m0-3̲c-2.73 0-5.06 1.66-6 4 .94 2.34 3.27 4 6…' Unhandled exception: System.InvalidOperationException: New MoveTo detected without
material-design,file-find-outline.svg,620,293,632,502,1502,286,250,239,205,ok,,
material-design,file-image-plus-outline.svg,441,251,455,358,0,0,0,0,0,fail,svg2tvgt,Error Context: 'm7 19 5-5 1.88 1.88c-.55.91-.88 1.98-.88 3.12zm3-8.5C10 9.67 9.33 9 8.5 9S7 9.67 7 10.5 7.67 12 8.5 12s1.5-.67 1.5-1.5m3.09 9.5̲H6V4h7v5h5v4.09c.33-.05.66-.09 1-.09s.67…' Unhandled exc
material-design,file-lock-open-outline.svg,437,236,447,354,0,0,0,0,0,fail,svg2tvgt,Error Context: 'M22 18.3v3.5c0 .6-.6 1.2-1.3 1.2h-5.5c-.6 0-1.2-.6-1.2-1.3v-3.5c0-.6.6-1.2 1.2-1.2v-2.5c0-1.4 1.4-2.5 2.8-2.5s2.8 1.1 2.8 2.5v.5h-1.3v-.5c0-.8-.7-1.3-1.5-1.3s-1.5.5-1.5 1.3V17h4.3c.6 0
material-design,file-lock-open.svg,528,276,530,419,0,0,0,0,0,fail,svg2tvgt,Error Context: 'M22 18.3v3.5c0 .6-.6 1.2-1.3 1.2h-5.5c-.6 0-1.2-.6-1.2-1.3v-3.5c0-.6.6-1.2 1.2-1.2v-2.5c0-1.4 1.4-2.5 2.8-2.5s2.8 1.1 2.8 2.5v.5h-1.3v-.5c0-.8-.7-1.3-1.5-1.3s-1.5.5-1.5 1.3V17h4.3c.6 0
material-design,file-move-outline.svg,343,171,348,258,1010,164,152,141,126,ok,,
material-design,file-music-outline.svg,278,168,284,229,925,161,118,130,86,ok,,
material-design,file-phone.svg,553,246,551,405,1282,237,215,219,30,ok,,
material-design,file-replace.svg,276,172,281,226,0,0,0,0,0,fail,svg2tvgt,Error Context: 'M14 12h5.5L14 6.5zM8 5h7l6 6v10a2 2 0 0 1-2 2H8a2 2 0 0 1-2-2v-3h5v2l4-3-4-3v2H6V7a2 2 0 0 1 2-2m5.5-2̲H4v13h2v2H4a2 2 0 0 1-2-2V3a2 2 0 0 1 2-…' Unhandled exception: System.InvalidOpe
material-design,file-word-box.svg,264,139,270,231,0,0,0,0,0,fail,svg2tvgt,Error Context: 'M15.5 17H14l-2-7.5-2 7.5H8.5L6.1 7h1.7l1.54 7.5L11.3 7h1.4l1.97 7.5L16.2 7h1.7M19 3̲H5c-1.11 0-2 .89-2 2v14a2 2 0 0 0 2 2h14…' Unhandled exception: System.InvalidOperationException: Ne
material-design,file-word.svg,283,152,280,237,908,141,126,112,47,ok,,
material-design,filmstrip.svg,234,167,231,194,0,0,0,0,0,fail,svg2tvgt,Error Context: 'M18 9h-2V7h2m0 6̲h-2v-2h2m0 6h-2v-2h2M8 9H6V7h2m0 6H6v-2h…' Unhandled exception: System.InvalidOperationException: New MoveTo detected without ClosePath    at SvgPathParser.ParseMoveTo
material-design,filter-check.svg,403,174,439,323,1034,168,159,148,142,ok,,
material-design,filter-off.svg,405,164,415,317,978,157,166,146,132,ok,,
material-design,filter-variant-minus.svg,205,96,213,156,0,0,0,0,0,fail,svg2tvgt,Error Context: 'M21 8H3V6h18zm-7.19 8H10v2h3.09c.12-.72.37-1.39.72-2M18 11̲H6v2h12zm5 7h-8v2h8z' Unhandled exception: System.InvalidOperationException: New MoveTo detected without ClosePath    at SvgP
material-design,filter-variant.svg,144,63,146,117,0,0,0,0,0,fail,svg2tvgt,Error Context: 'M6 13h12v-2H6M3 6̲v2h18V6M10 18h4v-2h-4z' Unhandled exception: System.InvalidOperationException: New MoveTo detected without ClosePath    at SvgPathParser.ParseMoveTo() in /tmp/tinyvg-
material-design,fire-circle.svg,1051,427,1056,783,0,0,0,0,0,fail,svg2tvgt,Error Context: 'M14.66 14.18c.03.11.04.22.04.32.03.65-.26 1.35-.73 1.78-.22.19-.58.39-.86.47-.88.31-1.76-.13-2.28-.64.94-.22 1.49-.9 1.67-1.61.12-.61-.13-1.12-.23-1.72-.1-.58-.08-1.07.13-1.6.15.29.31.
material-design,fire-extinguisher.svg,241,125,246,207,782,124,102,91,84,ok,,
material-design,fire-hydrant.svg,347,216,367,291,0,0,0,0,0,fail,svg2tvgt,Error Context: 'M5 15v-1H4v-2h1v-1h2v4zm14-3v-1h-2v4h2v-1h1v-2zm-1-6h-2.14C15.5 4.6 14.4 3.5 13 3.14V2h-2v1.14C9.6 3.5 8.5 4.6 8.14 6H6v2h12zm0 16H6c0-1.1.9-2 2-2V9h8v11a2 2 0 0 1 2 2m-8-9̲a2 2 0 1 0
material-design,fire-off.svg,997,394,1002,732,0,0,0,0,0,fail,svg2tvgt,Error Context: 'M22.11 21.46 2.39 1.73 1.11 3l5.98 6C5.66 10.36 4.88 12.47 5 14.47c.06.5.12 1 .29 1.5.14.6.41 1.2.71 1.73 1.08 1.73 2.95 2.97 4.96 3.22 2.14.27 4.43-.12 6.07-1.6.07-.06.12-.14.19-.21l3
material-design,flag-checkered.svg,265,184,267,208,1279,173,127,116,102,ok,,
material-design,flag-variant-outline.svg,329,229,379,277,0,0,0,0,0,fail,svg2tvgt,Error Context: 'M6 3a1 1 0 0 1 1 1v.88C8.06 4.44 9.5 4 11 4c3 0 3 2 5 2 3 0 4-2 4-2v8s-1 2-4 2-3-2-5-2c-3 0-4 2-4 2v7H5V4a1 1 0 0 1 1-1m1 4.25̲v4.25S9 10 11 10s3 2 5 2 2-1 2-1V7.5S17 …' Unhandled exce
material-design,flash.svg,131,48,124,102,307,45,54,44,44,ok,,
material-design,flashlight-off.svg,226,111,228,185,717,100,102,89,81,ok,,
material-design,flask-empty-outline.svg,410,226,417,346,0,0,0,0,0,fail,svg2tvgt,Error Context: 'M5 19a1 1 0 0 0 1 1h12a1 1 0 0 0 1-1c0-.21-.07-.41-.18-.57L13 8.35V4h-2v4.35L5.18 18.43c-.11.16-.18.36-.18.57m1 3̲a3 3 0 0 1-3-3c0-.6.18-1.16.5-1.63L9 7.8…' Unhandled exception: System
material-design,flask-empty-remove-outline.svg,548,267,567,451,1435,262,243,218,212,ok,,
material-design,flip-horizontal.svg,304,202,307,255,0,0,0,0,0,fail,svg2tvgt,Error Context: 'M15 21h2v-2h-2m4-10̲h2V7h-2M3 5v14c0 1.1.9 2 2 2h4v-2H5V5h4V…' Unhandled exception: System.InvalidOperationException: New MoveTo detected without ClosePath    at SvgPathParser.ParseMov
material-design,floor-lamp-torchiere-variant-outline.svg,225,103,249,174,669,94,97,99,80,ok,,
material-design,floor-lamp-torchiere-variant.svg,188,82,204,144,524,77,82,72,68,ok,,
material-design,flower-tulip-outline.svg,560,285,594,478,0,0,0,0,0,fail,svg2tvgt,Error Context: 'M3 13a9 9 0 0 0 9 9 9 9 0 0 0-9-9m2.44 2.44̲c1.91.71 3.41 2.21 4.12 4.12a7 7 0 0 1-4…' Unhandled exception: System.InvalidOperationException: New MoveTo detected without ClosePath    a
material-design,folder-download-outline.svg,227,132,238,192,0,0,0,0,0,fail,svg2tvgt,Error Context: 'M20 18H4V8h16m0-2̲h-8l-2-2H4a2 2 0 0 0-2 2v12a2 2 0 0 0 2 …' Unhandled exception: System.InvalidOperationException: New MoveTo detected without ClosePath    at SvgPathParser.ParseMoveT
material-design,folder-download.svg,223,116,231,187,667,114,96,95,45,ok,,
material-design,folder-eye.svg,520,301,518,404,0,0,0,0,0,fail,svg2tvgt,Error Context: 'M9.3 20H4c-1.1 0-2-.9-2-2V6c0-1.1.9-2 2-2h6l2 2h8c1.1 0 2 .9 2 2v6.6c-1.4-1-3.1-1.6-5-1.6-3.5 0-6.6 2.1-7.9 5.3l-.3.7.3.7c.1.1.1.2.2.3M23 19̲c-.9 2.3-3.3 4-6 4s-5.1-1.7-6-4c.9-2.3 3…'
material-design,folder-home.svg,225,130,224,192,0,0,0,0,0,fail,svg2tvgt,Error Context: 'M20 6h-8l-2-2H4a2 2 0 0 0-2 2v12a2 2 0 0 0 2 2h16a2 2 0 0 0 2-2V8a2 2 0 0 0-2-2m-3 7̲v4h-2v-3h-2v3h-2v-4H9l5-4 5 4Z' Unhandled exception: System.InvalidOperationException: New MoveTo d
material-design,folder-key-network.svg,482,318,502,377,0,0,0,0,0,fail,svg2tvgt,Error Context: 'M6 5c-1.1 0-2 .9-2 2v8c0 1.1.9 2 2 2h5v2h-1c-.6 0-1 .4-1 1H2v2h7c0 .6.4 1 1 1h4c.6 0 1-.4 1-1h7v-2h-7c0-.6-.4-1-1-1h-1v-2h5c1.1 0 2-.9 2-2V9c0-1.1-.9-2-2-2h-6l-2-2zm3 4c1.3 0 2.4.8 2.8
material-design,folder-lock-open.svg,282,169,520,419,0,0,0,0,0,fail,svg2tvgt,Error Context: 'M14.2 13.5v1.24c-.7.6-1.2 1.5-1.2 2.46V20H4a2 2 0 0 1-2-2V6c0-1.11.89-2 2-2h6l2 2h8a2 2 0 0 1 2 2v2.04A4.9 4.9 0 0 0 19 9c-2.6 0-4.8 2.06-4.8 4.5m7.6 2.5̲h-4.3v-2.5c0-.8.7-1.3 1.5-1.3s
material-design,folder-lock.svg,294,180,520,413,0,0,0,0,0,fail,svg2tvgt,Error Context: 'M13 20H4a2 2 0 0 1-2-2V6c0-1.11.89-2 2-2h6l2 2h8a2 2 0 0 1 2 2v3.04A4.9 4.9 0 0 0 19 10c-2.6 0-4.8 2.06-4.8 4.5v.24c-.7.6-1.2 1.5-1.2 2.46zm10-2.7v3.5c0 .6-.6 1.2-1.3 1.2h-5.5c-.6 0-1.
material-design,folder-open.svg,227,109,236,194,620,108,101,89,26,ok,,
material-design,folder-pound-outline.svg,387,236,400,307,0,0,0,0,0,fail,svg2tvgt,Error Context: 'M20 18H4V8h16m0-2̲h-8l-2-2H4c-1.11 0-2 .89-2 2v12a2 2 0 0 …' Unhandled exception: System.InvalidOperationException: New MoveTo detected without ClosePath    at SvgPathParser.ParseMoveT
material-design,folder-refresh.svg,417,205,539,335,0,0,0,0,0,fail,svg2tvgt,Error Context: 'M18 14.5c1.11 0 2.11.45 2.83 1.17L22 14.5v4h-4l1.77-1.77A2.5 2.5 0 1 0 20 20h1.71A3.99 3.99 0 0 1 18 22.5c-2.21 0-4-1.79-4-4s1.79-4 4-4M10 4̲l2 2h8a2 2 0 0 1 2 2v5c-1-.62-2.21-1-3.5…'
material-design,folder-remove.svg,331,157,411,322,0,0,0,0,0,fail,svg2tvgt,Error Context: 'M13 19c0 .34.04.67.09 1H4a2 2 0 0 1-2-2V6c0-1.11.89-2 2-2h6l2 2h8a2 2 0 0 1 2 2v5.81c-.88-.51-1.9-.81-3-.81-3.31 0-6 2.69-6 6m9.54-2.12̲-1.42-1.41L19 17.59l-2.12-2.12-1.41 1.41…' Unhan
material-design,folder-search-outline.svg,499,256,519,428,0,0,0,0,0,fail,svg2tvgt,Error Context: 'M16.5 12c2.5 0 4.5 2 4.5 4.5 0 .88-.25 1.71-.69 2.4l3.08 3.1L22 23.39l-3.12-3.07c-.69.43-1.51.68-2.38.68-2.5 0-4.5-2-4.5-4.5s2-4.5 4.5-4.5m0 2̲a2.5 2.5 0 0 0-2.5 2.5 2.5 2.5 0 0 0 2.5…
material-design,folder-search.svg,493,255,510,438,0,0,0,0,0,fail,svg2tvgt,Error Context: 'M16.5 12c2.5 0 4.5 2 4.5 4.5 0 .88-.25 1.71-.69 2.4l3.08 3.1L22 23.39l-3.12-3.07c-.69.43-1.51.68-2.38.68-2.5 0-4.5-2-4.5-4.5s2-4.5 4.5-4.5m0 2̲a2.5 2.5 0 0 0-2.5 2.5 2.5 2.5 0 0 0 2.5…
material-design,folder-settings.svg,239,143,247,196,849,134,105,91,43,ok,,
material-design,food-kosher.svg,456,273,455,356,1421,266,200,182,184,ok,,
material-design,food-variant.svg,301,152,307,254,832,149,139,131,115,ok,,
material-design,format-align-middle.svg,237,123,244,195,753,114,101,98,85,ok,,
material-design,format-bold.svg,367,157,366,310,0,0,0,0,0,fail,svg2tvgt,Error Context: 'M13.5 15.5H10v-3h3.5A1.5 1.5 0 0 1 15 14a1.5 1.5 0 0 1-1.5 1.5m-3.5-9̲h3A1.5 1.5 0 0 1 14.5 8 1.5 1.5 0 0 1 13…' Unhandled exception: System.InvalidOperationException: New MoveTo detec
material-design,format-columns.svg,260,188,262,201,1336,167,94,78,26,ok,,
material-design,format-header-2.svg,329,185,332,274,1008,180,149,138,115,ok,,
material-design,format-indent-increase.svg,184,104,194,155,0,0,0,0,0,fail,svg2tvgt,Error Context: 'M11 13h10v-2H11m0-2̲h10V7H11M3 3v2h18V3M11 17h10v-2H11M3 8v8…' Unhandled exception: System.InvalidOperationException: New MoveTo detected without ClosePath    at SvgPathParser.ParseMov
material-design,format-italic.svg,156,63,157,126,429,60,67,64,58,ok,,
material-design,format-letter-case-lower.svg,988,396,1017,671,0,0,0,0,0,fail,svg2tvgt,Error Context: 'M20.06 18a4 4 0 0 1-.2-.89c-.67.7-1.48 1.05-2.41 1.05-.83 0-1.52-.24-2.05-.71-.53-.45-.8-1.06-.8-1.79 0-.88.33-1.56 1-2.05s1.61-.73 2.83-.73h1.4v-.64q0-.735-.45-1.17c-.3-.29-.75-.43-1.
material-design,format-letter-case-upper.svg,984,396,1013,667,0,0,0,0,0,fail,svg2tvgt,Error Context: 'M20.06 18a4 4 0 0 1-.2-.89c-.67.7-1.48 1.05-2.41 1.05-.83 0-1.52-.24-2.05-.71-.53-.45-.8-1.06-.8-1.79 0-.88.33-1.56 1-2.05s1.61-.73 2.83-.73h1.4v-.64q0-.735-.45-1.17c-.3-.29-.75-.43-1.
material-design,format-letter-matches.svg,213,91,222,182,0,0,0,0,0,fail,svg2tvgt,Error Context: 'M11.14 4 6.43 16h1.93l.96-2.57h5.35l.97 2.57h1.93L12.86 4M12 6.29̲l2.03 5.42H9.96M20 14v4H4v-3H2v5h20v-6Z' Unhandled exception: System.InvalidOperationException: New MoveTo detected wi
material-design,format-letter-spacing.svg,279,145,288,220,0,0,0,0,0,fail,svg2tvgt,Error Context: 'M14.4 10.7h4.1l-2-5.4zM15.6 3h1.7L22 15h-1.9l-1-2.6h-5.4l-1 2.6h-1.9zm-4.4 0h1.9L8.4 15H6.7L2 3h1.9l3.6 9.7M19 22̲v-2H5v2l-3-3 3-3v2h14v-2l3 3z' Unhandled exception: System.InvalidOper
material-design,format-list-bulleted-square.svg,188,119,203,151,838,107,91,82,60,ok,,
material-design,format-list-group.svg,172,98,177,135,687,89,81,70,26,ok,,
material-design,format-size.svg,153,76,152,120,534,71,75,66,54,ok,,
material-design,format-strikethrough.svg,155,75,163,124,0,0,0,0,0,fail,svg2tvgt,Error Context: 'M3 14h18v-2H3m2-8̲v3h5v3h4V7h5V4m-9 15h4v-3h-4z' Unhandled exception: System.InvalidOperationException: New MoveTo detected without ClosePath    at SvgPathParser.ParseMoveTo() in /tmp/
material-design,format-text-rotation-angle-up.svg,289,106,306,245,0,0,0,0,0,fail,svg2tvgt,Error Context: 'M20.58 9.33v4.22l-1.41-1.41L10.31 21l-1.4-1.41 8.81-8.86-1.41-1.4M7.59 11̲l2.63-2.61-4.88-2.25M4.5 4.22l11.11 4.41…' Unhandled exception: System.InvalidOperationException: New MoveTo d
material-design,format-text-rotation-up.svg,238,103,249,175,674,92,95,81,26,ok,,
material-design,format-text-variant-outline.svg,401,175,416,344,0,0,0,0,0,fail,svg2tvgt,Error Context: 'M11 3c-.82 0-1.56.5-1.86 1.27l-5.5 14C3.12 19.58 4.09 21 5.5 21h2.25c.84 0 1.58-.5 1.87-1.3l.64-1.7h3.48l.64 1.7c.29.8 1.04 1.3 1.87 1.3h2.25c1.41 0 2.38-1.42 1.86-2.73l-5.5-14C14.56 3
material-design,format-text-variant.svg,171,70,178,141,0,0,0,0,0,fail,svg2tvgt,Error Context: 'M9.6 14 12 7.7l2.4 6.3M11 5̲ 5.5 19h2.2l1.1-3H15l1.1 3h2.2L13 5z' Unhandled exception: System.InvalidOperationException: New MoveTo detected without ClosePath    at SvgPathParser.Parse
material-design,format-text-wrapping-overflow.svg,180,99,197,135,671,88,82,78,63,ok,,
material-design,format-title.svg,130,47,130,101,326,44,57,49,42,ok,,
material-design,format-wrap-square.svg,242,172,248,192,1185,151,106,88,26,ok,,
material-design,forward.svg,131,48,126,101,305,45,54,47,46,ok,,
material-design,fridge-alert-outline.svg,294,205,312,239,1292,190,140,129,109,ok,,
material-design,fridge-off-outline.svg,365,202,381,299,1227,191,170,176,26,ok,,
material-design,fridge-variant-outline.svg,247,149,267,203,0,0,0,0,0,fail,svg2tvgt,Error Context: 'M17 2H7c-1.1 0-2 .9-2 2v15a2 2 0 0 0 2 2v1h2v-1h6v1h2v-1c1.11 0 2-.89 2-2V4a2 2 0 0 0-2-2M7 19̲v-5h3v-4H7V4h4v15zm10 0h-4V4h4z' Unhandled exception: System.InvalidOperationException: N
material-design,fridge-variant.svg,240,137,252,196,0,0,0,0,0,fail,svg2tvgt,Error Context: 'M19 4v15c0 1.11-.89 2-2 2v1h-2v-1h-2.5V2H17a2 2 0 0 1 2 2M7 2̲h4.5v19H9v1H7v-1a2 2 0 0 1-2-2V4c0-1.1.9…' Unhandled exception: System.InvalidOperationException: New MoveTo detected with
material-design,fruit-watermelon.svg,634,406,714,483,0,0,0,0,0,fail,svg2tvgt,Error Context: 'M16.4 16.4c3.4-3.4 3.4-8.9 0-12.2L4.2 16.4c3.3 3.4 8.8 3.4 12.2 0M16 7̲c.6 0 1 .4 1 1s-.4 1-1 1-1-.4-1-1 .4-1 1…' Unhandled exception: System.InvalidOperationException: New MoveTo dete
material-design,fullscreen-exit.svg,186,110,189,146,778,101,85,72,53,ok,,
material-design,fuse-blade.svg,274,160,275,222,968,149,120,119,100,ok,,
material-design,gamepad-circle-up.svg,571,389,576,502,0,0,0,0,0,fail,svg2tvgt,Error Context: 'M5 8a4 4 0 0 1 4 4 4 4 0 0 1-4 4 4 4 0 0 1-4-4 4 4 0 0 1 4-4m7-7̲a4 4 0 0 1 4 4 4 4 0 0 1-4 4 4 4 0 0 1-4…' Unhandled exception: System.InvalidOperationException: New MoveTo detected w
material-design,gamepad-down.svg,241,131,241,175,849,118,93,91,85,ok,,
material-design,gamepad-round-outline.svg,299,196,308,253,0,0,0,0,0,fail,svg2tvgt,Error Context: 'M4 8h4V4a2 2 0 0 1 2-2h4a2 2 0 0 1 2 2v4h4a2 2 0 0 1 2 2v4a2 2 0 0 1-2 2h-4v4a2 2 0 0 1-2 2h-4a2 2 0 0 1-2-2v-4H4a2 2 0 0 1-2-2v-4a2 2 0 0 1 2-2m0 2̲v4h6v6h4v-6h6v-4h-6V4h-4v6z' Unhand
material-design,gantry-crane.svg,947,500,1008,658,3260,473,336,325,308,ok,,
material-design,garage-open-variant.svg,152,71,159,119,470,64,68,59,50,ok,,
material-design,gas-station-off-outline.svg,620,336,674,502,1843,319,276,254,247,ok,,
material-design,gavel.svg,683,294,717,535,0,0,0,0,0,fail,svg2tvgt,Error Context: 'm2.3 20.28 9.6-9.6-1.4-1.42-.72.71a.996.996 0 0 1-1.41 0l-.71-.71a.996.996 0 0 1 0-1.41l5.66-5.66a.996.996 0 0 1 1.41 0l.71.71c.39.39.39 1.02 0 1.41l-.71.69 1.42 1.43a.996.996 0 0 1 1.
material-design,gender-female.svg,294,159,295,250,0,0,0,0,0,fail,svg2tvgt,Error Context: 'M12 4a6 6 0 0 1 6 6c0 2.97-2.16 5.44-5 5.92V18h2v2h-2v2h-2v-2H9v-2h2v-2.08c-2.84-.48-5-2.95-5-5.92a6 6 0 0 1 6-6m0 2̲a4 4 0 0 0-4 4 4 4 0 0 0 4 4 4 4 0 0 0 4…' Unhandled exception: Sys
material-design,gesture-swipe-vertical.svg,353,181,363,291,1044,176,160,146,129,ok,,
material-design,gesture-tap-hold.svg,458,224,462,374,1195,221,188,178,162,ok,,
material-design,gift-open.svg,812,344,815,643,0,0,0,0,0,fail,svg2tvgt,Error Context: 'm22 10.92-2.74-1.59c2.64-2.25-.01-6.45-3.18-5.02l-.87.37-.11-.96c-.1-1.08-.66-1.85-1.4-2.3-1.64-.953-4.14-.3-4.54 2.08L6.41 1.92c-.96-.56-2.18-.23-2.73.73l-1 1.73c-.28.48-.11 1.09.37 1
material-design,gift.svg,499,286,493,423,0,0,0,0,0,fail,svg2tvgt,Error Context: 'M9.06 1.93C7.17 1.92 5.33 3.74 6.17 6H3a2 2 0 0 0-2 2v2a1 1 0 0 0 1 1h9V8h2v3h9a1 1 0 0 0 1-1V8a2 2 0 0 0-2-2h-3.17C19 2.73 14.6.42 12.57 3.24L12 4l-.57-.78c-.63-.89-1.5-1.28-2.37-1.29
material-design,git.svg,620,276,617,504,1405,275,226,240,206,ok,,
material-design,glass-mug-variant-off.svg,600,311,645,503,0,0,0,0,0,fail,svg2tvgt,Error Context: 'M8.44 5.24 7 3.79C7.71 3.29 8.57 3 9.5 3c1.03 0 2 .35 2.82 1H14c2.21 0 4 1.79 4 4v2h2c.55 0 1 .45 1 1v6.8l-2-2V12h-2v1.8l-5.74-5.74C11.5 8 11.73 8 12 8h4a2 2 0 0 0-2-2h-2.5a2.49 2.49 0
material-design,glass-mug-variant.svg,452,243,485,379,0,0,0,0,0,fail,svg2tvgt,Error Context: 'M9.5 3C7.56 3 5.85 4.24 5.23 6.08A3.996 3.996 0 0 0 6 14v8h11v-2h3c.55 0 1-.45 1-1v-8c0-.55-.45-1-1-1h-2V8c0-2.21-1.79-4-4-4h-1.68c-.82-.65-1.79-1-2.82-1m0 2̲c.79 0 1.53.37 2 1H14a2 2
material-design,glass-pint-outline.svg,150,60,156,120,376,53,63,55,52,ok,,
material-design,golf-tee.svg,885,644,881,668,0,0,0,0,0,fail,svg2tvgt,Error Context: 'M7 19v-2h10v2h-2c-.5 0-1 .2-1.4.6s-.6.9-.6 1.4v1h-2v-1c0-.5-.2-1-.6-1.4S9.5 19 9 19zm4-13c0-.3.1-.5.3-.7s.4-.3.7-.3.5.1.7.3.3.4.3.7-.1.5-.3.7-.4.3-.7.3-.5-.1-.7-.3-.3-.4-.3-.7m2 2̲c0-.
material-design,google-chrome.svg,594,311,597,516,0,0,0,0,0,fail,svg2tvgt,Error Context: 'm12 20 3.46-6h-.01c.34-.6.55-1.27.55-2 0-1.2-.54-2.27-1.38-3h4.79c.38.93.59 1.94.59 3a8 8 0 0 1-8 8m-8-8̲c0-1.46.39-2.82 1.07-4l3.47 6h.01c.69 1.…' Unhandled exception: System.InvalidO
material-design,google-earth.svg,1166,504,1202,893,0,0,0,0,0,fail,svg2tvgt,Error Context: 'M12 12.14c-.91-1.37-1.86-2.36-2.86-2.95-1-.6-1.87-.81-2.64-.64-.73.18-1.36.59-1.86 1.25-.44.59-.64 1.26-.64 2.01V12c0 .78.11 1.58.36 2.39.09.25.14.25.19 0 .12-.62.41-1.08.86-1.36.46-.2
material-design,google-hangouts.svg,270,132,274,224,0,0,0,0,0,fail,svg2tvgt,Error Context: 'm15 11-1 2h-1.5l1-2H12V8h3m-4 3̲-1 2H8.5l1-2H8V8h3m.5-6A8.5 8.5 0 0 0 3 …' Unhandled exception: System.InvalidOperationException: New MoveTo detected without ClosePath    at SvgPathPar
material-design,google-nearby.svg,364,145,365,274,0,0,0,0,0,fail,svg2tvgt,Error Context: 'm21.36 10.46-7.82-7.82c-.85-.85-2.23-.85-3.08 0l-7.82 7.82c-.85.85-.85 2.23 0 3.08l7.82 7.82c.85.85 2.23.85 3.08 0l7.82-7.82c.85-.85.85-2.23 0-3.08M12 19̲l-7-7 7-7 7 7zm4.5-7L12 16.5 7
material-design,grease-pencil.svg,424,158,425,329,0,0,0,0,0,fail,svg2tvgt,Error Context: 'M18.62 1.5c-.51 0-1.02.19-1.41.59l-6.46 6.46 4.2 4.19 6.46-6.45c.79-.79.79-2.05 0-2.83l-1.37-1.37c-.39-.4-.9-.59-1.42-.59m-8.82 8̲-6.57 6.57.7.7c-.53.47-1.04 1.01-1.55 1.…' Unhandled e
material-design,greater-than.svg,161,53,161,124,318,48,61,53,25,ok,,
material-design,grid-large.svg,245,152,243,202,0,0,0,0,0,fail,svg2tvgt,Error Context: 'M4 2h16a2 2 0 0 1 2 2v16a2 2 0 0 1-2 2H4c-1.08 0-2-.9-2-2V4a2 2 0 0 1 2-2m0 2̲v7h7V4zm0 16h7v-7H4zm16 0v-7h-7v7zm0-16h…' Unhandled exception: System.InvalidOperationException: New Move
material-design,grill-outline.svg,835,403,836,691,0,0,0,0,0,fail,svg2tvgt,Error Context: 'M17 22a3 3 0 1 0-2.82-4H9.14l1.99-3.06a6.4 6.4 0 0 0 1.74 0l1.02 1.56c.42-.5.96-.94 1.61-1.2l-.61-.93A7 7 0 0 0 19 8H5a7 7 0 0 0 4.12 6.37l-3.95 6.08a1 1 0 0 0 1.67 1.09l1-1.54h6.34A3
material-design,guitar-pick-outline.svg,665,320,739,538,0,0,0,0,0,fail,svg2tvgt,Error Context: 'M19 4.1c-.9-.8-2-1.3-3.2-1.6-.3-.1-2.2-.5-3.6-.5h-.4c-1.4 0-3.4.4-3.7.5-1.1.3-2.2.8-3.1 1.6C3 5.9 3 8.7 4 11c1 2.5 2.1 4.7 3.6 6.9C8.8 19.6 10.1 22 12 22s3.2-2.4 4.5-4.1c1.5-2.1 2.6-4.
material-design,hail.svg,457,236,449,385,1269,231,195,181,165,ok,,
material-design,hamburger-minus.svg,373,210,421,305,0,0,0,0,0,fail,svg2tvgt,Error Context: 'M21 9H3s0-6 9-6 9 6 9 6m-7.65 8̲H3v1c0 1.66 1.34 3 3 3h7.35c-.22-.63-.35…' Unhandled exception: System.InvalidOperationException: New MoveTo detected without ClosePath    at SvgPathPar
material-design,hamburger-plus.svg,397,234,444,325,0,0,0,0,0,fail,svg2tvgt,Error Context: 'M21 9H3s0-6 9-6 9 6 9 6m-7.65 8̲H3v1c0 1.66 1.34 3 3 3h7.35c-.22-.63-.35…' Unhandled exception: System.InvalidOperationException: New MoveTo detected without ClosePath    at SvgPathPar
material-design,hammer-screwdriver.svg,453,190,459,375,1227,183,183,167,164,ok,,
material-design,hammer-wrench.svg,573,238,580,465,1432,233,220,204,204,ok,,
material-design,hammer.svg,285,107,279,233,645,102,115,107,97,ok,,
material-design,hand-back-right-off.svg,524,238,614,447,0,0,0,0,0,fail,svg2tvgt,Error Context: 'm20.84 22.73-1.67-1.67C17.7 22.85 15.5 24 13 24c-3.26 0-6.19-2-7.4-5l-3.03-7.63a1 1 0 0 1 1.24-1.32l.79.26c.56.19 1.02.61 1.24 1.16L7.25 15H8V9.89L1.11 3l1.28-1.27 19.72 19.73zM14 1.25
material-design,hand-okay.svg,822,345,883,641,2070,340,318,288,297,ok,,
material-design,hand-pointing-down.svg,354,158,360,278,0,0,0,0,0,fail,svg2tvgt,Error Context: 'M9.9 21V11l-3.2 1.69-.2.03c-.31 0-.57-.12-.76-.32L5 11.63l4.9-4.2c.26-.27.6-.43 1-.43h6.5c.77 0 1.5.7 1.5 1.5v4.36c0 .61-.35 1.14-.85 1.34l-4.94 2.2-1.21.13V21a1 1 0 0 1-1 1 1 1 0 0 1-
material-design,handshake-outline.svg,876,430,893,678,2319,423,372,346,360,ok,,
material-design,harddisk-plus.svg,540,315,541,468,0,0,0,0,0,fail,svg2tvgt,Error Context: 'M12 9a1 1 0 1 0 1 1 1 1 0 0 0-1-1m0 0̲a1 1 0 1 0 1 1 1 1 0 0 0-1-1m6-7H6a2 2 0…' Unhandled exception: System.InvalidOperationException: New MoveTo detected without ClosePath    at SvgP
material-design,head-dots-horizontal.svg,466,282,474,366,0,0,0,0,0,fail,svg2tvgt,Error Context: 'M13 3C9.23 3 6.19 5.95 6 9.66l-1.92 2.53c-.24.31 0 .81.42.81H6v3c0 1.11.89 2 2 2h1v3h7v-4.69c2.37-1.12 4-3.51 4-6.31 0-3.86-3.12-7-7-7m-3 8̲c-.55 0-1-.45-1-1s.45-1 1-1 1 .45 1 1-.4…' U
material-design,head-heart-outline.svg,667,317,675,560,0,0,0,0,0,fail,svg2tvgt,Error Context: 'M13 3c3.88 0 7 3.14 7 7 0 2.8-1.63 5.19-4 6.31V21H9v-3H8c-1.11 0-2-.89-2-2v-3H4.5c-.42 0-.66-.5-.42-.81L6 9.66A7.003 7.003 0 0 1 13 3m0-2̲C8.41 1 4.61 4.42 4.06 8.9L2.5 11h-.03l-…' Unh
material-design,head-minus.svg,255,128,253,203,0,0,0,0,0,fail,svg2tvgt,Error Context: 'M13 3C9.2 3 6.2 5.9 6 9.7l-1.9 2.5c-.2.3 0 .8.4.8H6v3c0 1.1.9 2 2 2h1v3h7v-4.7c2.4-1.1 4-3.5 4-6.3 0-3.9-3.1-7-7-7m4 7̲H9V8h8z' Unhandled exception: System.InvalidOperationException: N
material-design,head-sync.svg,555,265,562,461,0,0,0,0,0,fail,svg2tvgt,Error Context: 'M13 3C9.23 3 6.19 5.95 6 9.66l-1.92 2.53c-.24.31 0 .81.42.81H6v3c0 1.11.89 2 2 2h1v3h7v-4.69c2.37-1.12 4-3.51 4-6.31 0-3.86-3.12-7-7-7m0 12̲v-1.5c-2.21 0-4-1.79-4-4 0-.82.25-1.58.6…' U
material-design,heart-half.svg,197,75,204,169,389,74,87,79,69,ok,,
material-design,heart-plus-outline.svg,566,269,572,484,0,0,0,0,0,fail,svg2tvgt,Error Context: 'm12.67 20.74-.67.61-1.45-1.32C5.4 15.36 2 12.27 2 8.5 2 5.41 4.42 3 7.5 3c1.74 0 3.41.81 4.5 2.08C13.09 3.81 14.76 3 16.5 3 19.58 3 22 5.41 22 8.5c0 1.43-.5 2.76-1.38 4.11-.62-.3-1.31-
material-design,heart-settings-outline.svg,511,258,521,448,0,0,0,0,0,fail,svg2tvgt,Error Context: 'M7 22h2v2H7zm4 2h2v-2h-2zm4 0h2v-2h-2zm7-15.5c0 3.77-3.4 6.86-8.55 11.53L12 21.35l-1.45-1.32C5.4 15.36 2 12.27 2 8.5 2 5.41 4.42 3 7.5 3c1.74 0 3.41.81 4.5 2.08C13.09 3.81 14.76 3 16.5
material-design,help-circle.svg,411,209,421,360,0,0,0,0,0,fail,svg2tvgt,Error Context: 'm15.07 11.25-.9.92C13.45 12.89 13 13.5 13 15h-2v-.5c0-1.11.45-2.11 1.17-2.83l1.24-1.26c.37-.36.59-.86.59-1.41a2 2 0 0 0-2-2 2 2 0 0 0-2 2H8a4 4 0 0 1 4-4 4 4 0 0 1 4 4 3.2 3.2 0 0 1-.9
material-design,help-network-outline.svg,851,425,859,630,0,0,0,0,0,fail,svg2tvgt,Error Context: 'M15 20a1 1 0 0 0-1-1h-1v-2h4a2 2 0 0 0 2-2V5a2 2 0 0 0-2-2H7a2 2 0 0 0-2 2v10a2 2 0 0 0 2 2h4v2h-1a1 1 0 0 0-1 1H2v2h7a1 1 0 0 0 1 1h4a1 1 0 0 0 1-1h7v-2zm-8-5V5h10v10zm4.95-9c-.78 0-1
material-design,help-rhombus.svg,582,240,582,430,0,0,0,0,0,fail,svg2tvgt,Error Context: 'M12 2c-.5 0-1 .19-1.41.59l-8 8c-.79.78-.79 2.04 0 2.82l8 8c.78.79 2.04.79 2.82 0l8-8c.79-.78.79-2.04 0-2.82l-8-8C13 2.19 12.5 2 12 2m0 4.95̲c2.7.11 3.87 2.83 2.28 4.86-.42.5-1.09.8…' U
material-design,home-analytics.svg,167,84,169,136,0,0,0,0,0,fail,svg2tvgt,Error Context: 'M12 3 2 12h3v8h14v-8h3M9 18̲H7v-6h2m4 6h-2v-8h2m4 8h-2v-4h2' Unhandled exception: System.InvalidOperationException: New MoveTo detected without ClosePath    at SvgPathParser.ParseMoveT
material-design,home-floor-0.svg,230,130,230,184,755,121,96,85,72,ok,,
material-design,home-import-outline.svg,178,95,202,158,656,93,90,87,26,ok,,
material-design,home-remove.svg,271,113,324,254,0,0,0,0,0,fail,svg2tvgt,Error Context: 'm14.46 15.88 1.42-1.42L18 16.59l2.12-2.12 1.42 1.41L19.41 18l2.13 2.12-1.42 1.42L18 19.41l-2.12 2.13-1.42-1.42L16.59 18l-2.12-2.12M12 3̲l10 9h-4a6.005 6.005 0 0 0-5.66 8H5v-8H2…' Unhan
material-design,home-thermometer.svg,241,131,412,308,0,0,0,0,0,fail,svg2tvgt,Error Context: 'M19 8a2 2 0 0 1 2 2v6.76c.61.55 1 1.35 1 2.24 0 1.66-1.34 3-3 3s-3-1.34-3-3c0-.89.39-1.69 1-2.24V10c0-1.1.9-2 2-2m0 1̲c-.55 0-1 .45-1 1v1h2v-1c0-.55-.45-1-1-1…' Unhandled exception: Sy
material-design,home-variant-outline.svg,161,78,169,128,499,73,77,63,61,ok,,
material-design,horizontal-rotate-counterclockwise.svg,389,201,411,335,0,0,0,0,0,fail,svg2tvgt,Error Context: 'M12 10H9.09C9.43 6.55 10.6 4 12 4s2.57 2.55 2.91 6h1.99c-.46-4.56-2.48-8-4.9-8s-4.44 3.44-4.9 8H4l4 4zm0 10c-1.27 0-2.36-2.11-2.79-5.08L8 16.12l-.7-.7C8 19.26 9.84 22 12 22c2.42 0 4.44
material-design,human-child.svg,205,112,204,174,0,0,0,0,0,fail,svg2tvgt,Error Context: 'M12 2a3 3 0 0 1 3 3 3 3 0 0 1-3 3 3 3 0 0 1-3-3 3 3 0 0 1 3-3m-1 20̲H8v-6H6V9h12v7h-2v6h-3v-4h-2z' Unhandled exception: System.InvalidOperationException: New MoveTo detected without Cl
material-design,human-female-female.svg,395,228,408,325,0,0,0,0,0,fail,svg2tvgt,Error Context: 'M7.5 2a2 2 0 0 1 2 2 2 2 0 0 1-2 2 2 2 0 0 1-2-2 2 2 0 0 1 2-2M6 22̲v-6H3l2.6-7.6c.3-.8 1-1.4 1.9-1.4s1.7.6 …' Unhandled exception: System.InvalidOperationException: New MoveTo detecte
material-design,human-male-child.svg,437,259,441,370,0,0,0,0,0,fail,svg2tvgt,Error Context: 'M7 2c-1.1 0-2 .9-2 2s.9 2 2 2 2-.89 2-2-.89-2-2-2M5 7̲c-1.11 0-2 .89-2 2v6h2v7h5V11.6l2.53 4.4…' Unhandled exception: System.InvalidOperationException: New MoveTo detected without Clos
material-design,human-white-cane.svg,636,276,682,502,0,0,0,0,0,fail,svg2tvgt,Error Context: 'M8 4a2 2 0 1 1 4 0c0 1.11-.89 2-2 2a2 2 0 0 1-2-2m12.65 17.5̲L14.5 10.85c-.73 0-1.27-.2-1.86-.59-.6-.…' Unhandled exception: System.InvalidOperationException: New MoveTo detected witho
material-design,ice-cream-off.svg,452,197,453,358,1008,184,188,166,150,ok,,
material-design,image-filter-frames.svg,236,137,243,204,0,0,0,0,0,fail,svg2tvgt,Error Context: 'M18 8H6v10h12m2 2̲H4V6h4.5l3.54-3.5L15.5 6H20m0-2h-4l-4-4-…' Unhandled exception: System.InvalidOperationException: New MoveTo detected without ClosePath    at SvgPathParser.ParseMoveT
material-design,image-frame.svg,442,215,441,360,1221,202,180,182,173,ok,,
material-design,image-off.svg,257,124,254,200,713,115,114,108,88,ok,,
material-design,inbox-arrow-up.svg,256,156,267,220,879,152,106,104,83,ok,,
material-design,inbox-outline.svg,290,164,291,256,0,0,0,0,0,fail,svg2tvgt,Error Context: 'M19 3H5a2 2 0 0 0-2 2v14a2 2 0 0 0 2 2h14a2 2 0 0 0 2-2V5a2 2 0 0 0-2-2M5 19̲v-2h3.13a4.13 4.13 0 0 0 1.27 2m9.6 0h-4…' Unhandled exception: System.InvalidOperationException: New MoveT
material-design,inbox-remove.svg,355,195,355,292,0,0,0,0,0,fail,svg2tvgt,Error Context: 'M19 15h-4c0 1.7-1.3 3-3 3s-3-1.3-3-3H5V5h14m0-2̲H5c-1.1 0-2 .9-2 2v14c0 1.1.9 2 2 2h14c1…' Unhandled exception: System.InvalidOperationException: New MoveTo detected without ClosePath
material-design,incognito-circle.svg,933,389,989,695,0,0,0,0,0,fail,svg2tvgt,Error Context: 'M12 2c5.5 0 10 4.5 10 10s-4.5 10-10 10S2 17.5 2 12 6.5 2 12 2m2.92 10.81̲c-1.08 0-1.97.75-2.21 1.75-.54-.23-1.05-…' Unhandled exception: System.InvalidOperationException: New MoveTo de
material-design,induction.svg,775,427,781,655,0,0,0,0,0,fail,svg2tvgt,Error Context: 'M23 2c-2.25 0-4.25.61-5.81 1.33C15.79 2.61 14 2 12 2s-3.79.61-5.19 1.33C5.25 2.61 3.25 2 1 2v2c1.36 0 2.61.27 3.71.64-.68.51-1.08.9-1.12.95C3.21 5.96 3 6.47 3 7v11c0 2.21 1.79 4 4 4s4-
material-design,information.svg,205,99,204,178,0,0,0,0,0,fail,svg2tvgt,Error Context: 'M13 9h-2V7h2m0 10̲h-2v-6h2m-1-9A10 10 0 0 0 2 12a10 10 0 0…' Unhandled exception: System.InvalidOperationException: New MoveTo detected without ClosePath    at SvgPathParser.ParseMoveT
material-design,ip-network-outline.svg,375,265,381,315,0,0,0,0,0,fail,svg2tvgt,Error Context: 'M15 20a1 1 0 0 0-1-1h-1v-2h4a2 2 0 0 0 2-2V5a2 2 0 0 0-2-2H7a2 2 0 0 0-2 2v10a2 2 0 0 0 2 2h4v2h-1a1 1 0 0 0-1 1H2v2h7a1 1 0 0 0 1 1h4a1 1 0 0 0 1-1h7v-2zm-8-5V5h10v10zm3-9H8v8h2zm4 0h
material-design,keg.svg,253,166,252,212,1049,163,116,108,87,ok,,
material-design,key-change.svg,449,300,447,394,0,0,0,0,0,fail,svg2tvgt,Error Context: 'M7.5 2c2 0 3.6 1.2 4.2 3H21v3h-3v3h-3V8h-3.3c-.6 1.8-2.3 3-4.2 3C5 11 3 9 3 6.5S5 2 7.5 2m0 3̲C6.7 5 6 5.7 6 6.5S6.7 8 7.5 8 9 7.3 9 6…' Unhandled exception: System.InvalidOperationExc
material-design,key-plus.svg,301,194,297,258,0,0,0,0,0,fail,svg2tvgt,Error Context: 'M7.5 3c2 0 3.6 1.2 4.2 3H21v3h-3v3h-3V9h-3.3c-.6 1.8-2.3 3-4.2 3C5 12 3 10 3 7.5S5 3 7.5 3m0 3̲C6.7 6 6 6.7 6 7.5S6.7 9 7.5 9 9 8.3 9 7…' Unhandled exception: System.InvalidOperationEx
material-design,keyboard-close.svg,334,251,341,283,0,0,0,0,0,fail,svg2tvgt,Error Context: 'm12 23 4-4H8M19 8̲h-2V6h2m0 5h-2V9h2m-3-1h-2V6h2m0 5h-2V9h…' Unhandled exception: System.InvalidOperationException: New MoveTo detected without ClosePath    at SvgPathParser.ParseMoveT
material-design,keyboard-esc.svg,357,241,381,288,0,0,0,0,0,fail,svg2tvgt,Error Context: 'M1 7h6v2H3v2h4v2H3v2h4v2H1zm10 0h4v2h-4v2h2a2 2 0 0 1 2 2v2c0 1.11-.89 2-2 2H9v-2h4v-2h-2a2 2 0 0 1-2-2V9c0-1.1.9-2 2-2m8 0̲h2a2 2 0 0 1 2 2v1h-2V9h-2v6h2v-1h2v1c0 …' Unhandled excepti
material-design,keyboard-f2.svg,231,132,235,177,820,127,107,98,26,ok,,
material-design,keyboard-f5.svg,210,119,216,164,772,114,98,87,57,ok,,
material-design,keyboard-f6.svg,251,149,264,195,0,0,0,0,0,fail,svg2tvgt,Error Context: 'M5 7h6v2H7v2h3v2H7v4H5zm10 0h4v2h-4v2h2a2 2 0 0 1 2 2v2c0 1.11-.89 2-2 2h-2a2 2 0 0 1-2-2V9c0-1.1.9-2 2-2m0 6̲v2h2v-2z' Unhandled exception: System.InvalidOperationException: New MoveT
material-design,keyboard-f7.svg,161,83,160,124,558,76,74,68,46,ok,,
material-design,keyboard-outline.svg,366,287,370,289,1891,260,136,115,109,ok,,
material-design,keyboard-tab-reverse.svg,176,76,184,142,0,0,0,0,0,fail,svg2tvgt,Error Context: 'M4 6H2v12h2m7-12̲-6 6 6 6 1.41-1.42L8.83 13H23v-2H8.83l3.…' Unhandled exception: System.InvalidOperationException: New MoveTo detected without ClosePath    at SvgPathParser.ParseMoveTo
material-design,kite.svg,649,256,652,491,1330,251,245,228,236,ok,,
material-design,klingon.svg,1492,590,1543,1141,0,0,0,0,0,fail,svg2tvgt,Error Context: 'm4.79 21.5-.08-.26c-.18-.59-.24-1.16-.21-1.84.1-1.23.64-2.09 1.32-2.81a6.3 6.3 0 0 1-.29-1.85c0-1.74.73-3.3 1.92-4.44.88-.84 2.01-1.44 3.26-1.7.66-2.37 1.09-4.8 1.29-7.1.24 2 .65 4.62
material-design,kubernetes.svg,4549,1892,4697,3112,0,0,0,0,0,fail,svg2tvgt,Error Context: 'M13.95 13.5h-.23c-.18.11-.26.32-.18.5l.86 2.11c.83-.53 1.46-1.32 1.79-2.25l-2.23-.36zm-3.45.29a.415.415 0 0 0-.38-.29h-.08l-2.22.37c.33.92.96 1.7 1.79 2.23l.85-2.07V14c.04-.05.04-.14.0
material-design,ladder.svg,190,110,184,147,778,101,88,82,70,ok,,
material-design,lamps-outline.svg,263,160,264,203,1078,143,124,117,26,ok,,
material-design,lan-connect.svg,381,237,385,301,1344,226,175,153,30,ok,,
material-design,language-cpp.svg,636,307,647,509,0,0,0,0,0,fail,svg2tvgt,Error Context: 'm10.5 15.97.41 2.44c-.26.14-.68.27-1.24.39-.57.13-1.24.2-2.01.2-2.21-.04-3.87-.7-4.98-1.96Q1 15.135 1 12.21c.05-2.31.72-4.08 2-5.32C4.32 5.64 5.96 5 7.94 5c.75 0 1.4.07 1.94.19s.94.25
material-design,language-haskell.svg,303,126,307,241,863,117,115,118,103,ok,,
material-design,language-ruby.svg,468,189,477,401,1203,182,179,178,169,ok,,
material-design,laptop-off.svg,302,164,305,243,954,155,133,123,98,ok,,
material-design,laravel.svg,1675,737,1989,1180,0,0,0,0,0,fail,svg2tvgt,Error Context: 'M21.7 6.53c.01.02.01.05.01.08v4.29c0 .1-.06.22-.15.27l-3.61 2.08v4.11c0 .11-.05.21-.15.27l-7.52 4.33c-.02.01-.04.04-.06.04H10s0-.03-.04-.04l-7.52-4.33a.32.32 0 0 1-.15-.27V4.5c0-.05 0-
material-design,launch.svg,234,125,228,201,0,0,0,0,0,fail,svg2tvgt,Error Context: 'M14 3v2h3.59l-9.83 9.83 1.41 1.41L19 6.41V10h2V3m-2 16̲H5V5h7V3H5c-1.11 0-2 .89-2 2v14a2 2 0 0 …' Unhandled exception: System.InvalidOperationException: New MoveTo detected without Clo
material-design,layers-edit.svg,383,164,404,297,0,0,0,0,0,fail,svg2tvgt,Error Context: 'M4.63 10.27 3 9l9-7 7.94 6.17-7.44 7.44-.5.39zM10 18.94v-.83l.59-.58.04-.03-6.01-4.69L3 14.07l7 5.43zm11.7-6.36-1.28-1.28a.55.55 0 0 0-.77 0l-1 1 2.05 2.05 1-1a.55.55 0 0 0 0-.77M12 21
material-design,layers-triple.svg,270,123,271,202,696,110,98,103,85,ok,,
material-design,lead-pencil.svg,390,146,389,310,0,0,0,0,0,fail,svg2tvgt,Error Context: 'M16.84 2.73c-.39 0-.77.15-1.07.44l-2.12 2.12 5.3 5.31 2.12-2.1c.6-.61.6-1.56 0-2.14L17.9 3.17c-.3-.29-.68-.44-1.06-.44M12.94 6̲l-8.1 8.11 2.56.28.18 2.29 2.28.17.29 2.…' Unhandled exce
material-design,leak-off.svg,707,333,709,590,0,0,0,0,0,fail,svg2tvgt,Error Context: 'M10 3H8c0 .37-.04.72-.12 1.06l1.59 1.59C9.81 4.84 10 3.94 10 3M3 4.27̲l2.84 2.84C5.03 7.67 4.06 8 3 8v2c1.61 0…' Unhandled exception: System.InvalidOperationException: New MoveTo detec
material-design,led-strip-variant.svg,676,293,681,462,1889,248,233,212,214,ok,,
material-design,led-variant-off.svg,278,143,281,230,0,0,0,0,0,fail,svg2tvgt,Error Context: 'M12 3c-1.95 0-3.57 1.4-3.92 3.25L16.82 15H18v-2h-2V7a4 4 0 0 0-4-4M3.28 4̲ 2 5.27l6 6V13H6v2h3v6h2v-6h.73L13 16.27…' Unhandled exception: System.InvalidOperationException: New MoveTo d
material-design,leek.svg,301,147,293,233,898,132,128,112,103,ok,,
material-design,license.svg,652,317,647,597,0,0,0,0,0,fail,svg2tvgt,Error Context: 'M9 10a3.04 3.04 0 0 1 3-3 3.04 3.04 0 0 1 3 3 3.04 3.04 0 0 1-3 3 3.04 3.04 0 0 1-3-3m3 9̲ 4 1v-3.08A7.54 7.54 0 0 1 12 18a7.54 7.…' Unhandled exception: System.InvalidOperationExcepti
material-design,lightbulb-alert-outline.svg,429,253,440,348,0,0,0,0,0,fail,svg2tvgt,Error Context: 'M10 2c3.9 0 7 3.1 7 7 0 2.4-1.2 4.5-3 5.7V17c0 .6-.4 1-1 1H7c-.6 0-1-.4-1-1v-2.3C4.2 13.5 3 11.4 3 9c0-3.9 3.1-7 7-7M7 21̲v-1h6v1c0 .6-.4 1-1 1H8c-.6 0-1-.4-1-1m3…' Unhandled exception
material-design,lightbulb-group-off-outline.svg,1017,495,1056,812,0,0,0,0,0,fail,svg2tvgt,Error Context: 'M22.11 21.46 2.39 1.73 1.11 3 5.2 7.09C3.25 7.5 1.85 9.27 2 11.31c.12 1.31.86 2.48 2 3.14V16c0 .55.45 1 1 1h2v-2.12c-1.28-1.3-2-3.05-2-4.88 0-.89.18-1.77.5-2.6L7.12 9c-.38 1.84.28 3.8
material-design,lighthouse.svg,280,149,278,222,964,138,133,118,105,ok,,
material-design,link-box-outline.svg,432,267,436,351,0,0,0,0,0,fail,svg2tvgt,Error Context: 'M19 3H5a2 2 0 0 0-2 2v14a2 2 0 0 0 2 2h14a2 2 0 0 0 2-2V5a2 2 0 0 0-2-2m0 16̲H5V5h14zm-8-3h-1c-1.61 0-4-1.06-4-4 0-2.…' Unhandled exception: System.InvalidOperationException: New MoveT
material-design,link-box-variant-outline.svg,1073,487,1235,814,0,0,0,0,0,fail,svg2tvgt,Error Context: 'M19 3H5a2 2 0 0 0-2 2v14a2 2 0 0 0 2 2h14a2 2 0 0 0 2-2V5a2 2 0 0 0-2-2m0 16̲H5V5h14zm-5.06-8.94c.63.64.98 1.48.98 2.…' Unhandled exception: System.InvalidOperationException: New MoveT
material-design,link-box-variant.svg,1058,470,1212,799,0,0,0,0,0,fail,svg2tvgt,Error Context: 'M19 3H5a2 2 0 0 0-2 2v14a2 2 0 0 0 2 2h14a2 2 0 0 0 2-2V5a2 2 0 0 0-2-2m-5.06 11.81̲L11.73 17c-.65.67-1.51 1-2.37 1S7.64 17.…' Unhandled exception: System.InvalidOperationException: Ne
material-design,loading.svg,143,53,138,118,295,52,56,49,45,ok,,
material-design,location-exit.svg,176,75,177,142,0,0,0,0,0,fail,svg2tvgt,Error Context: 'm22 12-4-4v3h-8v2h8v3m2 2̲a10 10 0 1 1 0-12h-2.73a8 8 0 1 0 0 12Z' Unhandled exception: System.InvalidOperationException: New MoveTo detected without ClosePath    at SvgPathParser.Pars
material-design,lock-off-outline.svg,514,264,534,430,0,0,0,0,0,fail,svg2tvgt,Error Context: 'M9 5.82 7.36 4.16A4.99 4.99 0 0 1 12 1c2.76 0 5 2.24 5 5v2h1a2 2 0 0 1 2 2v6.8l-2-2V10h-4.8l-2-2H15V6c0-1.66-1.34-3-3-3-1.59 0-2.89 1.25-3 2.82m13.11 15.64̲-1.27 1.27-1.38-1.38c-.36.4-
material-design,lock-open-check-outline.svg,491,278,515,382,0,0,0,0,0,fail,svg2tvgt,Error Context: 'M14 15c0 1.11-.89 2-2 2s-2-.89-2-2 .9-2 2-2 2 .9 2 2m-8 5̲V10h12v3.09c.33-.05.66-.09 1-.09s.67.04 …' Unhandled exception: System.InvalidOperationException: New MoveTo detected without
material-design,lock-open-check.svg,465,266,481,370,0,0,0,0,0,fail,svg2tvgt,Error Context: 'M19 13c.34 0 .67.04 1 .09V10a2 2 0 0 0-2-2h-1V6c0-2.76-2.24-5-5-5S7 3.24 7 6h2c0-1.66 1.34-3 3-3s3 1.34 3 3v2H6a2 2 0 0 0-2 2v10a2 2 0 0 0 2 2h7.81c-.51-.88-.81-1.9-.81-3 0-3.31 2.69-6
material-design,lock-open-plus-outline.svg,459,284,482,360,0,0,0,0,0,fail,svg2tvgt,Error Context: 'M14 15c0 1.11-.89 2-2 2s-2-.89-2-2 .9-2 2-2 2 .9 2 2m-8 5̲V10h12v3.09c.33-.05.66-.09 1-.09s.67.04 …' Unhandled exception: System.InvalidOperationException: New MoveTo detected without
material-design,lock-remove.svg,521,281,572,428,0,0,0,0,0,fail,svg2tvgt,Error Context: 'M19 13c.34 0 .67.04 1 .09V10a2 2 0 0 0-2-2h-1V6c0-2.76-2.24-5-5-5S7 3.24 7 6v2H6a2 2 0 0 0-2 2v10c0 1.11.89 2 2 2h7.81c-.51-.88-.81-1.9-.81-3 0-3.31 2.69-6 6-6M9 6̲c0-1.66 1.34-3 3-3s3
material-design,lock-smart.svg,384,283,382,310,0,0,0,0,0,fail,svg2tvgt,Error Context: 'M12 2a6 6 0 0 0-6 6v8a6 6 0 0 0 6 6 6 6 0 0 0 6-6V8a6 6 0 0 0-6-6M8 6̲h2v2H8zm3 0h2v2h-2zm3 0h2v2h-2zM8 9h2v2H…' Unhandled exception: System.InvalidOperationException: New MoveTo detec
material-design,locker-multiple.svg,303,219,306,251,0,0,0,0,0,fail,svg2tvgt,Error Context: 'M3 2h18a2 2 0 0 1 2 2v16a2 2 0 0 1-2 2H3a2 2 0 0 1-2-2V4a2 2 0 0 1 2-2m10 2̲v16h8V4zM3 4v16h8V4zm2 9h2v4H5zm0-7h4v1.…' Unhandled exception: System.InvalidOperationException: New MoveTo
material-design,lotion-outline.svg,511,285,521,452,0,0,0,0,0,fail,svg2tvgt,Error Context: 'M15.5 6.5C15.5 5.66 17 4 17 4s1.5 1.66 1.5 2.5c0 .83-.67 1.5-1.5 1.5s-1.5-.67-1.5-1.5m4 8.5̲a2.5 2.5 0 0 0 2.5-2.5c0-1.67-2.5-4.5-2.…' Unhandled exception: System.InvalidOperationExcep
material-design,magnet.svg,204,113,198,171,0,0,0,0,0,fail,svg2tvgt,Error Context: 'M3 7v6a9 9 0 0 0 9 9 9 9 0 0 0 9-9V7h-4v6a5 5 0 0 1-5 5 5 5 0 0 1-5-5V7m10-2̲h4V2h-4M3 5h4V2H3' Unhandled exception: System.InvalidOperationException: New MoveTo detected without Close
material-design,mailbox-open-up-outline.svg,350,180,361,248,0,0,0,0,0,fail,svg2tvgt,Error Context: 'M14 12.85v-6h4v2h-2v4zm4-9H8a5 5 0 0 0-5 5v9H1v2h20a2 2 0 0 0 2-2v-9a5 5 0 0 0-5-5m-7 14̲H5v-9a3 3 0 0 1 3-3 3 3 0 0 1 3 3zm10 0h…' Unhandled exception: System.InvalidOperationExceptio
material-design,mailbox-open.svg,230,138,230,192,0,0,0,0,0,fail,svg2tvgt,Error Context: 'M8 4a5 5 0 0 0-5 5v9H1v2h20a2 2 0 0 0 2-2V9a5 5 0 0 0-5-5zm0 2a3 3 0 0 1 3 3v9H5V9a3 3 0 0 1 3-3m6 5̲h6v4h-2v-2h-4z' Unhandled exception: System.InvalidOperationException: New MoveTo d
material-design,map-clock-outline.svg,579,316,610,493,0,0,0,0,0,fail,svg2tvgt,Error Context: 'M15 12h1.5v4.25l2.86 1.69-.75 1.22L15 17zm1-3c.69 0 1.37.1 2 .29V4.7l-3 1.16v3.21c.33-.07.66-.07 1-.07m7 7̲a7 7 0 0 1-7 7c-3 0-5.6-1.92-6.58-4.6L8 …' Unhandled exception: System.Invali
material-design,map-marker-alert-outline.svg,274,162,292,229,0,0,0,0,0,fail,svg2tvgt,Error Context: 'M12 2a7 7 0 0 1 7 7c0 5.25-7 13-7 13S5 14.25 5 9a7 7 0 0 1 7-7m0 2̲a5 5 0 0 0-5 5c0 1 0 3 5 9.71C17 12 17 1…' Unhandled exception: System.InvalidOperationException: New MoveTo detected
material-design,map-marker-alert.svg,208,109,212,166,0,0,0,0,0,fail,svg2tvgt,Error Context: 'M12 2c3.9 0 7 3.1 7 7 0 5.2-7 13-7 13S5 14.2 5 9c0-3.9 3.1-7 7-7m-1 4̲v6h2V6zm0 8v2h2v-2z' Unhandled exception: System.InvalidOperationException: New MoveTo detected without ClosePath
material-design,map-marker-left.svg,239,122,281,198,0,0,0,0,0,fail,svg2tvgt,Error Context: 'M15 11.5a2.5 2.5 0 0 1 0-5 2.5 2.5 0 0 1 0 5M8 9̲c0 5.25 7 13 7 13s7-7.75 7-13c0-3.87-3.1…' Unhandled exception: System.InvalidOperationException: New MoveTo detected without ClosePath
material-design,map-marker-path.svg,801,506,855,714,0,0,0,0,0,fail,svg2tvgt,Error Context: 'M18 15a3 3 0 0 1 3 3 3 3 0 0 1-3 3 2.99 2.99 0 0 1-2.83-2H14v-2h1.17c.41-1.17 1.52-2 2.83-2m0 2̲a1 1 0 0 0-1 1 1 1 0 0 0 1 1 1 1 0 0 0 1…' Unhandled exception: System.InvalidOperationE
material-design,map-marker-question-outline.svg,519,239,534,457,0,0,0,0,0,fail,svg2tvgt,Error Context: 'M12 1C7.59 1 4 4.59 4 9c0 5.57 6.96 13.34 7.26 13.67l.74.83.74-.83C13.04 22.34 20 14.57 20 9c0-4.41-3.59-8-8-8m0 19.47̲C9.82 17.86 6 12.54 6 9a6 6 0 0 1 6-6 6 …' Unhandled exception: S
material-design,map-marker-question.svg,390,174,403,334,0,0,0,0,0,fail,svg2tvgt,Error Context: 'M12 2C8.14 2 5 5.14 5 9c0 5.25 7 13 7 13s7-7.75 7-13c0-3.86-3.14-7-7-7m.88 13.75̲h-1.75V14h1.75m0-1.12h-1.75c0-2.84 2.62-…' Unhandled exception: System.InvalidOperationException: New M
material-design,map-marker-radius-outline.svg,519,308,532,425,0,0,0,0,0,fail,svg2tvgt,Error Context: 'M12 4c2.2 0 4 1.8 4 4 0 2.1-2.1 5.5-4 7.9-1.9-2.5-4-5.8-4-7.9 0-2.2 1.8-4 4-4m0-2̲C8.7 2 6 4.7 6 8c0 4.5 6 11 6 11s6-6.6 6…' Unhandled exception: System.InvalidOperationException: New
material-design,map-search-outline.svg,642,321,668,544,0,0,0,0,0,fail,svg2tvgt,Error Context: 'M15.5 12c2.5 0 4.5 2 4.5 4.5 0 .88-.25 1.7-.69 2.4l3.08 3.1L21 23.39l-3.12-3.07c-.69.43-1.51.68-2.38.68-2.5 0-4.5-2-4.5-4.5s2-4.5 4.5-4.5m0 2̲a2.5 2.5 0 0 0-2.5 2.5 2.5 2.5 0 0 0 2.5…'
material-design,margin.svg,437,290,431,377,0,0,0,0,0,fail,svg2tvgt,Error Context: 'M20 4v5l-1.5-1.5-13 13-2-2 13-13L15 4zm-3 16a3 3 0 0 1-3-3v-2a3 3 0 0 1 3-3 3 3 0 0 1 3 3v2a3 3 0 0 1-3 3m0-6̲a1 1 0 0 0-1 1v2a1 1 0 0 0 1 1 1 1 0 0 0…' Unhandled exception: System.Inv
material-design,marker.svg,384,143,380,321,0,0,0,0,0,fail,svg2tvgt,Error Context: 'M18.5 1.15c-.53 0-1.04.19-1.43.58l-5.81 5.82 5.65 5.65 5.82-5.81c.77-.78.77-2.04 0-2.83l-2.84-2.83c-.39-.39-.89-.58-1.39-.58M10.3 8.5̲l-5.96 5.96c-.78.78-.78 2.04.02 2.85C3.1…' Unhandl
material-design,mastodon.svg,896,380,904,728,0,0,0,0,0,fail,svg2tvgt,Error Context: 'M20.94 14c-.28 1.41-2.44 2.96-4.97 3.26-1.31.15-2.6.3-3.97.24-2.25-.11-4-.54-4-.54v.62c.32 2.22 2.22 2.35 4.03 2.42 1.82.05 3.44-.46 3.44-.46l.08 1.65s-1.28.68-3.55.81c-1.25.07-2.81-.0
material-design,medical-bag.svg,281,171,280,228,995,164,139,132,110,ok,,
material-design,meditation.svg,617,313,621,527,0,0,0,0,0,fail,svg2tvgt,Error Context: 'M12 4c1.11 0 2 .89 2 2s-.89 2-2 2-2-.89-2-2 .9-2 2-2m9 12̲v-2c-2.24 0-4.16-.96-5.6-2.68l-1.34-1.6A…' Unhandled exception: System.InvalidOperationException: New MoveTo detected without
material-design,menorah-fire.svg,1630,952,1685,1222,0,0,0,0,0,fail,svg2tvgt,Error Context: 'M21.5 11.15V10c0-.55-.45-1-1-1h-1c-.55 0-1 .45-1 1v1h-1v-1c0-.55-.45-1-1-1h-1c-.55 0-1 .45-1 1v1h-1V8c0-.55-.45-1-1-1h-1c-.55 0-1 .45-1 1v3h-1v-1c0-.55-.45-1-1-1h-1c-.55 0-1 .45-1 1v1h
material-design,menorah.svg,463,262,465,387,0,0,0,0,0,fail,svg2tvgt,Error Context: 'M21 11V6l-2-1v6h-2V6l-2-1v6h-2V3l-2-1v9H9V6L7 5v6H5V6L3 5v6c-.55 0-1 .45-1 1s.45 1 1 1h1.25c.7 1.92 2.69 4.58 6.75 4.95V20h-1c-1.1 0-2 .9-2 2h8a2 2 0 0 0-2-2h-1v-2.05c4.06-.38 6.05-3.0
material-design,menu-right-outline.svg,163,60,169,118,380,53,66,55,53,ok,,
material-design,menu-right.svg,122,36,120,93,219,33,46,38,26,ok,,
material-design,message-arrow-right.svg,238,123,245,192,0,0,0,0,0,fail,svg2tvgt,Error Context: 'M20 2H4c-1.1 0-2 .9-2 2v18l4-4h14c1.1 0 2-.9 2-2V4c0-1.1-.9-2-2-2m-8 12̲-1.2-1.2 1.8-1.8H8V9h4.5l-1.8-1.8L12 6l4…' Unhandled exception: System.InvalidOperationException: New MoveTo det
material-design,message-bookmark-outline.svg,233,124,245,186,0,0,0,0,0,fail,svg2tvgt,Error Context: 'M20 2H4c-1.1 0-2 .9-2 2v18l4-4h14c1.1 0 2-.9 2-2V4c0-1.1-.9-2-2-2m0 14̲H5.2L4 17.2V4h16zm-2-2V6h-5v8l2.5-1.5z' Unhandled exception: System.InvalidOperationException: New MoveTo detecte
material-design,message-bookmark.svg,209,103,213,168,0,0,0,0,0,fail,svg2tvgt,Error Context: 'M20 2H4c-1.1 0-2 .9-2 2v18l4-4h14c1.1 0 2-.9 2-2V4c0-1.1-.9-2-2-2m-1 11̲-2.5-1.5L14 13V5h5z' Unhandled exception: System.InvalidOperationException: New MoveTo detected without ClosePat
material-design,message-fast-outline.svg,326,221,341,268,0,0,0,0,0,fail,svg2tvgt,Error Context: 'M20 5H9c-1.1 0-2 .9-2 2v14l4-4h9c1.1 0 2-.9 2-2V7c0-1.1-.9-2-2-2m0 10̲h-9.8L9 16.2V7h11zM3 7c-.6 0-1 .4-1 1s.4…' Unhandled exception: System.InvalidOperationException: New MoveTo detec
material-design,message-plus-outline.svg,241,142,249,196,0,0,0,0,0,fail,svg2tvgt,Error Context: 'M20 2H4c-1.1 0-2 .9-2 2v18l4-4h14c1.1 0 2-.9 2-2V4c0-1.1-.9-2-2-2m0 14̲H5.2L4 17.2V4h16zm-4-7v2h-3v3h-2v-3H8V9h…' Unhandled exception: System.InvalidOperationException: New MoveTo dete
material-design,message-plus.svg,204,117,207,168,709,112,91,85,62,ok,,
material-design,message-reply-outline.svg,205,101,214,165,0,0,0,0,0,fail,svg2tvgt,Error Context: 'M20 2H4c-1.1 0-2 .9-2 2v12c0 1.1.9 2 2 2h14l4 4V4c0-1.1-.9-2-2-2m0 15.2̲L18.8 16H4V4h16z' Unhandled exception: System.InvalidOperationException: New MoveTo detected without ClosePath
material-design,message-settings.svg,218,127,222,180,0,0,0,0,0,fail,svg2tvgt,Error Context: 'M20 2H4a2 2 0 0 0-2 2v18l4-4h14a2 2 0 0 0 2-2V4a2 2 0 0 0-2-2m-9 22̲h2v-2h-2zm-4 0h2v-2H7zm8 0h2v-2h-2z' Unhandled exception: System.InvalidOperationException: New MoveTo detected with
material-design,message-star.svg,266,134,266,207,0,0,0,0,0,fail,svg2tvgt,Error Context: 'M20 2H4c-1.1 0-2 .9-2 2v18l4-4h14c1.1 0 2-.9 2-2V4c0-1.1-.9-2-2-2m-5.4 12̲L12 12.4 9.4 14l.7-3-2.3-2 3-.3L12 6l1.2…' Unhandled exception: System.InvalidOperationException: New MoveTo d
material-design,message-text-lock-outline.svg,392,246,425,324,0,0,0,0,0,fail,svg2tvgt,Error Context: 'M23 3v-.5a2.5 2.5 0 0 0-5 0V3c-.55 0-1 .45-1 1v4c0 .55.45 1 1 1h5c.55 0 1-.45 1-1V4c0-.55-.45-1-1-1m-1 0̲h-3v-.5c0-.83.67-1.5 1.5-1.5s1.5.67 1.5 …' Unhandled exception: System.InvalidO
material-design,microphone-variant-off.svg,578,314,595,497,0,0,0,0,0,fail,svg2tvgt,Error Context: 'M2 5.27 3.28 4 20 20.72 18.73 22 16 19.26A4.01 4.01 0 0 1 12 23a4 4 0 0 1-4-4v-1H7l-.84-8.18a4.1 4.1 0 0 1-.83-1.22zM9 3a4 4 0 0 1 4 4H8.82L6.08 4.26C6.81 3.5 7.85 3 9 3m2.84 6.82̲-.02
material-design,microsoft-azure-devops.svg,233,96,243,192,597,89,99,93,81,ok,,
material-design,microsoft-dynamics-365.svg,166,72,176,135,426,67,69,56,57,ok,,
material-design,microsoft-outlook.svg,1417,645,1438,1046,0,0,0,0,0,fail,svg2tvgt,Error Context: 'M8.56 12.03q0 .38-.06.73-.11.34-.3.62-.2.27-.49.43-.3.16-.71.16-.42 0-.71-.17t-.48-.45-.27-.63q-.09-.35-.09-.72 0-.36.09-.72.08-.35.27-.63t.5-.45q.3-.17.72-.17.43 0 .72.17.3.18.48.46.1
material-design,microsoft-teams.svg,2166,932,2180,1419,0,0,0,0,0,fail,svg2tvgt,Error Context: 'M19.19 8.77q-.46 0-.86-.17-.39-.17-.69-.47t-.47-.69q-.17-.4-.17-.86 0-.45.17-.85t.47-.69q.3-.3.69-.47.4-.18.86-.17.45-.01.85.17.4.17.7.47.29.29.47.69.17.4.17.85 0 .46-.17.86-.17.39-.47
material-design,microsoft-windows.svg,223,102,228,175,641,87,90,89,76,ok,,
material-design,microsoft-xbox-controller-battery-empty.svg,405,223,444,363,1189,218,170,167,143,ok,,
material-design,microsoft-xbox-controller-menu.svg,222,122,240,189,0,0,0,0,0,fail,svg2tvgt,Error Context: 'M12 2A10 10 0 0 0 2 12a10 10 0 0 0 10 10 10 10 0 0 0 10-10A10 10 0 0 0 12 2M6 7̲h12v2H6zm0 4h12v2H6zm0 4h12v2H6z' Unhandled exception: System.InvalidOperationException: New MoveTo dete
material-design,mine.svg,545,254,553,457,1445,249,193,188,182,ok,,
material-design,mixed-martial-arts.svg,589,290,595,460,0,0,0,0,0,fail,svg2tvgt,Error Context: 'M15 10V7H7v3zm3-3c.28 0 .5.09.7.29.19.21.3.44.3.71v2.78c0 .19-.03.33-.06.42l-.8 3.99c-.14.53-.44.81-.94.81H6.8c-.53 0-.85-.28-.94-.81l-.8-3.99c-.03-.09-.06-.23-.06-.42V5c0-.5.21-1 .6-1
material-design,monitor-eye.svg,868,412,970,661,0,0,0,0,0,fail,svg2tvgt,Error Context: 'M3 4v12h18V4zm0-2h18a2 2 0 0 1 2 2v12c0 .53-.21 1.04-.59 1.41-.37.38-.88.59-1.41.59h-7v2h2v2H8v-2h2v-2H3c-.53 0-1.04-.21-1.41-.59C1.21 17.04 1 16.53 1 16V4c0-1.11.89-2 2-2m7.84 6.93̲c.
material-design,moon-last-quarter.svg,125,35,130,101,222,35,48,38,37,ok,,
material-design,moon-waning-gibbous.svg,175,61,182,143,311,60,66,65,52,ok,,
material-design,moon-waxing-crescent.svg,167,59,175,140,312,58,65,61,50,ok,,
material-design,mosque.svg,645,411,499,405,0,0,0,0,0,fail,svg2tvgt,Error Context: 'M7 8h10c.3 0 .6.1.8.1.1-.3.2-.7.2-1 0-1.3-.6-2.5-1.7-3.2L12 1 7.7 3.8c-1 .8-1.7 2-1.7 3.3 0 .4.1.7.2 1 .2 0 .5-.1.8-.1m17-1̲c0-1.1-2-3-2-3s-2 1.9-2 3c0 .7.4 1.4 1 1…' Unhandled excepti
material-design,mouse-off.svg,379,180,381,316,0,0,0,0,0,fail,svg2tvgt,Error Context: 'M2 5.27 3.28 4 20 20.72 18.73 22l-1.23-1.21A7.9 7.9 0 0 1 12 23a8 8 0 0 1-8-8v-4h3.73l-2-2H4c0-.54.05-1.07.15-1.58zm9-4.2V9h-.18L5.79 3.96A7.95 7.95 0 0 1 11 1.07M20 11̲v4c0 .95-.17 1.
material-design,mouse.svg,216,98,209,182,0,0,0,0,0,fail,svg2tvgt,Error Context: 'M11 1.07C7.05 1.56 4 4.92 4 9h7m-7 6̲a8 8 0 0 0 8 8 8 8 0 0 0 8-8v-4H4m9-9.93…' Unhandled exception: System.InvalidOperationException: New MoveTo detected without ClosePath    at SvgPa
material-design,movie-cog.svg,987,494,1019,656,0,0,0,0,0,fail,svg2tvgt,Error Context: 'M12 19c0 .34.03.67.08 1H4a2 2 0 0 1-2-2V6a2 2 0 0 1 2-2h1l2 4h3L8 4h2l2 4h3l-2-4h2l2 4h3l-2-4h4v8.68A6.995 6.995 0 0 0 12 19m11.8 1.4̲c.1 0 .1.1 0 .2l-1 1.7c-.1.1-.2.1-.3.1l-…' Unhandl
material-design,movie-minus.svg,292,163,299,231,0,0,0,0,0,fail,svg2tvgt,Error Context: 'M13 19c0 .34.04.67.09 1H4a2 2 0 0 1-2-2V6a2 2 0 0 1 2-2h1l2 4h3L8 4h2l2 4h3l-2-4h2l2 4h3l-2-4h4v9.81c-.88-.51-1.9-.81-3-.81-3.31 0-6 2.69-6 6m2-1̲v2h8v-2z' Unhandled exception: System.
material-design,movie-off-outline.svg,348,180,358,277,1047,169,161,144,101,ok,,
material-design,movie-open-minus.svg,456,215,465,358,0,0,0,0,0,fail,svg2tvgt,Error Context: 'M14.75 7.46 12 3.93l1.97-.39 2.74 3.53zm6.87-1.36-.78-3.92-3.93.78 2.74 3.54zm-9.81 1.95L9.07 4.5l-1.97.41 2.75 3.53zM4.16 5.5l-.98.19a2.01 2.01 0 0 0-1.57 2.35L2 10l4.9-.97zM19 13c1.1
material-design,movie-open-star.svg,550,253,558,435,0,0,0,0,0,fail,svg2tvgt,Error Context: 'm19.65 6.5-2.74-3.54 3.93-.78.78 3.92zm-2.94.57-2.74-3.53-1.97.39 2.75 3.53zM19 13c1.1 0 2.12.3 3 .81V10H2v10a2 2 0 0 0 2 2h9.81c-.51-.88-.81-1.9-.81-3 0-3.31 2.69-6 6-6M4.16 5.5̲l-.98
material-design,movie-play.svg,294,164,300,232,891,159,134,133,26,ok,,
material-design,movie-remove-outline.svg,453,228,469,365,0,0,0,0,0,fail,svg2tvgt,Error Context: 'M13 19c0 .34.04.67.09 1H4a2 2 0 0 1-2-2V6a2 2 0 0 1 2-2h1l2 4h3L8 4h2l2 4h3l-2-4h2l2 4h3l-2-4h4v9.81c-.61-.35-1.28-.59-2-.72V10H5.76L4 6.47V18h9.09c-.05.33-.09.66-.09 1m9.54-2.12̲-1.42
material-design,movie-remove.svg,418,211,426,338,0,0,0,0,0,fail,svg2tvgt,Error Context: 'M13 19c0 .34.04.67.09 1H4a2 2 0 0 1-2-2V6a2 2 0 0 1 2-2h1l2 4h3L8 4h2l2 4h3l-2-4h2l2 4h3l-2-4h4v9.81c-.88-.51-1.9-.81-3-.81-3.31 0-6 2.69-6 6m9.54-2.12̲-1.42-1.41L19 17.59l-2.12-2.12-1
material-design,movie-search.svg,483,261,521,406,0,0,0,0,0,fail,svg2tvgt,Error Context: 'M11.03 20H4c-1.1 0-2-.9-2-2V6c0-1.1.9-2 2-2h1l2 4h3L8 4h2l2 4h3l-2-4h2l2 4h3l-2-4h4v9.05A6.49 6.49 0 0 0 16.5 10c-3.58 0-6.5 2.92-6.5 6.5 0 1.29.38 2.5 1.03 3.5m12.36 2̲L22 23.39l-3.12
material-design,multicast.svg,316,193,325,249,1056,182,153,149,121,ok,,
material-design,multiplication-box.svg,330,167,341,274,980,162,133,135,105,ok,,
material-design,mushroom.svg,471,289,467,397,0,0,0,0,0,fail,svg2tvgt,Error Context: 'M12 2a10 10 0 0 1 10 10 2 2 0 0 1-2 2H4a2 2 0 0 1-2-2A10 10 0 0 1 12 2m0 6̲a2 2 0 0 0 2-2 2 2 0 0 0-2-2 2 2 0 0 0-2…' Unhandled exception: System.InvalidOperationException: New MoveTo
material-design,music-accidental-double-sharp.svg,235,111,252,168,733,106,93,84,86,ok,,
material-design,music-box.svg,289,149,286,249,0,0,0,0,0,fail,svg2tvgt,Error Context: 'M16 9h-3v5.5a2.5 2.5 0 0 1-2.5 2.5A2.5 2.5 0 0 1 8 14.5a2.5 2.5 0 0 1 2.5-2.5c.57 0 1.08.19 1.5.5V7h4m3-4̲H5a2 2 0 0 0-2 2v14a2 2 0 0 0 2 2h14a2 2…' Unhandled exception: System.Invalid
material-design,music-note-half.svg,194,85,197,163,463,82,80,73,63,ok,,
material-design,mustache.svg,240,153,236,184,584,152,107,94,102,ok,,
material-design,nail.svg,147,59,139,117,387,54,64,54,50,ok,,
material-design,nativescript.svg,424,228,424,381,0,0,0,0,0,fail,svg2tvgt,Error Context: 'M7.5 3h9C19 3 21 5 21 7.5v9c0 2.5-2 4.5-4.5 4.5h-9C5 21 3 19 3 16.5v-9C3 5 5 3 7.5 3M6 13.5̲v3A1.5 1.5 0 0 0 7.5 18H9v-7.5l6 7.5h1.5…' Unhandled exception: System.InvalidOperationExcep
material-design,navigation.svg,156,53,154,122,308,48,61,51,49,ok,,
material-design,network-outline.svg,290,184,293,246,1029,179,118,111,89,ok,,
material-design,network-strength-3-alert.svg,166,78,178,133,0,0,0,0,0,fail,svg2tvgt,Error Context: 'M21 1 1 21h16v-2h-1V8.8l3-3V9h2m-2 2̲v6h2v-6m-2 8v2h2v-2' Unhandled exception: System.InvalidOperationException: New MoveTo detected without ClosePath    at SvgPathParser.ParseMoveTo()
material-design,new-box.svg,418,232,413,342,1470,225,180,163,142,ok,,
material-design,newspaper-plus.svg,424,236,429,351,1414,227,185,179,151,ok,,
material-design,newspaper-remove.svg,534,261,543,439,1501,248,206,204,196,ok,,
material-design,not-equal-variant.svg,232,99,237,187,665,94,104,98,81,ok,,
material-design,note-plus.svg,302,161,304,247,0,0,0,0,0,fail,svg2tvgt,Error Context: 'M19 13c.7 0 1.37.13 2 .35V9l-6-6H5c-1.11 0-2 .89-2 2v14a2 2 0 0 0 2 2h8.35c-.22-.63-.35-1.3-.35-2 0-3.31 2.69-6 6-6m-5-8.5̲ 5.5 5.5H14zM23 18v2h-3v3h-2v-3h-3v-2h3v…' Unhandled exceptio
material-design,notebook-plus-outline.svg,366,259,375,291,1616,248,184,177,152,ok,,
material-design,npm.svg,234,157,225,182,1126,146,114,99,86,ok,,
material-design,numeric-0-circle.svg,270,153,274,232,808,148,96,84,57,ok,,
material-design,numeric-10-box-outline.svg,316,201,336,262,0,0,0,0,0,fail,svg2tvgt,Error Context: 'M19 19H5V5h14m0-2̲H5a2 2 0 0 0-2 2v14a2 2 0 0 0 2 2h14c1.1…' Unhandled exception: System.InvalidOperationException: New MoveTo detected without ClosePath    at SvgPathParser.ParseMoveT
material-design,numeric-2-box-multiple.svg,296,195,311,252,1105,188,122,120,29,ok,,
material-design,numeric-2-box-outline.svg,272,171,286,232,0,0,0,0,0,fail,svg2tvgt,Error Context: 'M15 15h-4v-2h2a2 2 0 0 0 2-2V9a2 2 0 0 0-2-2H9v2h4v2h-2a2 2 0 0 0-2 2v4h6m4 2̲H5V5h14m0-2H5a2 2 0 0 0-2 2v14a2 2 0 0 0…' Unhandled exception: System.InvalidOperationException: New Move
material-design,numeric-4-box-multiple-outline.svg,254,164,272,220,0,0,0,0,0,fail,svg2tvgt,Error Context: 'M21 17H7V3h14m0-2̲H7a2 2 0 0 0-2 2v14a2 2 0 0 0 2 2h14a2 2…' Unhandled exception: System.InvalidOperationException: New MoveTo detected without ClosePath    at SvgPathParser.ParseMoveT
material-design,numeric-4-box-multiple.svg,244,153,254,206,909,146,104,96,51,ok,,
material-design,numeric-4-circle-outline.svg,275,159,287,238,0,0,0,0,0,fail,svg2tvgt,Error Context: 'M9 7h2v4h2V7h2v10h-2v-4H9zm3-5a10 10 0 0 1 10 10 10 10 0 0 1-10 10A10 10 0 0 1 2 12 10 10 0 0 1 12 2m0 2̲a8 8 0 0 0-8 8 8 8 0 0 0 8 8 8 8 0 0 0 8…' Unhandled exception: System.InvalidO
material-design,numeric-5-box-multiple.svg,282,183,297,240,1058,178,119,106,60,ok,,
material-design,numeric-6-circle-outline.svg,351,218,363,304,0,0,0,0,0,fail,svg2tvgt,Error Context: 'M11 7h4v2h-4v2h2a2 2 0 0 1 2 2v2a2 2 0 0 1-2 2h-2a2 2 0 0 1-2-2V9a2 2 0 0 1 2-2m0 6̲v2h2v-2zm1-11a10 10 0 0 1 10 10 10 10 0 …' Unhandled exception: System.InvalidOperationException: Ne
material-design,numeric-negative-1.svg,140,58,146,107,402,53,62,56,42,ok,,
material-design,octagram-outline.svg,419,188,423,363,1131,179,144,138,144,ok,,
material-design,office-building-cog.svg,1157,596,1235,856,0,0,0,0,0,fail,svg2tvgt,Error Context: 'M16 13a.26.26 0 0 0-.26.21l-.19 1.32c-.3.13-.59.29-.85.47l-1.24-.5c-.11 0-.24 0-.31.13l-1 1.73c-.06.11-.04.24.06.32l1.06.82a4.2 4.2 0 0 0 0 1l-1.06.82a.26.26 0 0 0-.06.32l1 1.73c.06.13
material-design,opacity.svg,331,140,374,291,0,0,0,0,0,fail,svg2tvgt,Error Context: 'M17.66 8 12 2.35 6.34 8A8.02 8.02 0 0 0 4 13.64c0 2 .78 4.11 2.34 5.67a7.99 7.99 0 0 0 11.32 0c1.56-1.56 2.34-3.67 2.34-5.67S19.22 9.56 17.66 8M6 14̲c0-2 .62-3.27 1.76-4.4L12 5.27l4.24
material-design,open-in-new.svg,230,124,232,197,0,0,0,0,0,fail,svg2tvgt,Error Context: 'M14 3v2h3.59l-9.83 9.83 1.41 1.41L19 6.41V10h2V3m-2 16̲H5V5h7V3H5a2 2 0 0 0-2 2v14a2 2 0 0 0 2 …' Unhandled exception: System.InvalidOperationException: New MoveTo detected without Clo
material-design,order-numeric-descending.svg,338,234,366,293,0,0,0,0,0,fail,svg2tvgt,Error Context: 'M7 11H3V9h4V8H5a2 2 0 0 1-2-2V5c0-1.1.9-2 2-2h2a2 2 0 0 1 2 2v4c0 1.11-.89 2-2 2m0-6̲H5v1h2m-2 7h2a2 2 0 0 1 2 2v4c0 1.11-.89…' Unhandled exception: System.InvalidOperationException: N
material-design,ornament-variant.svg,709,406,724,613,0,0,0,0,0,fail,svg2tvgt,Error Context: 'M12 1a3 3 0 0 1 3 3v1a1 1 0 0 1 1 1v1.07c2.39 1.38 4 3.97 4 6.93a8 8 0 0 1-8 8 8 8 0 0 1-8-8c0-2.96 1.61-5.55 4-6.93V6a1 1 0 0 1 1-1V4a3 3 0 0 1 3-3m0 2̲a1 1 0 0 0-1 1v1h2V4a1 1 0 0 0-
material-design,ornament.svg,605,333,601,514,0,0,0,0,0,fail,svg2tvgt,Error Context: 'M12 1a3 3 0 0 1 3 3v1a1 1 0 0 1 1 1v1.07c2.39 1.38 4 3.97 4 6.93a8 8 0 0 1-8 8 8 8 0 0 1-8-8c0-2.96 1.61-5.55 4-6.93V6a1 1 0 0 1 1-1V4a3 3 0 0 1 3-3m0 2̲a1 1 0 0 0-1 1v1h2V4a1 1 0 0 0-
material-design,pac-man.svg,276,124,270,232,616,119,101,95,85,ok,,
material-design,package-variant-closed-plus.svg,522,289,537,385,0,0,0,0,0,fail,svg2tvgt,Error Context: 'M13 19.3v-6.7l6-3.4V13c.7 0 1.4.1 2 .4V7.5c0-.4-.2-.7-.5-.9l-7.9-4.4c-.2-.1-.4-.2-.6-.2s-.4.1-.6.2L3.5 6.6c-.3.2-.5.5-.5.9v9c0 .4.2.7.5.9l7.9 4.4c.2.1.4.2.6.2s.4-.1.6-.2l.9-.5c-.3-.6-.
material-design,page-last.svg,173,70,170,136,427,63,70,61,57,ok,,
material-design,page-layout-header-footer.svg,222,119,243,181,0,0,0,0,0,fail,svg2tvgt,Error Context: 'M18 2H6a2 2 0 0 0-2 2v16c0 1.11.89 2 2 2h12c1.11 0 2-.89 2-2V4a2 2 0 0 0-2-2m0 18̲H6v-4h12zm0-12H6V4h12z' Unhandled exception: System.InvalidOperationException: New MoveTo detected wit
material-design,page-layout-header.svg,189,100,195,160,0,0,0,0,0,fail,svg2tvgt,Error Context: 'M6 2h12a2 2 0 0 1 2 2v16a2 2 0 0 1-2 2H6a2 2 0 0 1-2-2V4a2 2 0 0 1 2-2m0 2̲v4h12V4z' Unhandled exception: System.InvalidOperationException: New MoveTo detected without ClosePath    at
material-design,pail-outline.svg,308,139,342,258,852,132,132,125,114,ok,,
material-design,pail-plus-outline.svg,418,211,468,350,0,0,0,0,0,fail,svg2tvgt,Error Context: 'M4 6H3V4h18v2h-1l-1.4 7c-.77.07-1.49.26-2.15.58L17.96 6H6.04l.46 2.22-1.85 1.05zm8.86 2a.976.976 0 0 0-1.36-.37l-8.23 4.75a.998.998 0 1 0 1 1.73l8.23-4.75c.47-.27.64-.89.36-1.36M13 19̲
material-design,palette-advanced.svg,265,158,276,215,1007,147,113,115,100,ok,,
material-design,palette-swatch-variant.svg,396,235,406,303,0,0,0,0,0,fail,svg2tvgt,Error Context: 'M20 14H6c-2.2 0-4 1.8-4 4s1.8 4 4 4h14c1.1 0 2-.9 2-2v-4c0-1.1-.9-2-2-2M6 20̲c-1.1 0-2-.9-2-2s.9-2 2-2 2 .9 2 2-.9 2-…' Unhandled exception: System.InvalidOperationException: New MoveT
material-design,pan-down.svg,193,89,189,158,0,0,0,0,0,fail,svg2tvgt,Error Context: 'M12 10a2 2 0 0 0-2 2 2 2 0 0 0 2 2 2 2 0 0 0 2-2 2 2 0 0 0-2-2m-4 7̲ 4 4.5 4-4.5z' Unhandled exception: System.InvalidOperationException: New MoveTo detected without ClosePath    at Sv
material-design,pan-top-right.svg,203,91,204,161,0,0,0,0,0,fail,svg2tvgt,Error Context: 'M12 10a2 2 0 0 1 2 2 2 2 0 0 1-2 2 2 2 0 0 1-2-2 2 2 0 0 1 2-2m6.65 1̲L13 5.35 19 5z' Unhandled exception: System.InvalidOperationException: New MoveTo detected without ClosePath    at
material-design,paragliding.svg,610,328,614,494,0,0,0,0,0,fail,svg2tvgt,Error Context: 'M12 17c-1.1 0-2-.89-2-2s.9-2 2-2 2 .9 2 2-.89 2-2 2m7-3̲h-2c0 2.76-2.24 5-5 5s-5-2.24-5-5H5c0 2.…' Unhandled exception: System.InvalidOperationException: New MoveTo detected without Cl
material-design,pause-circle.svg,204,99,204,176,0,0,0,0,0,fail,svg2tvgt,Error Context: 'M15 16h-2V8h2m-4 8̲H9V8h2m1-6A10 10 0 0 0 2 12a10 10 0 0 0 …' Unhandled exception: System.InvalidOperationException: New MoveTo detected without ClosePath    at SvgPathParser.ParseMove
material-design,pause-octagon-outline.svg,250,126,259,205,845,115,106,100,96,ok,,
material-design,paw-off-outline.svg,2380,1001,2494,1832,0,0,0,0,0,fail,svg2tvgt,Error Context: 'M22.83 8.25c-.27-.75-.78-1.29-1.44-1.57-1.17-.5-2.59-.08-3.69.98q.165-.435.3-.93c.25-1.35 0-2.7-.62-3.61-.43-.62-1.05-1.01-1.74-1.12-1.54-.22-3.07 1.08-3.71 3-.65-1.95-2.19-3.24-3.74-3
material-design,pencil-box-multiple-outline.svg,403,216,436,314,0,0,0,0,0,fail,svg2tvgt,Error Context: 'M4 6H2v14a2 2 0 0 0 2 2h14v-2H4zm14.7 1.35-1 1-2.05-2.05 1-1c.21-.22.56-.22.77 0l1.28 1.28c.22.21.22.56 0 .77M9 12.94̲l6.06-6.06 2.06 2.06L11.06 15H9zM20 4v12…' Unhandled exception: Sy
material-design,pencil-box-multiple.svg,417,199,429,343,0,0,0,0,0,fail,svg2tvgt,Error Context: 'M20.22 2H7.78C6.8 2 6 2.8 6 3.78v12.44C6 17.2 6.8 18 7.78 18h12.44c.98 0 1.78-.79 1.78-1.78V3.78C22 2.8 21.2 2 20.22 2m-9.16 13̲H9v-2.06l6.06-6.06 2.06 2.06zm7.64-7.65-…' Unhandled exc
material-design,pencil-box-outline.svg,355,177,368,277,0,0,0,0,0,fail,svg2tvgt,Error Context: 'M19 19V5H5v14zm0-16a2 2 0 0 1 2 2v14a2 2 0 0 1-2 2H5a2 2 0 0 1-2-2V5a2 2 0 0 1 2-2zm-2.3 6.35-1 1-2.05-2.05 1-1c.21-.22.56-.22.77 0l1.28 1.28c.22.21.22.56 0 .77M7 14.94̲l6.06-6.06 2.06
material-design,pencil-minus-outline.svg,304,151,312,238,0,0,0,0,0,fail,svg2tvgt,Error Context: 'm14.1 9 .9.9L5.9 19H5v-.9zm3.6-6c-.2 0-.5.1-.7.3l-1.8 1.8 3.7 3.8L20.7 7c.4-.4.4-1 0-1.4l-2.3-2.3c-.2-.2-.5-.3-.7-.3m-3.6 3.2̲L3 17.2V21h3.8l11-11.1zM10 5v2H2V5z' Unhandled exception:
material-design,pencil-minus.svg,235,107,235,187,0,0,0,0,0,fail,svg2tvgt,Error Context: 'M20.7 7c.4-.4.4-1 0-1.4l-2.3-2.3c-.4-.4-1-.4-1.4 0l-1.8 1.8L19 8.9M3 17.2̲V21h3.8l11-11.1-3.7-3.8zM10 5v2H2V5z' Unhandled exception: System.InvalidOperationException: New MoveTo detect
material-design,pencil-off-outline.svg,397,199,403,308,0,0,0,0,0,fail,svg2tvgt,Error Context: 'm10 10.2 4-4 3.8 3.8-4 4-1.4-1.4L15 9.9l-.9-.9-2.6 2.6zm10.7-4.6-2.3-2.3c-.2-.2-.5-.3-.7-.3s-.5.1-.7.3l-1.8 1.8L19 8.9 20.7 7c.4-.3.4-1 0-1.4M19 21.7̲ 17.7 23l-6.5-6.5L6.8 21H3v-3.8l4.
material-design,pencil-plus.svg,251,131,250,202,0,0,0,0,0,fail,svg2tvgt,Error Context: 'M20.7 7c.4-.4.4-1 0-1.4l-2.3-2.3c-.4-.4-1-.4-1.4 0l-1.8 1.8L19 8.9M3 17.2̲V21h3.8l11-11.1-3.7-3.8zM7 2v3h3v2H7v3H5…' Unhandled exception: System.InvalidOperationException: New MoveTo d
material-design,penguin.svg,616,358,606,511,0,0,0,0,0,fail,svg2tvgt,Error Context: 'M19 16c0 1.72-.63 3.3-1.66 4.5.41.39.66.91.66 1.5H6c0-.59.25-1.11.66-1.5A6.9 6.9 0 0 1 5 16H3c0-1.25.57-2.36 1.46-3.09l.01-.02A6 6 0 0 0 7 8V7a5 5 0 0 1 5-5 5 5 0 0 1 5 5v1c0 2 1 3.81
material-design,percent-outline.svg,411,271,512,320,0,0,0,0,0,fail,svg2tvgt,Error Context: 'm18.5 3.5 2 2-15 15-2-2zM7 4c1.66 0 3 1.34 3 3s-1.34 3-3 3-3-1.34-3-3 1.34-3 3-3m10 10̲c1.66 0 3 1.34 3 3s-1.34 3-3 3-3-1.34-3-…' Unhandled exception: System.InvalidOperationException:
material-design,phone-check.svg,397,184,396,342,0,0,0,0,0,fail,svg2tvgt,Error Context: 'M6.62 10.79a15.1 15.1 0 0 0 6.59 6.59l2.2-2.2a1 1 0 0 1 1-.25 11.4 11.4 0 0 0 3.59.57 1 1 0 0 1 1 1V20a1 1 0 0 1-1 1A17 17 0 0 1 3 4a1 1 0 0 1 1-1h3.5a1 1 0 0 1 1 1 11.4 11.4 0 0 0 .57
material-design,phone-classic.svg,783,399,830,630,0,0,0,0,0,fail,svg2tvgt,Error Context: 'M12 3C7.46 3 3.34 4.78.29 7.67c-.18.18-.29.43-.29.71s.11.53.29.71l2.48 2.48a1.01 1.01 0 0 0 1.41.01c.79-.74 1.69-1.36 2.66-1.85.33-.16.56-.5.56-.9v-3.1C8.85 5.25 10.39 5 12 5c1.59 0 3.
material-design,phone-message.svg,422,188,433,336,0,0,0,0,0,fail,svg2tvgt,Error Context: 'M20 15.5c-1.25 0-2.45-.2-3.57-.57a1.02 1.02 0 0 0-1.02.24l-2.2 2.2a15.07 15.07 0 0 1-6.59-6.58l2.2-2.21c.28-.27.36-.66.25-1.01A11.4 11.4 0 0 1 8.5 4c0-.55-.45-1-1-1H4c-.55 0-1 .45-1 1
material-design,phone-minus.svg,379,173,381,314,0,0,0,0,0,fail,svg2tvgt,Error Context: 'M4 3a1 1 0 0 0-1 1 17 17 0 0 0 17 17 1 1 0 0 0 1-1v-3.5a1 1 0 0 0-1-1c-1.24 0-2.45-.2-3.57-.57-.35-.11-.74-.03-1.02.25l-2.2 2.2a15.15 15.15 0 0 1-6.59-6.59l2.2-2.21c.28-.27.36-.66.25-1
material-design,phone-paused.svg,404,193,407,329,0,0,0,0,0,fail,svg2tvgt,Error Context: 'M19 10h2V3h-2m1 12.5̲c-1.25 0-2.45-.2-3.57-.57-.35-.11-.74-.0…' Unhandled exception: System.InvalidOperationException: New MoveTo detected without ClosePath    at SvgPathParser.ParseMo
material-design,phone-voip.svg,730,378,767,579,0,0,0,0,0,fail,svg2tvgt,Error Context: 'M13 17v2h1a1 1 0 0 1 1 1h7v2h-7a1 1 0 0 1-1 1h-4a1 1 0 0 1-1-1H2v-2h7a1 1 0 0 1 1-1h1v-2zm10.7-9.33c.18.18.3.42.3.7s-.11.53-.29.71l-2.48 2.48c-.18.18-.43.29-.73.29-.25 0-.5-.1-.68-.28-
material-design,pi-hole.svg,709,283,742,592,0,0,0,0,0,fail,svg2tvgt,Error Context: 'M5.62 2c3.88 0 5.95 2.29 6.15 5.93.73-4.36 4.16-3.85 4.16-3.85.17 2.47-1.86 3.97-4.16 4.09-.65-1.36-4.52-4.7-4.52-4.7-.02.03 3.72 3.27 3.58 4.68C8.33 7.88 5.82 6 5.62 2m.44 11.11̲ 3.86
material-design,pig-variant.svg,365,183,395,294,929,180,172,164,148,ok,,
material-design,piggy-bank.svg,379,200,408,304,1050,195,182,175,157,ok,,
material-design,pin-off.svg,224,113,219,186,741,106,102,95,85,ok,,
material-design,pipe-wrench.svg,359,141,358,292,851,128,133,124,121,ok,,
material-design,pizza.svg,298,166,301,259,0,0,0,0,0,fail,svg2tvgt,Error Context: 'M12 15a2 2 0 0 1-2-2 2 2 0 0 1 2-2 2 2 0 0 1 2 2 2 2 0 0 1-2 2M7 7̲c0-1.11.89-2 2-2a2 2 0 0 1 2 2 2 2 0 0 1…' Unhandled exception: System.InvalidOperationException: New MoveTo detected
material-design,play.svg,131,36,123,94,228,31,44,36,39,ok,,
material-design,plus-minus-variant.svg,185,97,191,145,667,88,91,93,61,ok,,
material-design,podium.svg,452,234,446,375,1446,215,186,180,167,ok,,
material-design,pound-box-outline.svg,380,224,385,300,0,0,0,0,0,fail,svg2tvgt,Error Context: 'M19 19H5V5h14m0-2̲H5a2 2 0 0 0-2 2v14a2 2 0 0 0 2 2h14a2 2…' Unhandled exception: System.InvalidOperationException: New MoveTo detected without ClosePath    at SvgPathParser.ParseMoveT
material-design,power-on.svg,118,35,114,92,237,32,45,37,38,ok,,
material-design,power-socket-eu.svg,477,245,480,435,0,0,0,0,0,fail,svg2tvgt,Error Context: 'M7.5 10.5A1.5 1.5 0 0 1 9 12a1.5 1.5 0 0 1-1.5 1.5c-.84 0-1.5-.67-1.5-1.5a1.5 1.5 0 0 1 1.5-1.5m9 0̲A1.5 1.5 0 0 1 18 12a1.5 1.5 0 0 1-1.5 1…' Unhandled exception: System.InvalidOperat
material-design,power-socket-us.svg,391,210,394,338,0,0,0,0,0,fail,svg2tvgt,Error Context: 'M8 7h2v5H8zM4.22 2h15.56C21 2 22 3 22 4.22v15.56A2.22 2.22 0 0 1 19.78 22H4.22C3 22 2 21 2 19.78V4.22A2.22 2.22 0 0 1 4.22 2M12 4̲a8 8 0 0 0-8 8 8 8 0 0 0 8 8 8 8 0 0 0 8…' Unhandled e
material-design,pretzel.svg,634,296,644,510,0,0,0,0,0,fail,svg2tvgt,Error Context: 'M5.15 15.84A8.97 8.97 0 0 1 3 10v-.03C3 7.22 5.25 5 8 5c1.64 0 3.09.79 4 2 .91-1.21 2.37-2 4-2 2.76 0 5 2.24 5 5 0 2.23-.81 4.27-2.15 5.84l1.36 1.36-1.42 1.41-1.4-1.4A9.04 9.04 0 0 1 1
material-design,printer-eye.svg,592,365,591,455,0,0,0,0,0,fail,svg2tvgt,Error Context: 'M9.8 21c-.2-.4-.5-.8-.6-1.3l-.4-.7H8v-5h5c1.2-.6 2.6-1 4-1 1.9 0 3.6.6 5 1.6V11c0-1.7-1.3-3-3-3H5c-1.7 0-3 1.3-3 3v6h4v4zM19 10c.6 0 1 .4 1 1s-.4 1-1 1-1-.4-1-1 .4-1 1-1m-1-3̲H6V3h12zm
material-design,printer-outline.svg,370,231,404,278,1320,222,180,159,152,ok,,
material-design,printer-settings.svg,310,209,314,254,0,0,0,0,0,fail,svg2tvgt,Error Context: 'M18 2v4H6V2zm1 9a1 1 0 0 0 1-1 1 1 0 0 0-1-1 1 1 0 0 0-1 1 1 1 0 0 0 1 1m-3 7̲v-5H8v5zm3-11a3 3 0 0 1 3 3v6h-4v4H6v-4H…' Unhandled exception: System.InvalidOperationException: New Move
material-design,printer.svg,255,152,250,213,0,0,0,0,0,fail,svg2tvgt,Error Context: 'M18 3H6v4h12m1 5̲a1 1 0 0 1-1-1 1 1 0 0 1 1-1 1 1 0 0 1 1…' Unhandled exception: System.InvalidOperationException: New MoveTo detected without ClosePath    at SvgPathParser.ParseMoveTo
material-design,professional-hexagon.svg,845,444,912,641,0,0,0,0,0,fail,svg2tvgt,Error Context: 'M21 16.5c0 .38-.21.71-.53.88l-7.9 4.44c-.16.12-.36.18-.57.18s-.41-.06-.57-.18l-7.9-4.44A.99.99 0 0 1 3 16.5v-9c0-.38.21-.71.53-.88l7.9-4.44c.16-.12.36-.18.57-.18s.41.06.57.18l7.9 4.44c
material-design,progress-alert.svg,588,269,605,474,0,0,0,0,0,fail,svg2tvgt,Error Context: 'M13 2v2c4.39.54 7.5 4.53 6.96 8.92A8.014 8.014 0 0 1 13 19.88v2c5.5-.6 9.45-5.54 8.85-11.03C21.33 6.19 17.66 2.5 13 2m-2 0̲c-1.96.18-3.81.95-5.33 2.2L7.1 5.74c1.12…' Unhandled exceptio
material-design,projector-screen-off-outline.svg,364,180,380,296,1124,171,159,146,126,ok,,
material-design,projector-screen-off.svg,323,150,331,265,957,143,138,130,115,ok,,
material-design,puzzle-check.svg,494,262,508,418,1377,256,214,202,27,ok,,
material-design,puzzle-remove.svg,584,287,622,484,0,0,0,0,0,fail,svg2tvgt,Error Context: 'M13.04 19.61a2.68 2.68 0 0 0-2.54-1.81c-1.5 0-2.7 1.2-2.7 2.7V22H4a2 2 0 0 1-2-2v-3.8h1.5c1.5 0 2.7-1.2 2.7-2.7S5 10.8 3.5 10.8H2V7c0-1.1.9-2 2-2h4V3.5a2.5 2.5 0 0 1 5 0V5h4a2 2 0 0 1
material-design,pyramid.svg,408,168,431,303,0,0,0,0,0,fail,svg2tvgt,Error Context: 'm21.85 16.96-9-14.49a1.003 1.003 0 0 0-1.7 0l-9 14.49c-.31.49-.15 1.22.49 1.47l9 3.5c.11.07.24.07.36.07s.25 0 .36-.07l9-3.5c.64-.25.8-.98.49-1.47M11 6.5̲v6.82L5.42 15.5zm1 13.43L5.76 1
material-design,qqchat.svg,730,286,732,566,1629,285,277,256,109,ok,,
material-design,quality-high.svg,346,210,351,293,0,0,0,0,0,fail,svg2tvgt,Error Context: 'M14.5 13.5h2v-3h-2M18 14̲a1 1 0 0 1-1 1h-.75v1.5h-1.5V15H14a1 1 0…' Unhandled exception: System.InvalidOperationException: New MoveTo detected without ClosePath    at SvgPathParser.Par
material-design,rabbit.svg,1099,440,1135,820,2544,437,404,379,395,ok,,
material-design,radar.svg,567,293,560,494,1403,292,213,197,28,ok,,
material-design,radio.svg,309,181,302,263,973,176,132,135,103,ok,,
material-design,radioactive-circle.svg,458,248,499,394,0,0,0,0,0,fail,svg2tvgt,Error Context: 'M12 2C6.5 2 2 6.5 2 12s4.5 10 10 10 10-4.5 10-10S17.5 2 12 2m8 10̲h-4c0-1.5-.8-2.8-2-3.4l2-3.5c2.4 1.4 4 3…' Unhandled exception: System.InvalidOperationException: New MoveTo detected
material-design,radiobox-marked.svg,312,177,315,275,0,0,0,0,0,fail,svg2tvgt,Error Context: 'M12 20a8 8 0 0 1-8-8 8 8 0 0 1 8-8 8 8 0 0 1 8 8 8 8 0 0 1-8 8m0-18̲A10 10 0 0 0 2 12a10 10 0 0 0 10 10 10 1…' Unhandled exception: System.InvalidOperationException: New MoveTo detecte
material-design,ray-end.svg,204,82,199,167,429,81,85,83,73,ok,,
material-design,ray-start.svg,192,81,192,163,428,80,84,70,67,ok,,
material-design,receipt-outline.svg,349,208,306,259,937,159,106,95,89,ok,,
material-design,reiterate.svg,312,154,309,279,0,0,0,0,0,fail,svg2tvgt,Error Context: 'M10.5 4A6.5 6.5 0 0 0 4 10H1l4 4 4-4H6.03a4.5 4.5 0 0 1 4.47-4 4.5 4.5 0 0 1 4.5 4.5 4.5 4.5 0 0 1-4.5 4.5H2v2h8.5a6.5 6.5 0 0 0 6.5-6.5A6.5 6.5 0 0 0 10.5 4m8.5 8̲v3h-2.5a7.5 7.5 0 0
material-design,relation-one-or-many-to-many.svg,170,94,186,139,640,94,82,78,65,ok,,
material-design,relation-one-or-many-to-zero-or-one.svg,278,161,301,231,0,0,0,0,0,fail,svg2tvgt,Error Context: 'M21 15v-2h-2v2h-.21a2.5 2.5 0 0 0-4.58 0H13V7H7V5H5v2L3 5H2v6h1l2-2v2h2V9h4v8h3.21a2.5 2.5 0 0 0 4.58 0H19v2h2v-2h1v-2m-5.5 2̲a1 1 0 1 1 1-1 1 1 0 0 1-1 1' Unhandled exception: System.
material-design,relation-one-to-zero-or-many.svg,263,143,279,216,0,0,0,0,0,fail,svg2tvgt,Error Context: 'm21 13-2 2h-.21a2.5 2.5 0 0 0-4.58 0H13V7H7V5H5v2H2v2h3v2h2V9h4v8h3.21a2.5 2.5 0 0 0 4.58 0H19l2 2h1v-6m-5.5 4̲a1 1 0 1 1 1-1 1 1 0 0 1-1 1' Unhandled exception: System.InvalidOperatio
material-design,relation-only-one-to-zero-or-one.svg,286,175,306,239,0,0,0,0,0,fail,svg2tvgt,Error Context: 'M21 15v-2h-2v2h-.21a2.5 2.5 0 0 0-4.58 0H13V7H8V5H6v2H5V5H3v2H2v2h1v2h2V9h1v2h2V9h3v8h3.21a2.5 2.5 0 0 0 4.58 0H19v2h2v-2h1v-2m-5.5 2̲a1 1 0 1 1 1-1 1 1 0 0 1-1 1' Unhandled exception:
material-design,relation-zero-or-many-to-one-or-many.svg,265,153,289,225,0,0,0,0,0,fail,svg2tvgt,Error Context: 'm21 13-2 2v-2h-2v2h-4V7H9.79a2.5 2.5 0 0 0-4.58 0H5L3 5H2v6h1l2-2h.21a2.5 2.5 0 0 0 4.58 0H11v8h6v2h2v-2l2 2h1v-6M7.5 9̲a1 1 0 1 1 1-1 1 1 0 0 1-1 1' Unhandled exception: System.Invali
material-design,relation-zero-or-one-to-only-one.svg,281,175,301,241,0,0,0,0,0,fail,svg2tvgt,Error Context: 'M21 15v-2h-2v2h-1v-2h-2v2h-3V7H9.79a2.5 2.5 0 0 0-4.58 0H5V5H3v2H2v2h1v2h2V9h.21a2.5 2.5 0 0 0 4.58 0H11v8h5v2h2v-2h1v2h2v-2h1v-2M7.5 9̲a1 1 0 1 1 1-1 1 1 0 0 1-1 1' Unhandled exceptio
material-design,reload-alert.svg,302,171,302,248,0,0,0,0,0,fail,svg2tvgt,Error Context: 'M2 12c0 5 4 9 9 9 2.4 0 4.7-.9 6.4-2.6l-1.5-1.5c-1.3 1.4-3 2.1-4.9 2.1-6.2 0-9.4-7.5-4.9-11.9S18 5.8 18 12h-3l4 4h.1l3.9-4h-3c0-5-4-9-9-9s-9 4-9 9m8 3̲h2v2h-2zm0-8h2v6h-2z' Unhandled e
material-design,remote-off.svg,569,277,568,486,0,0,0,0,0,fail,svg2tvgt,Error Context: 'M2 5.27 3.28 4 21 21.72 19.73 23 16 19.27V22a1 1 0 0 1-1 1H9c-.54 0-1-.45-1-1V11.27zM12 0c3.05 0 5.8 1.23 7.77 3.23l-1.41 1.41C16.75 3 14.5 2 12 2c-2.28 0-4.36.85-5.94 2.24L4.64 2.82C6
material-design,reply-all.svg,194,96,191,157,0,0,0,0,0,fail,svg2tvgt,Error Context: 'M13 9V5l-7 7 7 7v-4.1c5 0 8.5 1.6 11 5.1-1-5-4-10-11-11M7 8̲V5l-7 7 7 7v-3l-4-4z' Unhandled exception: System.InvalidOperationException: New MoveTo detected without ClosePath    at Svg
material-design,reply.svg,166,65,159,133,338,64,69,59,58,ok,,
material-design,restart.svg,423,189,419,331,974,178,173,147,162,ok,,
material-design,rewind-30.svg,470,271,481,408,0,0,0,0,0,fail,svg2tvgt,Error Context: 'M19 14v6c0 1.11-.89 2-2 2h-2a2 2 0 0 1-2-2v-6a2 2 0 0 1 2-2h2a2 2 0 0 1 2 2m-4 0̲v6h2v-6zm-4 6a2 2 0 0 1-2 2H5v-2h4v-2H7v…' Unhandled exception: System.InvalidOperationException: New M
material-design,rhombus.svg,298,108,293,210,578,107,101,104,96,ok,,
material-design,ribbon.svg,390,182,398,339,0,0,0,0,0,fail,svg2tvgt,Error Context: 'm13.41 19.31 3.18 3.19L18 21.07l-3.17-3.17m.71-6.37̲h-.01L12 15.07l-3.53-3.54h-.01A4.98 4.98…' Unhandled exception: System.InvalidOperationException: New MoveTo detected without CloseP
material-design,rice.svg,371,180,363,314,0,0,0,0,0,fail,svg2tvgt,Error Context: 'M22 11h-2.3c-.3-1.1-.8-2.2-1.5-3l3.4-5.4-1.7-1.1-3.2 5.1c-.4-.3-.7-.5-1.2-.7l.9-3.6-1.9-.5-.8 3.4c-.6-.1-1.1-.2-1.7-.2-3.7 0-6.8 2.6-7.7 6H2c0 4.1 2.5 7.6 6 9.2V22h8v-1.8c3.5-1.6 6-5.1
material-design,rickshaw-electric.svg,608,335,698,447,0,0,0,0,0,fail,svg2tvgt,Error Context: 'M20 12.05v-1.32c0-.47-.16-.93-.46-1.29L15.6 4.72c-.38-.46-.94-.72-1.54-.72H4c-1.1 0-2 .9-2 2v7c0 1.1.9 2 2 2h.05a2.5 2.5 0 0 0 4.9 0h8.1A2.5 2.5 0 1 0 20 12.05M3.5 6̲c0-.27.23-.5.5-.5h
material-design,robot-angry-outline.svg,660,354,721,511,0,0,0,0,0,fail,svg2tvgt,Error Context: 'M22 14h-1c0-3.87-3.13-7-7-7h-1V5.73A2 2 0 1 0 10 4c0 .74.4 1.39 1 1.73V7h-1c-3.87 0-7 3.13-7 7H2c-.55 0-1 .45-1 1v3c0 .55.45 1 1 1h1v1a2 2 0 0 0 2 2h14c1.11 0 2-.89 2-2v-1h1c.55 0 1-.4
material-design,roman-numeral-5.svg,136,52,139,107,312,49,55,49,42,ok,,
material-design,rotate-right.svg,498,207,517,414,0,0,0,0,0,fail,svg2tvgt,Error Context: 'm16.89 15.5 1.42 1.39c.9-1.16 1.45-2.5 1.62-3.89h-2.02c-.14.87-.48 1.72-1.02 2.5M13 17.9̲v2.02c1.39-.17 2.74-.71 3.9-1.61l-1.44-1…' Unhandled exception: System.InvalidOperationExceptio
material-design,routes-clock.svg,431,231,431,362,0,0,0,0,0,fail,svg2tvgt,Error Context: 'M16.5 13H15v3.69l3.19 1.84.75-1.3-2.44-1.41zM16 9c-1.96 0-3.73.82-5 2.12V7h6l2-2-2-2h-6V2l-1-1-1 1v4H3L1 8l2 2h6v10c-1.1 0-2 .9-2 2h5.41c1.05.63 2.28 1 3.59 1 3.87 0 7-3.13 7-7s-3.13-7
material-design,routes.svg,212,123,206,169,711,120,95,93,26,ok,,
material-design,rss.svg,343,143,334,309,0,0,0,0,0,fail,svg2tvgt,Error Context: 'M6.18 15.64a2.18 2.18 0 0 1 2.18 2.18C8.36 19 7.38 20 6.18 20 5 20 4 19 4 17.82a2.18 2.18 0 0 1 2.18-2.18M4 4.44̲A15.56 15.56 0 0 1 19.56 20h-2.83A12.73 …' Unhandled exception: System.
material-design,rug.svg,545,297,607,428,0,0,0,0,0,fail,svg2tvgt,Error Context: 'M12 14c-1.1 0-2-.89-2-2s.9-2 2-2 2 .9 2 2-.89 2-2 2m11 5̲H1v-2h3v-2H1v-2h3v-2H1V9h3V7H1V5h22v2h-3…' Unhandled exception: System.InvalidOperationException: New MoveTo detected without C
material-design,run.svg,451,206,454,338,0,0,0,0,0,fail,svg2tvgt,Error Context: 'M13.5 5.5c1.09 0 2-.92 2-2a2 2 0 0 0-2-2c-1.11 0-2 .88-2 2 0 1.08.89 2 2 2M9.89 19.38̲l1-4.38L13 17v6h2v-7.5l-2.11-2 .61-3A7.3…' Unhandled exception: System.InvalidOperationException:
material-design,rv-truck.svg,360,214,356,313,0,0,0,0,0,fail,svg2tvgt,Error Context: 'M20 8h2V6l-2-2H3a2 2 0 0 0-2 2v9a2 2 0 0 0 2 2h1a3 3 0 0 0 3 3 3 3 0 0 0 3-3h5a3 3 0 0 0 6 0h2v-5M7 18.5̲a1.5 1.5 0 0 1 0-3 1.5 1.5 0 0 1 0 3M9 1…' Unhandled exception: System.InvalidO
material-design,sack-percent.svg,443,250,468,371,0,0,0,0,0,fail,svg2tvgt,Error Context: 'M8 7 6 2l4 2 2-2 2 2 4-2-2 5zm8 15H8c-6 0-5-4-5-4s1-7 5-9h8c4 2 5 9 5 9s1 4-5 4m-8.5-9.5̲A1.5 1.5 0 0 0 9 14a1.5 1.5 0 0 0 1.5-1.…' Unhandled exception: System.InvalidOperationExceptio
material-design,sausage.svg,285,127,280,230,610,122,112,106,102,ok,,
material-design,scanner-off.svg,395,198,394,306,1154,181,173,160,142,ok,,
material-design,scatter-plot-outline.svg,587,340,595,454,0,0,0,0,0,fail,svg2tvgt,Error Context: 'M7 18a4 4 0 0 1-4-4 4 4 0 0 1 4-4 4 4 0 0 1 4 4 4 4 0 0 1-4 4m0-6̲a2 2 0 0 0-2 2 2 2 0 0 0 2 2 2 2 0 0 0 2…' Unhandled exception: System.InvalidOperationException: New MoveTo detected
material-design,scent-off.svg,1120,546,1126,777,0,0,0,0,0,fail,svg2tvgt,Error Context: 'M14.6 16.5c-.9 1.3-1.6 2.7-1.6 4 0 .4.1.8.2 1.3 0 .1 0 .2-.1.3s-.2 0-.2-.1c-1-1.3-1.5-2.5-1.5-3.9q0-1.8 1.2-3.6l-1.4-1.4c-1.1 1.4-1.8 2.9-1.8 4.4 0 .4.1.8.2 1.3 0 .1 0 .2-.1.3s-.2 0-.2
material-design,scooter.svg,568,315,573,462,0,0,0,0,0,fail,svg2tvgt,Error Context: 'M7.82 19H15v-1c0-2.21 1.79-4 4-4h.74l-1.9-8.44A2.01 2.01 0 0 0 15.89 4H12v2h3.89l1.4 6.25h-.01A6.01 6.01 0 0 0 13.09 17H7.82a2.996 2.996 0 0 0-3.42-1.94c-1.18.23-2.13 1.2-2.35 2.38A3.0
material-design,screw-machine-round-top.svg,329,180,349,222,0,0,0,0,0,fail,svg2tvgt,Error Context: 'm14.5 7.3-1 .7V7h-3v3l-1 .7v1l5-3.3zm0 4-1 .7v-2l-3 2v2l-1 .7v1l5-3.3zm0 4-1 .7v-2l-3 2v2l-1 .7v1l5-3.3zM7 6h10s-1-3-5-3-5 3-5 3m6.5 12̲v3h-3v-1z' Unhandled exception: System.InvalidOp
material-design,script-text-key-outline.svg,605,383,616,467,0,0,0,0,0,fail,svg2tvgt,Error Context: 'M17.8 19c-.4-1.2-1.5-2-2.8-2-1.7 0-3 1.3-3 3s1.3 3 3 3c1.3 0 2.4-.8 2.8-2H19v2h2v-2h2v-2zM15 21.3c-.7 0-1.3-.6-1.3-1.3s.6-1.3 1.3-1.3 1.3.6 1.3 1.3-.6 1.3-1.3 1.3M9 10̲h5v2H9zm0-4h5v2H
material-design,script-text.svg,337,205,348,273,1102,196,165,149,146,ok,,
material-design,seat-individual-suite.svg,208,112,217,178,0,0,0,0,0,fail,svg2tvgt,Error Context: 'M7 13a3 3 0 0 0 3-3 3 3 0 0 0-3-3 3 3 0 0 0-3 3 3 3 0 0 0 3 3m12-6̲h-8v7H3V7H1v10h22v-6a4 4 0 0 0-4-4' Unhandled exception: System.InvalidOperationException: New MoveTo detected withou
material-design,seat-outline.svg,222,139,222,177,0,0,0,0,0,fail,svg2tvgt,Error Context: 'M15 5v7H9V5zm0-2H9a2 2 0 0 0-2 2v9h10V5a2 2 0 0 0-2-2m7 7̲h-3v3h3zM5 10H2v3h3zm15 5H4v6h2v-4h12v4h…' Unhandled exception: System.InvalidOperationException: New MoveTo detected without
material-design,seat-passenger.svg,407,198,414,318,0,0,0,0,0,fail,svg2tvgt,Error Context: 'M9 19h6v2H9c-2.76 0-5-2.24-5-5V7h2v9c0 1.66 1.34 3 3 3m1.42-13.59̲c.78-.78.78-2.05 0-2.83s-2.05-.78-2.83 0…' Unhandled exception: System.InvalidOperationException: New MoveTo detected
material-design,seat-recline-normal.svg,500,236,507,411,0,0,0,0,0,fail,svg2tvgt,Error Context: 'M7.59 5.41c-.78-.78-.78-2.05 0-2.83s2.05-.78 2.83 0 .78 2.05 0 2.83c-.79.79-2.05.79-2.83 0M6 16̲V7H4v9a5 5 0 0 0 5 5h6v-2H9a3 3 0 0 1-3-…' Unhandled exception: System.InvalidOperationE
material-design,seat.svg,210,125,202,168,815,116,99,88,26,ok,,
material-design,select-color.svg,615,373,670,475,0,0,0,0,0,fail,svg2tvgt,Error Context: 'M3.88 3c-.5.06-.88.5-.88 1v1h2V3zM7 3v2h2V3zm4 0v2h2V3zm4 0v2h2V3zm4 0v2h2V3.88c-.06-.5-.5-.88-1-.88zM3 7v2h2V7zm16 0v2h2V7zM3 11v2h2v-2zm16.31 1c-.13 0-.26.05-.36.14l-1.56 1.57-.96-.9
material-design,select-group.svg,404,325,404,337,0,0,0,0,0,fail,svg2tvgt,Error Context: 'M5 3a2 2 0 0 0-2 2h2m2-2̲v2h2V3m2 0v2h2V3m2 0v2h2V3m2 0v2h2a2 2 0…' Unhandled exception: System.InvalidOperationException: New MoveTo detected without ClosePath    at SvgPathParser.Par
material-design,select-inverse.svg,260,203,262,217,1471,200,92,99,89,ok,,
material-design,selection-ellipse-remove.svg,956,405,996,829,0,0,0,0,0,fail,svg2tvgt,Error Context: 'm6.35 20.25 1.21-1.59c.86.57 1.83.98 2.87 1.19l-.27 1.98c-1.39-.26-2.66-.83-3.81-1.58m10.08-1.59̲ 1.21 1.6c-1.14.77-2.41 1.31-3.8 1.57l-.…' Unhandled exception: System.InvalidOperation
material-design,selection-marker.svg,515,315,550,417,0,0,0,0,0,fail,svg2tvgt,Error Context: 'M2 4a2 2 0 0 1 2-2h3v2H4v3H2zm20 0v3h-2V4h-3V2h3a2 2 0 0 1 2 2M2 20̲v-3h2v3h3v2H4a2 2 0 0 1-2-2m8-18h4v2h-4z…' Unhandled exception: System.InvalidOperationException: New MoveTo detecte
material-design,send-lock.svg,327,179,324,280,0,0,0,0,0,fail,svg2tvgt,Error Context: 'M23 18v-.5a2.5 2.5 0 0 0-2.5-2.5 2.5 2.5 0 0 0-2.5 2.5v.5a1 1 0 0 0-1 1v4a1 1 0 0 0 1 1h5a1 1 0 0 0 1-1v-4a1 1 0 0 0-1-1m-1 0̲h-3v-.5a1.5 1.5 0 0 1 1.5-1.5 1.5 1.5 0 …' Unhandled excep
material-design,shaker.svg,588,347,590,467,0,0,0,0,0,fail,svg2tvgt,Error Context: 'M7 16c0 .55-.45 1-1 1s-1-.45-1-1 .45-1 1-1 1 .45 1 1m2 0̲c-.55 0-1 .45-1 1s.45 1 1 1 1-.45 1-1-.4…' Unhandled exception: System.InvalidOperationException: New MoveTo detected without C
material-design,shape-oval-plus.svg,298,176,333,247,965,173,152,151,135,ok,,
material-design,share-all.svg,195,96,192,155,0,0,0,0,0,fail,svg2tvgt,Error Context: 'M11 9V5l7 7-7 7v-4.1c-5 0-8.5 1.6-11 5.1 1-5 4-10 11-11m6-1̲V5l7 7-7 7v-3l4-4z' Unhandled exception: System.InvalidOperationException: New MoveTo detected without ClosePath    at SvgPa
material-design,share-off-outline.svg,335,150,340,280,0,0,0,0,0,fail,svg2tvgt,Error Context: 'M22.1 21.5 2.4 1.7 1.1 3l7.8 7.8C5.4 12.9 3.7 16.4 3 20c2.3-3.3 5.6-4.9 10-5.1l1 1V19l1.6-1.6 5.2 5.3M8.3 13.8̲c.64-.58 1.35-1.09 2.1-1.5l.9.8m2.9-2.1-…' Unhandled exception: System.In
material-design,share.svg,163,65,156,130,330,60,70,65,57,ok,,
material-design,sheep.svg,1254,633,1275,1051,0,0,0,0,0,fail,svg2tvgt,Error Context: 'M20 8.5a2.5 2.5 0 0 1-2.5 2.5c-1.08 0-2-.69-2.34-1.64-.44.39-1.02.64-1.66.64-.56 0-1.08-.19-1.5-.5-.42.31-.93.5-1.5.5-.64 0-1.22-.25-1.66-.64C8.5 10.31 7.58 11 6.5 11A2.5 2.5 0 0 1 4 8
material-design,shield-check-outline.svg,299,141,307,255,0,0,0,0,0,fail,svg2tvgt,Error Context: 'M21 11c0 5.55-3.84 10.74-9 12-5.16-1.26-9-6.45-9-12V5l9-4 9 4zm-9 10c3.75-1 7-5.46 7-9.78V6.3l-7-3.12L5 6.3v4.92C5 15.54 8.25 20 12 21m-2-4̲-4-4 1.41-1.41L10 14.17l6.59-6.59L18 9' Unha
material-design,shield-check.svg,220,95,220,181,0,0,0,0,0,fail,svg2tvgt,Error Context: 'm10 17-4-4 1.41-1.41L10 14.17l6.59-6.59L18 9m-6-8̲L3 5v6c0 5.55 3.84 10.74 9 12 5.16-1.26 …' Unhandled exception: System.InvalidOperationException: New MoveTo detected without ClosePat
material-design,shield-crown.svg,305,146,330,236,801,135,133,124,116,ok,,
material-design,shield-home-outline.svg,294,153,301,244,0,0,0,0,0,fail,svg2tvgt,Error Context: 'M21 11c0 5.55-3.84 10.74-9 12-5.16-1.26-9-6.45-9-12V5l9-4 9 4zm-9 10c3.75-1 7-5.46 7-9.78V6.3l-7-3.12L5 6.3v4.92C5 15.54 8.25 20 12 21m-1-7̲h2v3h3v-5h2l-6-5-6 5h2v5h3z' Unhandled excep
material-design,shield-link-variant-outline.svg,1265,542,1303,929,0,0,0,0,0,fail,svg2tvgt,Error Context: 'M21 11c0 5.55-3.84 10.74-9 12-5.16-1.26-9-6.45-9-12V5l9-4 9 4zm-9 10c3.75-1 7-5.46 7-9.78V6.3l-7-3.12L5 6.3v4.92C5 15.54 8.25 20 12 21m2.28-11.27̲c.58.58.9 1.35.9 2.17 0 .83-.32 1.6-.9
material-design,shield-link-variant.svg,1188,495,1220,850,0,0,0,0,0,fail,svg2tvgt,Error Context: 'M12 1 3 5v6c0 5.55 3.84 10.74 9 12 5.16-1.26 9-6.45 9-12V5zm2.28 13.08-2.02 2.02c-.6.6-1.39.9-2.18.9s-1.58-.3-2.18-.9a3.09 3.09 0 0 1 0-4.36l1.25-1.24-.01.56c0 .44.07.89.22 1.31l.05.13
material-design,shield-lock-open.svg,383,201,387,320,998,194,164,154,157,ok,,
material-design,shield-moon-outline.svg,437,191,463,365,0,0,0,0,0,fail,svg2tvgt,Error Context: 'M21 11c0 5.55-3.84 10.74-9 12-5.16-1.26-9-6.45-9-12V5l9-4 9 4zm-9 10c3.75-1 7-5.46 7-9.78V6.3l-7-3.12L5 6.3v4.92C5 15.54 8.25 20 12 21m-3-6.67̲c1.76 2.17 5.13 2.24 6.97.07.23-.27.08-.…
material-design,shield-remove.svg,391,172,395,321,963,163,154,146,137,ok,,
material-design,shield-search.svg,438,216,439,370,0,0,0,0,0,fail,svg2tvgt,Error Context: 'M12 9a3 3 0 0 1 3 3 3 3 0 0 1-3 3 3 3 0 0 1-3-3 3 3 0 0 1 3-3m5.86 10.31̲C16.23 21.22 14.28 22.45 12 23c-2.56-.61…' Unhandled exception: System.InvalidOperationException: New MoveTo de
material-design,shield-sync.svg,451,210,450,388,0,0,0,0,0,fail,svg2tvgt,Error Context: 'M18 12a6.4 6.4 0 0 1 2.87.67A12 12 0 0 0 21 11V5l-9-4-9 4v6c0 5.55 3.84 10.74 9 12 .35-.09.7-.2 1-.32a6.42 6.42 0 0 1-1.5-4.18A6.5 6.5 0 0 1 18 12m0 2.5̲V13l-2.25 2.25L18 17.5V16a2.5 2
material-design,ship-wheel.svg,1334,602,1410,1063,0,0,0,0,0,fail,svg2tvgt,Error Context: 'm2 11 2.05.1a7.96 7.96 0 0 1 3.2-5.54L6.13 3.84c-.27-.48-.13-1.09.37-1.37.5-.27 1.09-.11 1.37.37l.93 1.82a8.1 8.1 0 0 1 6.4 0l.93-1.82c.28-.48.87-.64 1.37-.37.5.28.64.89.37 1.37l-1.12
material-design,shopping-outline.svg,370,230,374,303,0,0,0,0,0,fail,svg2tvgt,Error Context: 'M19 6h-2c0-2.8-2.2-5-5-5S7 3.2 7 6H5c-1.1 0-2 .9-2 2v12c0 1.1.9 2 2 2h14c1.1 0 2-.9 2-2V8c0-1.1-.9-2-2-2m-7-3̲c1.7 0 3 1.3 3 3H9c0-1.7 1.3-3 3-3m7 17H…' Unhandled exception: System.Inv
material-design,shopping-search.svg,489,264,492,436,0,0,0,0,0,fail,svg2tvgt,Error Context: 'M19 6h-2A5 5 0 0 0 7 6H5a2 2 0 0 0-2 2v12a2 2 0 0 0 2 2h7.05A6.5 6.5 0 0 1 9 16.5a6.4 6.4 0 0 1 1.25-3.82A5 5 0 0 1 7 8h2a3 3 0 0 0 3 3h.06a6.2 6.2 0 0 1 2-.84A3 3 0 0 0 15 8h2a4.9 4.9
material-design,shuffle.svg,279,112,274,227,0,0,0,0,0,fail,svg2tvgt,Error Context: 'm14.83 13.41-1.41 1.41 3.13 3.13L14.5 20H20v-5.5l-2.04 2.04zM14.5 4l2.04 2.04L4 18.59 5.41 20 17.96 7.46 20 9.5V4m-9.41 5.17̲L5.41 4 4 5.41l5.17 5.17z' Unhandled exception: System.Inva
material-design,sickle.svg,261,103,255,218,507,102,111,104,94,ok,,
material-design,sign-direction-minus.svg,195,101,203,164,0,0,0,0,0,fail,svg2tvgt,Error Context: 'M20.5 9.5 18 12h-5v10H9a2 2 0 0 1 2-2v-8H3.5L6 9.5 3.5 7H11V3l1-1 1 1v4h5m5 11̲h-8v2h8Z' Unhandled exception: System.InvalidOperationException: New MoveTo detected without ClosePath
material-design,signal-3g.svg,339,189,336,266,0,0,0,0,0,fail,svg2tvgt,Error Context: 'M11 16.5v-2.25C11 13 10 12 8.75 12 10 12 11 11 11 9.75V7.5a3 3 0 0 0-3-3H2v3h6v3H5v3h3v3H2v3h6a3 3 0 0 0 3-3m11 0̲v-6h-4.5v3H19v3h-3v-9h6v-3h-6a3 3 0 0 0-…' Unhandled exception: System
material-design,signal-4g.svg,252,130,249,189,0,0,0,0,0,fail,svg2tvgt,Error Context: 'M22 16.5v-6h-4.5v3H19v3h-3v-9h6v-3h-6a3 3 0 0 0-3 3v9a3 3 0 0 0 3 3h3a3 3 0 0 0 3-3m-14 3̲h3v-15H8v6H5v-6H2v9h6z' Unhandled exception: System.InvalidOperationException: New MoveTo dete
material-design,sim-outline.svg,332,203,331,249,0,0,0,0,0,fail,svg2tvgt,Error Context: 'M18 4v16H6V8.8L10.8 4zm0-2h-8L4 8v12c0 1.1.9 2 2 2h12c1.1 0 2-.9 2-2V4c0-1.1-.9-2-2-2M9.5 19̲h-2v-2h2zm7 0h-2v-2h2zm-7-4h-2v-4h2zm3.5…' Unhandled exception: System.InvalidOperationExce
material-design,sim.svg,270,178,268,217,1149,163,115,100,81,ok,,
material-design,skew-less.svg,183,90,180,141,564,79,81,73,66,ok,,
material-design,skip-previous-circle-outline.svg,268,154,309,231,0,0,0,0,0,fail,svg2tvgt,Error Context: 'M12 2a10 10 0 0 1 10 10 10 10 0 0 1-10 10A10 10 0 0 1 2 12 10 10 0 0 1 12 2m0 2̲c-4.41 0-8 3.59-8 8s3.59 8 8 8 8-3.59 8-…' Unhandled exception: System.InvalidOperationException: New Mo
material-design,slot-machine.svg,464,317,464,376,0,0,0,0,0,fail,svg2tvgt,Error Context: 'm5 12 2-4V7H4v1h2l-2 4m5 0̲ 2-4V7H8v1h2l-2 4m5 0 2-4V7h-3v1h2l-2 4m…' Unhandled exception: System.InvalidOperationException: New MoveTo detected without ClosePath    at SvgPathParser.P
material-design,smoke-detector-variant-off.svg,1538,717,1553,1239,0,0,0,0,0,fail,svg2tvgt,Error Context: 'M22.11 21.46 2.39 1.73 1.11 3l2.95 2.95A9.9 9.9 0 0 0 2 12c0 5.5 4.5 10 10 10 2.28 0 4.37-.77 6.05-2.06l2.79 2.79zM12 20c-4.41 0-8-3.59-8-8 0-1.72.56-3.31 1.5-4.62l1.43 1.44A6 6 0 0 0
material-design,smoking.svg,567,266,590,471,0,0,0,0,0,fail,svg2tvgt,Error Context: 'M2 16h15v3H2zm18.5 0H22v3h-1.5zM18 16h1.5v3H18zm.85-8.27c.62-.61 1-1.45 1-2.38C19.85 3.5 18.35 2 16.5 2v1.5c1 0 1.85.83 1.85 1.85S17.5 7.2 16.5 7.2v1.5c2.24 0 4 1.83 4 4.07V15H22v-2.24
material-design,snake.svg,564,330,580,465,0,0,0,0,0,fail,svg2tvgt,Error Context: 'M19.5 17H18c1.1 0 2-.9 2-2s-.9-2-2-2V9c0-1 0-2-1.08-2.86.05-.21.08-.42.08-.64C17 3.57 15 2 12.5 2c-2.26 0-4.12 1.31-4.43 3H6L3.71 2.79 3 3.5l2 2-2 2 .71.71L6 6h2.07c.31 1.69 2.17 3 4.4
material-design,snowflake.svg,693,312,690,571,2072,305,274,255,259,ok,,
material-design,social-distance-2-meters.svg,692,454,710,556,0,0,0,0,0,fail,svg2tvgt,Error Context: 'M6 6c1.1 0 2-.9 2-2s-.9-2-2-2-2 .9-2 2 .9 2 2 2m4 3.43̲c0-.81-.5-1.53-1.22-1.85C7.93 7.21 7 7 6…' Unhandled exception: System.InvalidOperationException: New MoveTo detected without Clo
material-design,sofa-single-outline.svg,520,313,527,417,0,0,0,0,0,fail,svg2tvgt,Error Context: 'M19 9V7c0-1.65-1.35-3-3-3H8C6.35 4 5 5.35 5 7v2c-1.65 0-3 1.35-3 3v5c0 1.65 1.35 3 3 3v2h2v-2h10v2h2v-2c1.65 0 3-1.35 3-3v-5c0-1.65-1.35-3-3-3M7 7̲c0-.55.45-1 1-1h8c.55 0 1 .45 1 1v2.7
material-design,solar-panel.svg,272,187,271,229,0,0,0,0,0,fail,svg2tvgt,Error Context: 'M4 2h16a2 2 0 0 1 2 2v10a2 2 0 0 1-2 2h-5v4h3v2h-5v-6h-2v6H6v-2h3v-4H4a2 2 0 0 1-2-2V4a2 2 0 0 1 2-2m0 2̲v4h7V4zm0 10h7v-4H4zm16 0v-4h-7v4zm0-10h…' Unhandled exception: System.InvalidO
material-design,sort-alphabetical-ascending.svg,235,149,255,200,0,0,0,0,0,fail,svg2tvgt,Error Context: 'M19 17h3l-4 4-4-4h3V3h2m-8 10̲v2l-3.33 4H11v2H5v-2l3.33-4H5v-2M9 3H7c-…' Unhandled exception: System.InvalidOperationException: New MoveTo detected without ClosePath    at SvgPathParse
material-design,sort-clock-ascending-outline.svg,378,187,410,294,0,0,0,0,0,fail,svg2tvgt,Error Context: 'M20 17h3l-4 4-4-4h3V3h2zM8 5c-3.86 0-7 3.13-7 7s3.13 7 7 7c3.86 0 7-3.13 7-7s-3.13-7-7-7m0 2.15̲c2.67 0 4.85 2.17 4.85 4.85S10.68 16.85 …' Unhandled exception: System.InvalidOperationE
material-design,sort-clock-descending.svg,259,134,284,208,0,0,0,0,0,fail,svg2tvgt,Error Context: 'M18 7h-3l4-4 4 4h-3v14h-2zM8 5c-3.86 0-7 3.13-7 7s3.13 7 7 7c3.86 0 7-3.13 7-7s-3.13-7-7-7m2.19 9.53̲L7 12.69V9h1.5v2.82l2.44 1.41z' Unhandled exception: System.InvalidOperationExcepti
material-design,sort-numeric-ascending-variant.svg,1393,562,1411,1013,0,0,0,0,0,fail,svg2tvgt,Error Context: 'M7.78 7c1.3.04 2.22.53 2.79 1.46.56.94.84 2.1.82 3.49.01 1.55-.3 2.78-.89 3.67-.62.88-1.55 1.35-2.79 1.38-1.26-.04-2.17-.5-2.75-1.44-.58-.93-.87-2.11-.87-3.56s.3-2.64.91-3.56C5.59 7.5
material-design,sort-numeric-descending.svg,329,219,362,276,0,0,0,0,0,fail,svg2tvgt,Error Context: 'M19 7h3l-4-4-4 4h3v14h2M9 21̲H5v-2h4v-1H7a2 2 0 0 1-2-2v-1c0-1.1.9-2 …' Unhandled exception: System.InvalidOperationException: New MoveTo detected without ClosePath    at SvgPathParser
material-design,sort.svg,180,101,172,147,0,0,0,0,0,fail,svg2tvgt,Error Context: 'm18 21-4-4h3V7h-3l4-4 4 4h-3v10h3M2 19̲v-2h10v2M2 13v-2h7v2M2 7V5h4v2z' Unhandled exception: System.InvalidOperationException: New MoveTo detected without ClosePath    at SvgPathParser
material-design,source-branch.svg,662,388,665,603,0,0,0,0,0,fail,svg2tvgt,Error Context: 'M13 14c-3.36 0-4.46 1.35-4.82 2.24C9.25 16.7 10 17.76 10 19a3 3 0 0 1-3 3 3 3 0 0 1-3-3c0-1.31.83-2.42 2-2.83V7.83A2.99 2.99 0 0 1 4 5a3 3 0 0 1 3-3 3 3 0 0 1 3 3c0 1.31-.83 2.42-2 2.8
material-design,source-commit.svg,246,130,298,212,0,0,0,0,0,fail,svg2tvgt,Error Context: 'M17 12a5 5 0 0 1-4 4.9V21h-2v-4.1a5 5 0 0 1 0-9.8V3h2v4.1a5 5 0 0 1 4 4.9m-5-3̲a3 3 0 0 0-3 3 3 3 0 0 0 3 3 3 3 0 0 0 3…' Unhandled exception: System.InvalidOperationException: New Mov
material-design,source-merge.svg,623,362,627,549,0,0,0,0,0,fail,svg2tvgt,Error Context: 'M7 3a3 3 0 0 1 3 3c0 1.29-.81 2.39-1.96 2.81.54 5 5.04 5.96 7.15 6.15A2.985 2.985 0 0 1 18 13a3 3 0 0 1 3 3 3 3 0 0 1-3 3c-1.31 0-2.43-.84-2.84-2-4.25-.2-5.72-1.81-7.16-3.61v1.78c1.17.
material-design,soy-sauce.svg,369,191,376,294,0,0,0,0,0,fail,svg2tvgt,Error Context: 'M13.9 7.5c0-.7.2-1.2.3-1.5h.6l.9-2.5h.8V2h-9v1.5h.8L9.2 6h.6q.3.45.3 1.5c0 1.3-4.1 6.2-4.1 10.1v2c0 1.4 2.7 2.3 6 2.3s6-.9 6-2.3v-2c0-3.9-4.1-8.8-4.1-10.1M12 15̲a2 2 0 0 1-2-2 2 2 0 0
material-design,space-station.svg,821,564,831,632,3197,541,326,286,309,ok,,
material-design,speedometer-slow.svg,602,273,627,507,0,0,0,0,0,fail,svg2tvgt,Error Context: 'M12 16c1.66 0 3-1.34 3-3 0-1.12-.61-2.1-1.5-2.61L3.79 4.77l5.53 9.58c.5.98 1.51 1.65 2.68 1.65m0-13̲c-1.81 0-3.5.5-4.97 1.32l2.1 1.21C10 5.1…' Unhandled exception: System.InvalidOperat
material-design,spider-thread.svg,606,315,607,519,0,0,0,0,0,fail,svg2tvgt,Error Context: 'M13 2v5.08A5.5 5.5 0 0 0 12 7a5.5 5.5 0 0 0-1 .08V2m5.9 13̲a5 5 0 0 1-.17.55L20 17.42V22h-2v-3.42l-…' Unhandled exception: System.InvalidOperationException: New MoveTo detected without
material-design,spirit-level.svg,204,116,216,163,0,0,0,0,0,fail,svg2tvgt,Error Context: 'M22 8H2v8h20zm-4 6v-4h2v4zm-7-2h2a2 2 0 0 0 2-2h2v4H7v-4h2a2 2 0 0 0 2 2m-7 2̲v-4h2v4z' Unhandled exception: System.InvalidOperationException: New MoveTo detected without ClosePath
material-design,spoon-sugar.svg,300,154,299,245,912,145,140,136,112,ok,,
material-design,sprinkler-fire.svg,344,261,346,261,1824,238,151,138,129,ok,,
material-design,sprinkler-variant.svg,333,272,338,266,1912,243,156,148,127,ok,,
material-design,square-rounded-outline.svg,298,156,308,246,0,0,0,0,0,fail,svg2tvgt,Error Context: 'M8 3h8c2.76 0 5 2.24 5 5v8c0 2.76-2.24 5-5 5H8c-2.76 0-5-2.24-5-5V8c0-2.76 2.24-5 5-5m0 2̲C6.34 5 5 6.34 5 8v8c0 1.66 1.34 3 3 3h8…' Unhandled exception: System.InvalidOperationExcepti
material-design,square-wave.svg,138,59,137,111,412,56,63,52,51,ok,,
material-design,stadium.svg,428,217,317,256,0,0,0,0,0,fail,svg2tvgt,Error Context: 'M7 5 3 7V3zm11-2v4l4-2zm-7-1v4l4-2zm-6 8c1.4.5 3.8 1 7 1s5.6-.5 7-1c0-.2-2.8-1-7-1s-7 .9-7 1m10 7̲H9v4.9c-4.1-.4-7-1.5-7-2.9v-9c0-1.7 4.5-…' Unhandled exception: System.InvalidOperatio
material-design,star-box-multiple-outline.svg,335,193,358,268,0,0,0,0,0,fail,svg2tvgt,Error Context: 'M4 6v14h14v2H3c-.6 0-1-.4-1-1V6zm8.1 4.6-1.9-1.8 2.6-.4L14 6l1.2 2.4 2.6.4-1.9 1.9.4 2.6L14 12l-2.4 1.2zM8 2h12a2 2 0 0 1 2 2v12c0 1.11-.89 2-2 2H8a2 2 0 0 1-2-2V4c0-1.1.9-2 2-2m0 2̲v1
material-design,star-check-outline.svg,372,171,378,277,1097,163,152,131,138,ok,,
material-design,star-circle.svg,284,127,283,243,699,122,115,122,83,ok,,
material-design,star-four-points-outline.svg,234,108,246,186,616,99,83,79,81,ok,,
material-design,star-off-outline.svg,355,168,359,279,1008,155,144,125,132,ok,,
material-design,star-plus.svg,237,120,234,190,767,113,110,104,87,ok,,
material-design,star-settings.svg,251,124,252,203,806,113,117,100,26,ok,,
material-design,star-three-points.svg,152,53,157,118,302,48,61,53,26,ok,,
material-design,step-forward.svg,126,44,126,101,0,0,0,0,0,fail,svg2tvgt,Error Context: 'M5 5v14h3V5m2 0̲v14l11-7' Unhandled exception: System.InvalidOperationException: New MoveTo detected without ClosePath    at SvgPathParser.ParseMoveTo() in /tmp/tinyvg-sdk/src/tools/sv
material-design,stop-circle.svg,188,84,187,163,0,0,0,0,0,fail,svg2tvgt,Error Context: 'M12 2A10 10 0 0 0 2 12a10 10 0 0 0 10 10 10 10 0 0 0 10-10A10 10 0 0 0 12 2M9 9̲h6v6H9' Unhandled exception: System.InvalidOperationException: New MoveTo detected without ClosePath
material-design,store-check-outline.svg,397,198,404,311,0,0,0,0,0,fail,svg2tvgt,Error Context: 'M19 13c.7 0 1.37.13 2 .35V12l-1-5H4l-1 5v2h1v6h9.09c-.05-.33-.09-.66-.09-1 0-1.23.37-2.36 1-3.31V14h1.69c.95-.63 2.08-1 3.31-1m-7 5̲H6v-4h6zm-6.96-6 .6-3h12.72l.6 3zM20 6H4…' Unhandled
material-design,store-minus-outline.svg,347,181,354,268,0,0,0,0,0,fail,svg2tvgt,Error Context: 'M20 6H4V4h16zm-4.31 8H14v1.69c-.63.95-1 2.08-1 3.31 0 .34.04.67.09 1H4v-6H3v-2l1-5h16l1 5v1.35c-.63-.22-1.3-.35-2-.35-1.23 0-2.36.37-3.31 1M12 14̲H6v4h6zm6.96-2-.6-3H5.64l-.6 3zM15 18v
material-design,store-outline.svg,216,124,217,166,845,113,98,96,80,ok,,
material-design,store-search-outline.svg,516,262,557,410,0,0,0,0,0,fail,svg2tvgt,Error Context: 'M18 4H2V2h16zm-4.96 6h-10l.6-3h12.72l.4 2c.74.04 1.45.19 2.13.46L18 5H2l-1 5v2h1v6h8.5c-.33-.8-.5-1.65-.5-2.5v.5H4v-4h6v3.5c0-1.66.64-3.33 1.9-4.6q.54-.525 1.14-.9m10.35 11̲L22 22.39l-
material-design,store-settings.svg,234,154,236,182,1074,139,113,98,71,ok,,
material-design,storefront.svg,1426,632,1468,1090,0,0,0,0,0,fail,svg2tvgt,Error Context: 'M5.06 3c-.43 0-.84.14-1.22.42s-.6.64-.7 1.08L2.11 8.91c-.25 1.09-.05 2.01.58 2.82.12.12.24.24.35.34.59.57 1.24.93 2.18.93s1.69-.41 2.25-.95c.63.62 1.39.95 2.33.95.84 0 1.64-.37 2.2-.93
material-design,string-lights.svg,980,458,1003,829,0,0,0,0,0,fail,svg2tvgt,Error Context: 'M22.56 11.39c-.2-.8-.74-1.54-1.51-1.95l-.42-1.7c.48-.16.94-.33 1.37-.51V5c-2 1.07-5.47 2.03-10 2.03S4 6.07 2 5v2.23c.43.18.89.35 1.37.51l-.42 1.7a3.07 3.07 0 0 0-1.51 1.95c-.535 2.18-1
material-design,subdirectory-arrow-left.svg,171,68,182,138,421,63,73,68,60,ok,,
material-design,subdirectory-arrow-right.svg,173,68,185,138,422,63,70,68,59,ok,,
material-design,subtitles.svg,245,151,242,202,0,0,0,0,0,fail,svg2tvgt,Error Context: 'M20 4H4a2 2 0 0 0-2 2v12a2 2 0 0 0 2 2h16a2 2 0 0 0 2-2V6a2 2 0 0 0-2-2M4 12̲h4v2H4zm10 6H4v-2h10zm6 0h-4v-2h4zm0-4H1…' Unhandled exception: System.InvalidOperationException: New MoveT
material-design,subway-alert-variant.svg,436,282,474,378,0,0,0,0,0,fail,svg2tvgt,Error Context: 'M16 11V6h-5v5zm-1.5 6c.8 0 1.5-.7 1.5-1.5s-.7-1.5-1.5-1.5-1.5.7-1.5 1.5.7 1.5 1.5 1.5M9 11̲V6H4v5zm-3.5 6c.8 0 1.5-.7 1.5-1.5S6.3 1…' Unhandled exception: System.InvalidOperationExcept
material-design,subway-variant.svg,434,232,436,403,0,0,0,0,0,fail,svg2tvgt,Error Context: 'M18 11h-5V6h5m-1.5 11̲a1.5 1.5 0 0 1-1.5-1.5 1.5 1.5 0 0 1 1.5…' Unhandled exception: System.InvalidOperationException: New MoveTo detected without ClosePath    at SvgPathParser.ParseM
material-design,sun-wireless.svg,618,320,727,508,0,0,0,0,0,fail,svg2tvgt,Error Context: 'M11 6c2.76 0 5 2.24 5 5s-2.24 5-5 5-5-2.24-5-5 2.24-5 5-5m0-5̲ 2.39 3.42C12.65 4.15 11.84 4 11 4s-1.65…' Unhandled exception: System.InvalidOperationException: New MoveTo detected with
material-design,sunglasses.svg,569,237,576,445,1214,236,225,215,215,ok,,
material-design,surround-sound-2-0.svg,320,201,326,252,1101,192,148,129,26,ok,,
material-design,surround-sound-2-1.svg,231,138,237,184,836,131,115,101,87,ok,,
material-design,swap-horizontal-circle.svg,240,135,250,204,0,0,0,0,0,fail,svg2tvgt,Error Context: 'M22 12c0-5.5-4.5-10-10-10S2 6.5 2 12s4.5 10 10 10 10-4.5 10-10m-7-5.5̲ 3.5 3.5-3.5 3.5V11h-4V9h4zm-6 11L5.5 14…' Unhandled exception: System.InvalidOperationException: New MoveTo detec
material-design,sync.svg,320,165,319,269,0,0,0,0,0,fail,svg2tvgt,Error Context: 'M12 18a6 6 0 0 1-6-6c0-1 .25-1.97.7-2.8L5.24 7.74A7.93 7.93 0 0 0 4 12a8 8 0 0 0 8 8v3l4-4-4-4m0-11̲V1L8 5l4 4V6a6 6 0 0 1 6 6c0 1-.25 1.97-…' Unhandled exception: System.InvalidOperat
material-design,table-arrow-down.svg,341,186,363,247,0,0,0,0,0,fail,svg2tvgt,Error Context: 'M4 3h14a2 2 0 0 1 2 2v7.08a6 6 0 0 0-4.32.92H12v4h1.08c-.11.68-.11 1.35 0 2H4a2 2 0 0 1-2-2V5c0-1.1.9-2 2-2m0 4̲v4h6V7zm8 0v4h6V7zm-8 6v4h6v-4zm11.94 5.…' Unhandled exception: System.I
material-design,table-check.svg,351,191,368,275,0,0,0,0,0,fail,svg2tvgt,Error Context: 'M4 3h14a2 2 0 0 1 2 2v7.08a6 6 0 0 0-4.32.92H12v4h1.08c-.11.68-.11 1.35 0 2H4a2 2 0 0 1-2-2V5c0-1.1.9-2 2-2m0 4̲v4h6V7zm8 0v4h6V7zm-8 6v4h6v-4zm13.75 8L…' Unhandled exception: System.I
material-design,table-column-remove.svg,334,199,341,286,0,0,0,0,0,fail,svg2tvgt,Error Context: 'M4 2h7a2 2 0 0 1 2 2v16a2 2 0 0 1-2 2H4a2 2 0 0 1-2-2V4a2 2 0 0 1 2-2m0 8̲v4h7v-4zm0 6v4h7v-4zM4 4v4h7V4zm13.59 8L…' Unhandled exception: System.InvalidOperationException: New MoveTo d
material-design,table-eye-off.svg,781,349,796,600,0,0,0,0,0,fail,svg2tvgt,Error Context: 'M12 8.8 6.2 3H18c1.1 0 2 .9 2 2v7.59c-.93-.38-1.94-.59-3-.59-.55 0-1.09.07-1.62.18L14.2 11H18V7h-6zm5.09 5.09 5.22 5.22c.27-.38.51-.79.69-1.23-.93-2.31-3.22-3.96-5.91-3.99m5.02 7.57̲-1
material-design,table-lock.svg,521,293,548,398,0,0,0,0,0,fail,svg2tvgt,Error Context: 'M21 16v-.5a2.5 2.5 0 0 0-5 0v.5c-.55 0-1 .45-1 1v4c0 .55.45 1 1 1h5c.55 0 1-.45 1-1v-4c0-.55-.45-1-1-1m-1 0̲h-3v-.5c0-.83.67-1.5 1.5-1.5s1.5.67 1.5 …' Unhandled exception: System.Inval
material-design,table-merge-cells.svg,247,170,252,194,1165,157,120,108,26,ok,,
material-design,table-of-contents.svg,198,120,203,155,846,107,87,79,58,ok,,
material-design,table-plus.svg,321,197,327,254,0,0,0,0,0,fail,svg2tvgt,Error Context: 'M18 14h2v3h3v2h-3v3h-2v-3h-3v-2h3zM4 3h14a2 2 0 0 1 2 2v7.08a6 6 0 0 0-4.32.92H12v4h1.08c-.11.68-.11 1.35 0 2H4a2 2 0 0 1-2-2V5a2 2 0 0 1 2-2m0 4̲v4h6V7zm8 0v4h6V7zm-8 6v4h6v-4z' Unhan
material-design,table-row-height.svg,266,180,270,217,0,0,0,0,0,fail,svg2tvgt,Error Context: 'M3 5h12a2 2 0 0 1 2 2v10a2 2 0 0 1-2 2H3a2 2 0 0 1-2-2V7a2 2 0 0 1 2-2m0 4̲v3h5V9zm7 0v3h5V9zm-7 5v3h5v-3zm7 0v3h5v…' Unhandled exception: System.InvalidOperationException: New MoveTo
material-design,tablet-android.svg,214,111,0,0,0,0,0,0,0,no_source,source,SVG not found in current source dataset
material-design,tag-arrow-left-outline.svg,675,393,685,553,0,0,0,0,0,fail,svg2tvgt,Error Context: 'M6.5 5C5.67 5 5 5.67 5 6.5S5.67 8 6.5 8 8 7.33 8 6.5 7.33 5 6.5 5m0 0̲C5.67 5 5 5.67 5 6.5S5.67 8 6.5 8 8 7.33…' Unhandled exception: System.InvalidOperationException: New MoveTo detec
material-design,tag-arrow-up-outline.svg,675,393,683,552,0,0,0,0,0,fail,svg2tvgt,Error Context: 'M6.5 5C5.67 5 5 5.67 5 6.5S5.67 8 6.5 8 8 7.33 8 6.5 7.33 5 6.5 5m0 0̲C5.67 5 5 5.67 5 6.5S5.67 8 6.5 8 8 7.33…' Unhandled exception: System.InvalidOperationException: New MoveTo detec
material-design,tag-heart-outline.svg,677,315,689,523,0,0,0,0,0,fail,svg2tvgt,Error Context: 'M4 2a2 2 0 0 0-2 2v7c0 .55.22 1.05.59 1.42l9 9c.36.36.86.58 1.41.58s1.05-.22 1.41-.59l7-7c.37-.36.59-.86.59-1.41s-.23-1.06-.59-1.42l-9-9C12.05 2.22 11.55 2 11 2zm7 2 9 9-7 7-9-9V4zM6.5
material-design,tailwind.svg,553,236,549,469,0,0,0,0,0,fail,svg2tvgt,Error Context: 'M12 6c-2.67 0-4.33 1.33-5 4 1-1.33 2.17-1.83 3.5-1.5.76.19 1.31.74 1.91 1.35.98 1 2.09 2.15 4.59 2.15 2.67 0 4.33-1.33 5-4-1 1.33-2.17 1.83-3.5 1.5-.76-.19-1.3-.74-1.91-1.35C15.61 7.15
material-design,television-guide.svg,267,180,271,217,1137,167,118,99,72,ok,,
material-design,text-account.svg,260,152,273,199,0,0,0,0,0,fail,svg2tvgt,Error Context: 'M21 5v2H3V5zM3 17h9v-2H3zm0-5h18v-2H3zm15 2a2 2 0 1 1 0 4c-1.11 0-2-.89-2-2s.9-2 2-2m-4 8̲v-1c0-1.1 1.79-2 4-2s4 .9 4 2v1z' Unhandled exception: System.InvalidOperationException: New M
material-design,text-box-minus-outline.svg,353,193,363,276,0,0,0,0,0,fail,svg2tvgt,Error Context: 'M22 17v2h-8v-2zM5 3h14c1.11 0 2 .89 2 2v7.8c-.61-.35-1.28-.6-2-.72V5H5v14h7.08c.12.72.37 1.39.72 2H5c-1.11 0-2-.89-2-2V5c0-1.11.89-2 2-2m2 4̲h10v2H7zm0 4h10v1.08c-.85.14-1.63.46-2.3…'
material-design,text-box-minus.svg,320,178,330,257,1054,169,140,143,105,ok,,
material-design,text-long.svg,161,86,158,126,599,77,75,66,55,ok,,
material-design,texture.svg,384,170,379,309,0,0,0,0,0,fail,svg2tvgt,Error Context: 'M9.29 21h2.83L21 12.12V9.29M19 21̲c.55 0 1.05-.22 1.41-.59.37-.36.59-.86.5…' Unhandled exception: System.InvalidOperationException: New MoveTo detected without ClosePath    at SvgPathP
material-design,thermometer-bluetooth.svg,462,249,479,375,0,0,0,0,0,fail,svg2tvgt,Error Context: 'M11 13V5c0-1.66-1.34-3-3-3S5 3.34 5 5v8c-2.21 1.66-2.66 4.79-1 7s4.79 2.66 7 1 2.66-4.79 1-7a4.7 4.7 0 0 0-1-1M8 4̲c.55 0 1 .45 1 1v3H7V5c0-.55.45-1 1-1m10…' Unhandled exception: Syste
material-design,ticket-confirmation.svg,309,188,326,256,1066,181,115,107,82,ok,,
material-design,ticket-percent-outline.svg,517,314,673,449,0,0,0,0,0,fail,svg2tvgt,Error Context: 'M14.8 8 16 9.2 9.2 16 8 14.8zM4 4h16c1.11 0 2 .89 2 2v4a2 2 0 1 0 0 4v4c0 1.11-.89 2-2 2H4a2 2 0 0 1-2-2v-4c1.11 0 2-.89 2-2a2 2 0 0 0-2-2V6a2 2 0 0 1 2-2m0 2̲v2.54a3.994 3.994 0 0 1 0
material-design,ticket.svg,342,187,353,301,0,0,0,0,0,fail,svg2tvgt,Error Context: 'M15.58 16.8 12 14.5l-3.58 2.3 1.08-4.12L6.21 10l4.25-.26L12 5.8l1.54 3.94 4.25.26-3.29 2.68M20 12̲a2 2 0 0 1 2-2V6a2 2 0 0 0-2-2H4a2 2 0 0…' Unhandled exception: System.InvalidOperatio
material-design,tie.svg,138,53,129,109,314,53,55,49,51,ok,,
material-design,tilde-off.svg,326,142,349,273,755,137,136,126,90,ok,,
material-design,timeline-help.svg,558,316,0,0,0,0,0,0,0,no_source,source,SVG not found in current source dataset
material-design,timeline-plus-outline.svg,331,220,392,274,0,0,0,0,0,fail,svg2tvgt,Error Context: 'M4 2v6H2V2zM2 22v-6h2v6zm3-10c0 1.11-.89 2-2 2a2 2 0 1 1 2-2m15-1̲v2h-3v3h-2v-3h-3v-2h3V8h2v3zm4-5v12c0 1.…' Unhandled exception: System.InvalidOperationException: New MoveTo detected
material-design,timeline-text.svg,308,196,361,254,0,0,0,0,0,fail,svg2tvgt,Error Context: 'M4 2v6H2V2zM2 22h2v-6H2zm3-10a2 2 0 1 0-2 2c1.11 0 2-.89 2-2m19-6̲v12c0 1.11-.89 2-2 2H10a2 2 0 0 1-2-2v-4…' Unhandled exception: System.InvalidOperationException: New MoveTo detected
material-design,timer-10.svg,2629,1075,2735,1703,0,0,0,0,0,fail,svg2tvgt,Error Context: 'M12.9 13.22q0 .9-.12 1.53c-.08.42-.2.75-.36 1.02-.16.26-.36.45-.59.57s-.51.16-.83.16c-.29 0-.57-.04-.81-.16q-.36-.18-.6-.57c-.16-.27-.29-.6-.38-1.02s-.13-.93-.13-1.53v-2.5c0-.6.04-1.11
material-design,timer-3.svg,2932,1186,3074,1879,0,0,0,0,0,fail,svg2tvgt,Error Context: 'M20.87 14.37c-.14-.28-.37-.53-.63-.74-.28-.21-.61-.39-1.01-.53s-.85-.27-1.35-.38c-.35-.07-.64-.15-.88-.22-.22-.09-.4-.17-.54-.26a.7.7 0 0 1-.28-.3.9.9 0 0 1-.08-.39c0-.15.03-.28.09-.41
material-design,timer-sand-empty.svg,208,109,232,153,678,98,86,76,76,ok,,
material-design,timer-sand.svg,239,133,257,173,838,122,97,89,87,ok,,
material-design,tooltip-minus.svg,217,115,228,175,0,0,0,0,0,fail,svg2tvgt,Error Context: 'M20 2H4c-1.1 0-2 .9-2 2v12a2 2 0 0 0 2 2h4l4 4 4-4h4c1.11 0 2-.89 2-2V4a2 2 0 0 0-2-2m-4 9̲H8V9h8z' Unhandled exception: System.InvalidOperationException: New MoveTo detected without C
material-design,torch.svg,729,371,729,528,0,0,0,0,0,fail,svg2tvgt,Error Context: 'M8.6 9.6c.4.6.9 1.1 1.6 1.4h4c.3-.1.5-.3.7-.5 1-1 1.4-2.5.9-3.8l-.1-.2c-.1-.3-.3-.5-.5-.7-.1-.2-.3-.3-.4-.5-.4-.3-.8-.6-1.2-1-.9-.9-1-2.3-.5-3.3-.5.1-1 .4-1.4.8C10.2 3 9.6 5.1 10.3 7v.
material-design,toslink.svg,385,243,380,296,0,0,0,0,0,fail,svg2tvgt,Error Context: 'M20 10V7l-3-3H7L4 7v3c-1.1 0-2 .9-2 2s.9 2 2 2v4c0 1.1.9 2 2 2h12c1.1 0 2-.9 2-2v-4c1.11 0 2-.89 2-2s-.89-2-2-2m-8 6̲c-2.21 0-4-1.79-4-4s1.79-4 4-4 4 1.79 4 …' Unhandled exception: Sys
material-design,tournament.svg,299,185,297,245,1052,182,141,130,124,ok,,
material-design,tower-beach.svg,339,168,338,270,1074,153,145,136,127,ok,,
material-design,track-light.svg,375,159,374,285,1037,144,157,136,111,ok,,
material-design,train-car.svg,673,404,679,552,0,0,0,0,0,fail,svg2tvgt,Error Context: 'M12 4H5a3 3 0 0 0-3 3v8a3 3 0 0 0 3 3l-1 1v1h1l2-2.03L9 18v-5H4V6h9v2h2V7a3 3 0 0 0-3-3M5 14̲a1 1 0 0 1 1 1 1 1 0 0 1-1 1 1 1 0 0 1-1…' Unhandled exception: System.InvalidOperationExce
material-design,transit-transfer.svg,483,252,487,392,0,0,0,0,0,fail,svg2tvgt,Error Context: 'M16.5 15.5H22V17h-5.5v1.75l-2.5-2.5 2.5-2.5zm3 4.25V18l2.5 2.5-2.5 2.5v-1.75H14v-1.5zM9.5 5.5a2 2 0 0 1-2-2 2 2 0 0 1 2-2 2 2 0 0 1 2 2 2 2 0 0 1-2 2M5.75 8.9̲ 4 9.65V13H2V8.3l5.25-2.1
material-design,transmission-tower-import.svg,526,253,539,410,1663,228,214,226,194,ok,,
material-design,tray-full.svg,195,110,192,163,0,0,0,0,0,fail,svg2tvgt,Error Context: 'M18 5H6v2h12M6 9̲h12v2H6m-4 1h2v5h16v-5h2v5a2 2 0 0 1-2 2…' Unhandled exception: System.InvalidOperationException: New MoveTo detected without ClosePath    at SvgPathParser.ParseMoveTo
material-design,tray-remove.svg,278,128,277,245,0,0,0,0,0,fail,svg2tvgt,Error Context: 'M2 17a2 2 0 0 0 2 2h16a2 2 0 0 0 2-2v-5h-2v5H4v-5H2m12.12-6.54̲ 1.42 1.42L13.41 9l2.13 2.12-1.42 1.42L1…' Unhandled exception: System.InvalidOperationException: New MoveTo detected wit
material-design,truck-check-outline.svg,552,331,639,443,0,0,0,0,0,fail,svg2tvgt,Error Context: 'M18 18.5c.83 0 1.5-.67 1.5-1.5s-.67-1.5-1.5-1.5-1.5.67-1.5 1.5.67 1.5 1.5 1.5m1.5-9̲H17V12h4.46zM6 18.5c.83 0 1.5-.67 1.5-1.…' Unhandled exception: System.InvalidOperationException: Ne
material-design,truck-delivery.svg,444,258,446,401,0,0,0,0,0,fail,svg2tvgt,Error Context: 'M3 4a2 2 0 0 0-2 2v11h2a3 3 0 0 0 3 3 3 3 0 0 0 3-3h6a3 3 0 0 0 3 3 3 3 0 0 0 3-3h2v-5l-3-4h-3V4m-7 2̲ 4 4-4 4v-3H4V9h6m7 .5h2.5l1.97 2.5H17M6…' Unhandled exception: System.InvalidOper
material-design,truck-fast.svg,492,280,491,439,0,0,0,0,0,fail,svg2tvgt,Error Context: 'M3 13.5 2.25 12H7.5l-.6-1.5H2L1.25 9h7.8l-.6-1.5H1.11L.25 6H4a2 2 0 0 1 2-2h12v4h3l3 4v5h-2a3 3 0 0 1-3 3 3 3 0 0 1-3-3h-4a3 3 0 0 1-3 3 3 3 0 0 1-3-3H4v-3.5zm16 5a1.5 1.5 0 0 0 1.5-1.
material-design,truck-minus-outline.svg,484,313,491,397,0,0,0,0,0,fail,svg2tvgt,Error Context: 'M20 8h-3V4H3c-1.1 0-2 .9-2 2v11h2c0 1.7 1.3 3 3 3s3-1.3 3-3h6c0 1.7 1.3 3 3 3s3-1.3 3-3h2v-5zM6 18.5c-.8 0-1.5-.7-1.5-1.5s.7-1.5 1.5-1.5 1.5.7 1.5 1.5-.7 1.5-1.5 1.5m9-3.5̲H8.2c-.5-.6-
material-design,truck-remove-outline.svg,626,361,634,529,0,0,0,0,0,fail,svg2tvgt,Error Context: 'M20 8h-3V4H3c-1.11 0-2 .89-2 2v11h2c0 1.66 1.34 3 3 3s3-1.34 3-3h6c0 1.66 1.34 3 3 3s3-1.34 3-3h2v-5zM6 18.5c-.83 0-1.5-.67-1.5-1.5s.67-1.5 1.5-1.5 1.5.67 1.5 1.5-.67 1.5-1.5 1.5m9-3.5
material-design,truck-remove.svg,563,315,563,472,0,0,0,0,0,fail,svg2tvgt,Error Context: 'M20 8h-3V4H3c-1.11 0-2 .89-2 2v11h2c0 1.66 1.34 3 3 3s3-1.34 3-3h6c0 1.66 1.34 3 3 3s3-1.34 3-3h2v-5zM6 18.5c-.83 0-1.5-.67-1.5-1.5s.67-1.5 1.5-1.5 1.5.67 1.5 1.5-.67 1.5-1.5 1.5m6.54-
material-design,turtle.svg,1012,429,1057,790,0,0,0,0,0,fail,svg2tvgt,Error Context: 'M8.47 5.95c.48-.28 1-.51 1.53-.67V4c0-1.1.87-2 1.97-2.03C13.13 2 14 2.9 14 4v1.28c.53.17 1.05.39 1.53.67l-1.6 2.12h-3.86zM19 12c0 .5-.05.95-.14 1.4l-2.53-.78-1.19-3.66 1.6-2.11q.645.6
material-design,twitter.svg,679,270,738,548,1344,265,267,252,27,ok,,
material-design,ufo.svg,251,101,242,219,484,100,103,103,92,ok,,
material-design,umbrella-beach.svg,386,156,388,339,0,0,0,0,0,fail,svg2tvgt,Error Context: 'm13.13 14.56 1.43-1.43L21 19.57 19.57 21zm4.29-5.73 2.86-2.86C16.33 2 9.93 2 6 5.95c3.91-1.3 8.29-.25 11.42 2.88M5.95 6̲C2 9.93 2 16.33 5.97 20.28l2.86-2.86C5.7…' Unhandled exception:
material-design,update.svg,428,173,428,364,1017,168,171,168,156,ok,,
material-design,upload-multiple.svg,162,82,165,128,550,75,74,64,26,ok,,
material-design,valve-open.svg,188,90,186,160,0,0,0,0,0,fail,svg2tvgt,Error Context: 'M4 22H2V2h2m18 0̲h-2v20h2M11 4v5.18a3 3 0 0 0 0 5.64V20h2…' Unhandled exception: System.InvalidOperationException: New MoveTo detected without ClosePath    at SvgPathParser.ParseMoveTo
material-design,vanish-quarter.svg,171,76,173,137,496,68,74,73,60,ok,,
material-design,variable-box.svg,469,278,469,387,0,0,0,0,0,fail,svg2tvgt,Error Context: 'M19 3H5c-1.1 0-2 .9-2 2v14c0 1.1.9 2 2 2h14c1.1 0 2-.9 2-2V5c0-1.1-.9-2-2-2M7.4 18̲C5.9 16.5 5 14.3 5 12s.9-4.5 2.4-6l1.6.7…' Unhandled exception: System.InvalidOperationException: New
material-design,vector-arrange-above.svg,311,178,359,249,947,171,129,116,114,ok,,
material-design,vector-circle-variant.svg,337,156,346,275,0,0,0,0,0,fail,svg2tvgt,Error Context: 'M22 9h-2.03c-1.27-3.59-4.66-6-8.47-6a9 9 0 0 0-9 9c0 5 4.03 9 9 9 3.81 0 7.2-2.4 8.5-6h2m-2-4̲v2h-2v-2m-.18 4c-1.16 2.44-3.62 4-6.32 4…' Unhandled exception: System.InvalidOperationExc
material-design,vector-combine.svg,347,214,473,280,1158,205,146,131,136,ok,,
material-design,vector-polyline-plus.svg,269,177,277,219,1245,166,138,135,117,ok,,
material-design,vector-polyline.svg,218,124,221,184,0,0,0,0,0,fail,svg2tvgt,Error Context: 'M2 3v6h2.95l2 6H6v6h6v-4.59L17.41 11H22V5h-6v4.57L10.59 15H9.06l-2-6H8V3M4 5̲h2v2H4m14 0h2v2h-2M8 17h2v2H8Z' Unhandled exception: System.InvalidOperationException: New MoveTo detected
material-design,vector-square-edit.svg,450,267,456,319,0,0,0,0,0,fail,svg2tvgt,Error Context: 'm22.7 14.4-1 1-2.1-2.1 1-1c.2-.2.6-.2.8 0l1.3 1.3c.2.2.2.5 0 .8M13 19.9̲l6.1-6.1 2.1 2.1-6.1 6.1H13zm-2 0v-.8l.6…' Unhandled exception: System.InvalidOperationException: New MoveTo det
material-design,vector-union.svg,276,154,276,223,819,149,118,107,107,ok,,
material-design,video-account.svg,324,192,333,267,977,187,127,121,105,ok,,
material-design,video-input-component.svg,485,315,494,412,1799,302,190,174,27,ok,,
material-design,video-wireless-outline.svg,382,198,396,329,0,0,0,0,0,fail,svg2tvgt,Error Context: 'M15 12v8H5v-8zm1-2H4a1 1 0 0 0-1 1v10a1 1 0 0 0 1 1h12a1 1 0 0 0 1-1v-3.5l4 4v-11l-4 4V11a1 1 0 0 0-1-1M3 3.86̲l1.4 1.38c3.1-3.05 8.1-3.05 11.2 0L17 3.…' Unhandled exception: System.In
material-design,view-agenda.svg,292,156,291,219,0,0,0,0,0,fail,svg2tvgt,Error Context: 'M21 3H3c-.6 0-1 .4-1 1v6c0 .6.4 1 1 1h18c.6 0 1-.4 1-1V4c0-.6-.4-1-1-1m0 10̲H3c-.6 0-1 .4-1 1v6c0 .6.4 1 1 1h18c.6 0…' Unhandled exception: System.InvalidOperationException: New MoveTo
material-design,view-array-outline.svg,162,86,168,129,600,77,76,69,59,ok,,
material-design,view-carousel.svg,141,63,142,114,0,0,0,0,0,fail,svg2tvgt,Error Context: 'M18 6v11h4V6M2 17̲h4V6H2m5 13h10V4H7z' Unhandled exception: System.InvalidOperationException: New MoveTo detected without ClosePath    at SvgPathParser.ParseMoveTo() in /tmp/tinyvg-sdk
material-design,view-compact.svg,149,69,149,117,479,62,66,62,48,ok,,
material-design,view-day-outline.svg,249,138,253,194,0,0,0,0,0,fail,svg2tvgt,Error Context: 'M21 18H2v2h19zm-2-8v4H4v-4zm1-2H3c-.55 0-1 .45-1 1v6c0 .55.45 1 1 1h17c.55 0 1-.45 1-1V9c0-.55-.45-1-1-1m1-4̲H2v2h19z' Unhandled exception: System.InvalidOperationException: New MoveTo
material-design,view-gallery-outline.svg,199,120,207,154,843,107,92,80,26,ok,,
material-design,view-quilt.svg,159,77,157,129,0,0,0,0,0,fail,svg2tvgt,Error Context: 'M10 5v6h11V5m-5 13̲h5v-6h-5M4 18h5V5H4m6 13h5v-6h-5z' Unhandled exception: System.InvalidOperationException: New MoveTo detected without ClosePath    at SvgPathParser.ParseMoveTo() in
material-design,view-split-vertical.svg,178,103,185,138,722,92,83,74,64,ok,,
material-design,virus-off.svg,1332,567,1499,1047,0,0,0,0,0,fail,svg2tvgt,Error Context: 'M7.42 4.22 5.28 2.08c.69-.2 1.47.04 1.91.67.31.44.37.98.23 1.47m13.83 7.03̲c-.59 0-1.12.3-1.43.75H19c0-1.57-.5-3-1.…' Unhandled exception: System.InvalidOperationException: New MoveTo
material-design,volume-mute.svg,238,110,237,203,645,103,101,100,84,ok,,
material-design,volume-off.svg,491,217,491,403,0,0,0,0,0,fail,svg2tvgt,Error Context: 'M12 4 9.91 6.09 12 8.18M4.27 3̲ 3 4.27 7.73 9H3v6h4l5 5v-6.73l4.25 4.26…' Unhandled exception: System.InvalidOperationException: New MoveTo detected without ClosePath    at SvgPathPars
material-design,volume-vibrate.svg,251,120,253,205,702,113,100,95,26,ok,,
material-design,vote-outline.svg,434,217,459,351,0,0,0,0,0,fail,svg2tvgt,Error Context: 'm18 13 3 3v4a2 2 0 0 1-2 2H5a2 2 0 0 1-2-2v-4l3-3h.83l2 2H6.78L5 17h14l-1.77-2h-1.91l2-2zm1 7v-1H5v1zm-7.66-5-4.95-4.93a.996.996 0 0 1 0-1.41l6.37-6.37a.975.975 0 0 1 1.4.01l4.95 4.95c
material-design,vote.svg,420,200,421,345,1159,191,170,167,144,ok,,
material-design,vpn.svg,738,390,742,618,1810,377,273,257,234,ok,,
material-design,walk.svg,361,176,376,300,0,0,0,0,0,fail,svg2tvgt,Error Context: 'M14.12 10H19V8.2h-3.62l-2-3.33c-.3-.5-.84-.84-1.46-.84-.18 0-.34.03-.5.08L6 5.8V11h1.8V7.33l2.11-.66L6 22h1.8l2.87-8.11L13 17v5h1.8v-6.41l-2.49-4.54.73-2.87M14 3.8̲c1 0 1.8-.8 1.8-1.8S
material-design,wall-sconce-flat-outline.svg,259,119,271,198,780,104,109,109,85,ok,,
material-design,wall-sconce-outline.svg,189,95,196,151,631,86,87,86,69,ok,,
material-design,wall-sconce-round-outline.svg,444,203,460,370,0,0,0,0,0,fail,svg2tvgt,Error Context: 'M13 19v-3h-2v3zm6.09-2.5 1.41-1.41-1.77-1.77-1.41 1.41zm-14.18 0 1.77-1.77-1.41-1.41-1.77 1.77zM12 6c1.04 0 2.08.28 3 .81 1.26.69 2.19 1.86 2.66 3.19H6.34C6.81 8.67 7.74 7.5 9 6.81A6.0
material-design,wall-sconce-round-variant-outline.svg,433,203,466,358,1088,190,178,159,156,ok,,
material-design,wall-sconce-round.svg,292,132,297,228,758,119,123,115,97,ok,,
material-design,wallet-outline.svg,386,236,411,343,1289,229,139,131,108,ok,,
material-design,wardrobe.svg,263,156,259,211,0,0,0,0,0,fail,svg2tvgt,Error Context: 'M4 4v15c0 1.1.9 2 2 2v1h2v-1h3.5V2H6c-1.1 0-2 .9-2 2m4 6̲h2v3H8zm10-8h-5.5v19H16v1h2v-1c1.1 0 2-.…' Unhandled exception: System.InvalidOperationException: New MoveTo detected without C
material-design,washing-machine-off.svg,610,305,629,482,0,0,0,0,0,fail,svg2tvgt,Error Context: 'M22.11 21.46 2.39 1.73 1.11 3 4 5.89V20c0 1.11.89 2 2 2h12c.58 0 1.1-.25 1.46-.65l1.38 1.38zM12 20c-3.31 0-6-2.69-6-6 0-1.68.7-3.2 1.82-4.29l4.24 4.24-2.89 2.88a4.01 4.01 0 0 0 5.66 0c
material-design,watch-variant.svg,232,132,243,195,753,127,94,91,26,ok,,
material-design,watch-vibrate.svg,463,222,472,385,0,0,0,0,0,fail,svg2tvgt,Error Context: 'M3 17V7h2v10zm16 0V7h2v10zm3-8h2v6h-2zM0 15V9h2v6zm17.96-3.03c0 1.9-.89 3.6-2.28 4.7l-.71 4.28H9l-.73-4.28A5.98 5.98 0 0 1 6 11.97c0-1.9.88-3.6 2.27-4.69L9 3h5.97l.71 4.28a5.95 5.95 0
material-design,watch.svg,314,151,314,273,0,0,0,0,0,fail,svg2tvgt,Error Context: 'M6 12a6 6 0 0 1 6-6 6 6 0 0 1 6 6 6 6 0 0 1-6 6 6 6 0 0 1-6-6m14 0̲a7.94 7.94 0 0 0-3.05-6.27L16 0H8l-.95 5…' Unhandled exception: System.InvalidOperationException: New MoveTo detected
material-design,water-check-outline.svg,378,165,406,309,820,160,157,142,134,ok,,
material-design,water-circle.svg,253,132,253,215,0,0,0,0,0,fail,svg2tvgt,Error Context: 'M12 2C6.5 2 2 6.5 2 12s4.5 10 10 10 10-4.5 10-10S17.5 2 12 2m0 17̲c-2.76 0-5-2.24-5-5 0-3.33 5-8.96 5-8.96…' Unhandled exception: System.InvalidOperationException: New MoveTo detected
material-design,water-off.svg,325,135,323,270,694,130,134,131,102,ok,,
material-design,water-percent-alert.svg,388,192,470,309,0,0,0,0,0,fail,svg2tvgt,Error Context: 'M20 7v6h-2V7zm-2 10h2v-2h-2zM10 3.25S4 10 4 14c0 3.32 2.69 6 6 6s6-2.69 6-6c0-4-6-10.75-6-10.75M7.75 10̲a1.25 1.25 0 1 1 0 2.5 1.25 1.25 0 0 1 0…' Unhandled exception: System.InvalidOp
material-design,water-pump.svg,392,255,403,337,0,0,0,0,0,fail,svg2tvgt,Error Context: 'M19 14.5s2 2.17 2 3.5a2 2 0 0 1-2 2 2 2 0 0 1-2-2c0-1.33 2-3.5 2-3.5M5 18̲V9a2 2 0 0 1-2-2 2 2 0 0 1 2-2V4a2 2 0 0…' Unhandled exception: System.InvalidOperationException: New MoveTo d
material-design,water-remove-outline.svg,451,195,480,372,0,0,0,0,0,fail,svg2tvgt,Error Context: 'M12 18c0 .7.12 1.36.34 2H12c-3.31 0-6-2.69-6-6 0-4 6-10.75 6-10.75S16.31 8.1 17.62 12c-.69.06-1.34.22-1.95.47C15 10.68 13.5 8.33 12 6.39 10 8.96 8 12.23 8 14c0 2.21 1.79 4 4 4m9.54-2.1
material-design,watering-can.svg,466,216,480,379,1052,209,191,205,173,ok,,
material-design,weather-hail.svg,677,407,677,616,0,0,0,0,0,fail,svg2tvgt,Error Context: 'M6 14a1 1 0 0 1 1 1 1 1 0 0 1-1 1 5 5 0 0 1-5-5 5 5 0 0 1 5-5c1-2.35 3.3-4 6-4 3.43 0 6.24 2.66 6.5 6.03L19 8a4 4 0 0 1 4 4 4 4 0 0 1-4 4h-1a1 1 0 0 1-1-1 1 1 0 0 1 1-1h1a2 2 0 0 0 2-2
material-design,weather-hurricane.svg,367,178,454,326,0,0,0,0,0,fail,svg2tvgt,Error Context: 'M15 6.79c1.86 1.07 3 3.06 3 5.21C18 22 6 22 6 22c1.25-.94 2.38-2.05 3.34-3.29a.99.99 0 0 0-.34-1.5C7.14 16.14 6 14.15 6 12 6 2 18 2 18 2c-1.25.94-2.38 2.05-3.34 3.29a.99.99 0 0 0 .34 1
material-design,weather-sunset-up.svg,612,319,736,503,0,0,0,0,0,fail,svg2tvgt,Error Context: 'M3 12h4a5 5 0 0 1 5-5 5 5 0 0 1 5 5h4a1 1 0 0 1 1 1 1 1 0 0 1-1 1H3a1 1 0 0 1-1-1 1 1 0 0 1 1-1m12 0̲a3 3 0 0 0-3-3 3 3 0 0 0-3 3zM12 2l2.39 …' Unhandled exception: System.InvalidOpera
material-design,web-plus.svg,1073,522,1098,873,0,0,0,0,0,fail,svg2tvgt,Error Context: 'M16.5 12c0-.68-.06-1.34-.14-2h3.38c.16.64.26 1.31.26 2 0 .37-.03.73-.08 1.08.69.1 1.33.32 1.92.64.1-.56.16-1.13.16-1.72 0-5.5-4.5-10-10-10C6.47 2 2 6.5 2 12s4.5 10 10 10c.59 0 1.16-.06
material-design,webhook.svg,1454,574,1487,1142,0,0,0,0,0,fail,svg2tvgt,Error Context: 'M10.46 19C9 21.07 6.15 21.59 4.09 20.15c-2.05-1.44-2.53-4.31-1.09-6.4a4.59 4.59 0 0 1 3.58-1.98l.05 1.43c-.91.07-1.79.54-2.36 1.36-1 1.44-.69 3.38.68 4.35 1.38.96 3.31.59 4.31-.84.31-.
material-design,weight-lifter.svg,340,212,359,289,0,0,0,0,0,fail,svg2tvgt,Error Context: 'M12 5c-1.11 0-2 .89-2 2s.89 2 2 2 2-.89 2-2-.89-2-2-2m10-4̲v5h-2V4H4v2H2V1h2v2h16V1zm-7 10.26V23h-2…' Unhandled exception: System.InvalidOperationException: New MoveTo detected without
material-design,white-balance-incandescent.svg,366,169,407,298,0,0,0,0,0,fail,svg2tvgt,Error Context: 'm17.24 18.15 1.8 1.8 1.41-1.42-1.79-1.79M20 12.5̲h3v-2h-3m-5-4.19V1.5H9v4.81C7.21 7.35 6 …' Unhandled exception: System.InvalidOperationException: New MoveTo detected without ClosePath
material-design,wifi-lock-open.svg,658,323,716,557,0,0,0,0,0,fail,svg2tvgt,Error Context: 'M12 6C8.62 6 5.5 7.12 3 9L1.2 6.6C4.21 4.34 7.95 3 12 3s7.79 1.34 10.8 3.6L21 9c-2.5-1.88-5.62-3-9-3m4.31 3.81̲A11.96 11.96 0 0 0 4.8 11.4l1.8 2.4a8.94…' Unhandled exception: System.In
material-design,wifi-remove.svg,634,297,633,538,0,0,0,0,0,fail,svg2tvgt,Error Context: 'M12 12c-2.03 0-3.9.67-5.4 1.8l-1.8-2.4C6.81 9.89 9.3 9 12 9s5.19.89 7.2 2.4l-1.28 1.7c-.37.07-.74.17-1.08.31C15.44 12.5 13.78 12 12 12m9-3̲ 1.8-2.4C19.79 4.34 16.05 3 12 3S4.21 4.…' Un
material-design,wifi-settings.svg,438,244,439,374,0,0,0,0,0,fail,svg2tvgt,Error Context: 'm12 20-3.6-4.8c1-.75 2.25-1.2 3.6-1.2s2.6.45 3.6 1.2zm-7.2-9.6 1.8 2.4C8.1 11.67 9.97 11 12 11s3.9.67 5.4 1.8l1.8-2.4C17.19 8.89 14.7 8 12 8s-5.19.89-7.2 2.4M12 2̲C7.95 2 4.21 3.34 1.2
material-design,wifi-strength-1.svg,346,141,353,303,0,0,0,0,0,fail,svg2tvgt,Error Context: 'M12 3C7.79 3 3.7 4.41.38 7 4.41 12.06 7.89 16.37 12 21.5c4.08-5.08 8.24-10.26 11.65-14.5C20.32 4.41 16.22 3 12 3m0 2̲c3.07 0 6.09.86 8.71 2.45l-5.1 6.36A8.4 …' Unhandled exception: Sys
material-design,wifi-strength-2.svg,348,142,353,314,0,0,0,0,0,fail,svg2tvgt,Error Context: 'M12 3C7.79 3 3.7 4.41.38 7 4.41 12.06 7.89 16.37 12 21.5c4.08-5.08 8.24-10.26 11.65-14.5C20.32 4.41 16.22 3 12 3m0 2̲c3.07 0 6.09.86 8.71 2.45l-3.21 3.98C16.…' Unhandled exception: Sys
material-design,wifi-strength-3-lock-open.svg,650,314,670,560,0,0,0,0,0,fail,svg2tvgt,Error Context: 'M14.2 13.5v1.24c-.7.6-1.2 1.5-1.2 2.46v3.04l-1 1.26C7.88 16.37 4.39 12.06.365 7 3.69 4.41 7.78 3 12 3c4.2 0 8.31 1.41 11.64 4L21.5 9.69a5.2 5.2 0 0 0-2.08-.65l1.28-1.59C18.08 5.86 15.0
material-design,wifi-strength-4-lock.svg,546,255,555,460,0,0,0,0,0,fail,svg2tvgt,Error Context: 'M14.2 14.5v.24c-.7.6-1.2 1.5-1.2 2.46v3.04l-1 1.26C7.88 16.37 4.39 12.06.365 7 3.69 4.41 7.78 3 12 3c4.2 0 8.31 1.41 11.64 4l-2.73 3.39c-.59-.25-1.23-.39-1.91-.39-2.6 0-4.8 2.06-4.8 4.
material-design,wifi-strength-lock-outline.svg,603,284,641,509,0,0,0,0,0,fail,svg2tvgt,Error Context: 'M23.65 7h-.01l-2.73 3.39c-.59-.25-1.23-.39-1.91-.39-.13 0-.25.03-.37.04l2.08-2.59A16.8 16.8 0 0 0 12 5c-3.09 0-6.1.85-8.73 2.44L12 18.3l1-1.3v3.25l-1 1.25C8.13 16.66 4.24 11.83.355 7h.
material-design,wifi-strength-off-outline.svg,478,205,493,436,0,0,0,0,0,fail,svg2tvgt,Error Context: 'M3.27 1.44 2 2.72l2.05 2.05C2.75 5.37 1.5 6.11.38 7 4.2 11.8 8.14 16.67 12 21.5l3.91-4.87 3.32 3.32 1.27-1.27C14.87 13.04 3.27 1.44 3.27 1.44M12 3̲c-1.4 0-2.79.17-4.14.5l1.7 1.69C10.37
material-design,wifi-strength-outline.svg,298,122,310,265,0,0,0,0,0,fail,svg2tvgt,Error Context: 'M12 3C7.79 3 3.7 4.41.38 7H.36C4.24 11.83 8.13 16.66 12 21.5c3.89-4.84 7.77-9.67 11.64-14.5h.01C20.32 4.41 16.22 3 12 3m0 2̲c3.07 0 6.09.86 8.71 2.45L12 18.3 3.27 7…' Unhandled excepti
material-design,wifi-sync.svg,784,364,834,653,0,0,0,0,0,fail,svg2tvgt,Error Context: 'M12 6C8.62 6 5.5 7.12 3 9L1.2 6.6C4.21 4.34 7.95 3 12 3s7.79 1.34 10.8 3.6L21 9c-2.5-1.88-5.62-3-9-3m0 9̲c-1.35 0-2.6.45-3.6 1.2L12 21l1.26-1.68A…' Unhandled exception: System.InvalidO
material-design,wind-turbine.svg,554,251,583,473,0,0,0,0,0,fail,svg2tvgt,Error Context: 'm13.33 11.67 2.88 2.91c1.41-1.42 0-2.83 0-2.83l-1.49-1.51c.18-.38.28-.8.28-1.24 0-1.05-.54-1.97-1.36-2.5L15 2.11c-1.91-.58-2.5 1.33-2.5 1.33l-.81 2.59c-1.23.13-2.23.97-2.56 2.15L4.67 9
material-design,window-open.svg,232,146,231,194,893,139,99,86,69,ok,,
material-design,window-shutter-open.svg,149,76,156,121,531,71,74,70,26,ok,,
material-design,wiper-wash-alert.svg,733,433,777,604,0,0,0,0,0,fail,svg2tvgt,Error Context: 'M11 6c0-.3.1-1.4.8-2.2L10 2.4 8.2 3.9c.7.7.8 1.8.8 2.1-6.3.4-9 5-9 5l7 7s.7-1.3 2-1.8v2.1c-.6.3-1 1-1 1.7a2 2 0 1 0 4 0c0-.7-.4-1.4-1-1.7v-2.1c1.3.5 2 1.8 2 1.8l7-7s-2.7-4.5-9-5m-2 8.1
material-design,xamarin.svg,596,278,591,458,0,0,0,0,0,fail,svg2tvgt,Error Context: 'M22.75 11.07c.16.28.25.6.25.93s-.09.65-.25.93L18.08 21c-.36.62-1.02 1-1.73 1h-8.7c-.71 0-1.37-.38-1.73-1l-4.67-8.07c-.16-.28-.25-.6-.25-.93s.09-.65.25-.93L5.92 3c.36-.62 1.02-1 1.73-1h
material-design,xmpp.svg,339,143,376,293,673,142,140,138,126,ok,,
material-design,yoga.svg,273,133,294,225,0,0,0,0,0,fail,svg2tvgt,Error Context: 'M13 2a2 2 0 1 0 0 4c1.11 0 2-.89 2-2a2 2 0 0 0-2-2M4 7̲v2h6v6l-5.07 5.07 1.41 1.43 6.72-6.73L17…' Unhandled exception: System.InvalidOperationException: New MoveTo detected without Clo
material-design,zend.svg,347,162,400,268,974,153,145,143,98,ok,,
material-design,zip-box-outline.svg,304,201,307,242,0,0,0,0,0,fail,svg2tvgt,Error Context: 'M12 17v-2h2v2zm2-4v-2h-2v2zm0-4V7h-2v2zm-4 2h2V9h-2zm0 4h2v-2h-2zM21 5v14c0 1.1-.9 2-2 2H5c-1.1 0-2-.9-2-2V5c0-1.1.9-2 2-2h14c1.1 0 2 .9 2 2m-2 0̲h-7v2h-2V5H5v14h14z' Unhandled excepti
material-design,zodiac-libra.svg,364,165,367,306,906,160,156,136,126,ok,,
material-design,zodiac-scorpio.svg,401,220,405,344,1154,215,159,149,127,ok,,
material-design,zodiac-taurus.svg,367,182,373,322,0,0,0,0,0,fail,svg2tvgt,Error Context: 'M15.59 9A7 7 0 0 0 19 3h-2a5 5 0 0 1-5 5 5 5 0 0 1-5-5H5c0 2.46 1.3 4.74 3.41 6C5.09 11 4 15.28 6 18.6c1.97 3.32 6.27 4.4 9.59 2.4 3.32-1.96 4.41-6.26 2.41-9.58A6.9 6.9 0 0 0 15.59 9M1
papirus,0cc-famitracker.svg,2113,1213,2944,1877,0,0,0,0,0,fail,svg2tvgt,Error Context: 'M16 16c-2.216 0-4 1.784-4 4v9c0 2.216 1.784 4 4 4h4c2.216 0 4-1.784 4-4v-9c0-2.216-1.784-4-4-4zm14 0c-2.216 0-4 1.784-4 4v9c0 2.216 1.784 4 4 4h4c1.888 0 3.452-1.3 3.877-3.053l-2.998-1
papirus,2gis.svg,2590,1157,3986,2561,0,0,0,0,0,fail,svg2tvgt,Error Context: 'M32 11c-5.333 0-8.925 2.729-11.059 5.662a17.3 17.3 0 0 0-2.257 4.281C18.218 22.24 18 23.25 18 24c0 4.167 1.014 10.164 1.014 10.164A1 1 0 0 0 20 35h4c1.291 0 2.067.365 2.678.936.61.57 1
papirus,6180-the-moon.svg,1166,789,1278,993,4441,781,451,372,361,ok,,
papirus,8bitmmo.svg,908,631,881,809,4048,584,319,268,250,ok,,
papirus,ADLplug.svg,2461,1047,3321,1941,0,0,0,0,0,fail,svg2tvgt,Error Context: 'M44.97 22.97A2 2 0 0 0 43 25v16a2 2 0 0 0 2 2h8c2.705.038 2.705-4.038 0-4h-6V25a2 2 0 0 0-2.03-2.03m-15.714.003̲a5 5 0 0 0-.424.02A2 2 0 0 0 27 24.985v1…' Unhandled exception: System.I
papirus,AdobeDimension.svg,798,540,1121,836,3032,535,332,299,186,ok,,
papirus,AdobeFresco.svg,766,420,1033,753,2807,420,294,278,146,ok,,
papirus,AdobeLightroomClassic.svg,810,386,979,693,2497,380,267,255,130,ok,,Node has unsupported transform: translate(0 -.002)
papirus,AdobePrelude.svg,1216,562,1816,1144,3534,563,407,401,282,ok,,
papirus,Encryptr.svg,672,386,1353,697,2392,356,242,239,106,ok,,
papirus,FreeTexturePacker.svg,2560,956,2978,2306,6173,950,589,533,321,ok,,
papirus,Impactor.svg,2136,1046,3394,2139,6561,1086,775,703,757,ok,,
papirus,Nextcloud_ok.svg,189,76,249,216,496,76,89,81,26,ok,,
papirus,Nextcloud_sync_shared.svg,1144,508,1558,957,0,0,0,0,0,fail,svg2tvgt,Error Context: 'M12.476 10a2.42 2.42 0 0 1 1.476.49c.293.337-.266.699-.517.37-.757-.458-1.824-.297-2.393.387-.303.34-.474.793-.472 1.249h.5l-.8 1.2-.8-1.2h.5c-.016-1.087.766-2.12 1.815-2.402.225-.062.
papirus,QMPlay2.svg,945,354,1485,917,2262,342,240,235,212,ok,,
papirus,QOwnNotes.svg,1416,756,3137,1806,0,0,0,0,0,fail,svg2tvgt,Error Context: 'M32 16a10 10 0 0 0-.875.043l-.195.023A10 10 0 0 0 22 26l.004.074A7 7 0 0 0 16 33l.004.172-.004.16A6.667 6.667 0 0 0 22.668 40H40a8 8 0 0 0 8-8 8 8 0 0 0-6.16-7.766 10 10 0 0 0-8.481-8.
papirus,Ripcord_Icon.svg,2250,851,3263,2075,0,0,0,0,0,fail,svg2tvgt,Error Context: 'M31.954 19a2.99 2.082 0 0 0-2.068.61L4.875 37.026a2.99 2.082 0 0 0 0 2.944l25.011 17.42a2.99 2.082 0 0 0 4.225 0l25.014-17.42a2.99 2.082 0 0 0 0-2.944L34.111 19.61a2.99 2.082 0 0 0-2.1
papirus,Sci48M.svg,3930,1474,6119,3347,0,0,0,0,0,fail,svg2tvgt,Error Context: 'M35.902 5.275C28.096 10.285 23.01 19.005 23 28.801c.857 15.092 11.682 19.971 15.48 30.443a28 28 0 0 0 4.81-1.603c-4.448-10.688-14.494-18.498-14.692-30.243.007-8.516 3.887-16.352 10.213
papirus,VCVRack.svg,844,295,1063,875,1585,294,168,158,92,ok,,
papirus,WickrMe.svg,736,300,962,761,1865,300,181,177,65,ok,,
papirus,YACReader.svg,1692,548,2355,1520,0,0,0,0,0,fail,svg2tvgt,Error Context: 'M37.762 5.004c-2.853-.033-5.712.202-8.405.555-13.223 2.444-22.111 8.59-24.435 16.9-.667 2.382-.956 4.922-.91 7.406.04-2.161.333-4.343.91-6.406 2.324-8.31 11.212-14.456 24.435-16.9 8.61
papirus,Zoom.svg,1672,710,2381,1476,3939,704,465,425,333,ok,,
papirus,abbaye.svg,717,529,743,677,3091,514,271,242,198,ok,,
papirus,accessories-notes.svg,1424,799,2469,1414,0,0,0,0,0,fail,svg2tvgt,Error Context: 'M31.734 5c-1.33.015-2.781.442-4.353 1.777L18 13.973V22h28v-8.027l-9.38-7.196C34.941 5.353 33.402 4.964 32 5.004A7 7 0 0 0 31.734 5M32 11̲a3 3 0 0 1 3 3 3 3 0 0 1-3 3 3 3 0 0 1-3…' Unha
papirus,acreloaded.svg,2269,962,3463,2151,0,0,0,0,0,fail,svg2tvgt,Error Context: 'M56.089 13.888a5.823 5.77 0 0 1 .272.167 5.823 5.77 0 0 0-.272-.167m.35.223̲a5.823 5.77 0 0 1 .385.28 5.823 5.77 0 0…' Unhandled exception: System.InvalidOperationException: New MoveTo
papirus,air.svg,1019,653,1202,907,0,0,0,0,0,fail,svg2tvgt,Error Context: 'M37.22 14.842C33.298 14.937 31 18 31 18s-2 7-5 10-9 5-9 5-3 1-3 5c0 6 4 7 7 7s5-1 9 0c5.901 1.475 11 6 11 6s7 2 9-4c1-3-3-8-3-8s-4-3.901-4-9c0-3 2-5 2-9 0-2-1-5-6-6a8 8 0 0 0-1.78-.158
papirus,aircrack-ng.svg,2918,1033,3795,2225,0,0,0,0,0,fail,svg2tvgt,Error Context: 'M48.977 3.979a2 2 0 0 0-1.127.363l-37 26a1.99 1.99 0 0 0-.78 2.142c.111-.439.363-.85.78-1.142l37-26a2 2 0 0 1 2.26-.028l9 6c.437.292.708.714.824 1.168a1.99 1.99 0 0 0-.825-2.168l-9-6a2
papirus,airvpn.svg,2152,785,3160,1904,4528,778,484,445,458,ok,,
papirus,akira.svg,2148,787,2639,1695,4241,663,416,396,345,ok,,
papirus,aks.svg,14043,4541,0,0,0,0,0,0,0,no_source,source,SVG not found in current source dataset
papirus,albert.svg,2824,1014,4096,2469,0,0,0,0,0,fail,svg2tvgt,Error Context: 'M26.95 20c-7.569-.067-12.041 6.942-15.1 13.707-.382.844-2.04 4.379-1.829 7.166.161-2.575 1.492-5.42 1.829-6.166 3.263-7.216 8.136-14.708 16.656-13.596 5.243.686 7.265 6.202 9.668 10.92
papirus,alexandra.svg,3379,1605,3967,2656,0,0,0,0,0,fail,svg2tvgt,Error Context: 'M17 11c-3.854 0-7 3.146-7 7s3.146 7 7 7 7-3.146 7-7-3.146-7-7-7m24 0̲c-3.854 0-7 3.146-7 7s3.146 7 7 7 7-3.14…' Unhandled exception: System.InvalidOperationException: New MoveTo detect
papirus,alien-swarm-reactive-drop.svg,1684,750,1596,1105,4179,762,438,397,291,ok,,
papirus,alienfx.svg,1657,583,2385,1472,3308,576,382,345,369,ok,,
papirus,android-sdk.svg,1765,847,3087,1584,0,0,0,0,0,fail,svg2tvgt,"Found invalid rounded rectangles: width=""55.999"" height=""55.999"" rx=""28"" ry=""28"" Found invalid rounded rectangles: width=""55.999"" height=""55.999"" rx=""28"" ry=""28"" Error Context: 'M19.316 22.919a1.333 1"
papirus,ao-app.svg,1424,524,4164,2205,5783,929,492,478,171,ok,,
papirus,apple-music.svg,1071,570,1156,908,2859,568,288,267,250,ok,,
papirus,application-bitwig-template.svg,1075,602,1614,1402,3131,602,265,231,91,ok,,Node has unsupported transform: translate(0 3)
papirus,application-dart.svg,1388,512,2019,1227,0,0,0,0,0,fail,svg2tvgt,Error Context: 'M34.582 4c-1.267 0-2.51.257-3.316.738L14 14h1.863l15.403-8.262C32.072 5.257 33.315 5 34.582 5c1.473 0 3.216 1.004 4.05 1.844l7.311 7.31c.766.162 1.501.497 2.268 1.268l-9.578-9.578C37.7
papirus,application-epub+zip.svg,1118,490,1752,1166,3113,490,299,283,147,ok,,
papirus,application-pgp-keys.svg,690,373,1222,764,2242,361,237,224,38,ok,,
papirus,application-pkix-cert.svg,2437,1283,3438,1608,0,0,0,0,0,fail,svg2tvgt,Error Context: 'M32 27.998a4 4 0 0 0-3.596 2.26 4 4 0 0 0-1.404-.26 4 4 0 0 0-3.744 5.405A4 4 0 0 0 21 38.998a4 4 0 0 0 2.26 3.596 4 4 0 0 0-.26 1.404 4 4 0 0 0 4 4 4 4 0 0 0 1-.133v7.133c0 .89 1.077
papirus,application-vnd.flatpak.svg,2933,1136,3419,2035,5013,810,388,369,223,ok,,
papirus,application-vnd.mysql-workbench-model.svg,4660,1582,6871,3760,0,0,0,0,0,fail,svg2tvgt,Error Context: 'M19.566 27c-1.194-.026-1.755.817-1.51 2.268.08.467.482 1.136 1.348 2.242.964 1.23 1.35 1.901 1.77 3.065.662 1.834.968 2.448 1.506 3.021.417.445.417.447.136 1.355-.435 1.41-.523 4.233-.
papirus,application-vnd.oasis.opendocument.formula.svg,1041,488,1536,1042,3164,470,318,289,42,ok,,
papirus,application-vnd.stardivision.mail.svg,1175,528,1702,1194,3198,518,333,317,186,ok,,
papirus,application-vnd.wolfram.nb.svg,2439,919,3348,2032,0,0,0,0,0,fail,svg2tvgt,Error Context: 'M22.727 28s1.724 5.557.671 9.12S17 44.692 17 44.692s6.99.38 9.643 2.077c2.653 1.695 5.351 8.23 5.351 8.23s3.583-7.2 5.082-8.23c1.5-1.031 9.924-2.086 9.924-2.086s-6.16-5.797-6.684-7.414
papirus,application-x-aoi.svg,1619,760,2332,1489,4390,750,439,406,377,ok,,
papirus,application-x-asp.svg,1239,709,1876,1410,4089,666,400,366,32,ok,,
papirus,application-x-atari-lynx-rom.svg,871,506,1052,898,3088,475,300,263,143,ok,,
papirus,application-x-blender.svg,1610,769,2324,1642,0,0,0,0,0,fail,svg2tvgt,Error Context: 'M30.331 26.027c-.511 0-1.022.198-1.414.59a1.995 1.995 0 0 0 0 2.828L34.472 35H19.987c-1.108 0-2 .892-2 2s.892 2 2 2c2.552-.006 4.546-.002 7.86 0L17.6 49.242a1.995 1.995 0 0 0 0 2.828 2
papirus,application-x-codeblocks-workspace.svg,699,344,853,706,2234,340,209,194,27,ok,,
papirus,application-x-designer.svg,1030,445,1560,1112,2697,444,301,289,155,ok,,
papirus,application-x-font-ttf.svg,1818,699,2164,1726,4395,684,473,446,300,ok,,
papirus,application-x-gba-rom.svg,2353,979,3209,2086,0,0,0,0,0,fail,svg2tvgt,Error Context: 'm36 30-1.5 10h.5a1 1 0 0 1 .924.615l2.123 5.094.607-3.781 3.219.072s2.1-.201 2.162 1.826c.051 1.688-1.59 2.161-2.435 2.174h-3.432l1.687 4.05 2.38.018c2.446.014 6.659-3.079 6.792-6.923C
papirus,application-x-kicad-schematic.svg,2785,1731,4537,2597,9653,1570,847,803,391,ok,,
papirus,application-x-kodelife-project.svg,984,487,1492,1076,3084,470,303,260,146,ok,,
papirus,application-x-nes-rom.svg,1758,822,2510,1702,4973,822,527,494,61,ok,,
papirus,application-x-sqlite2.svg,1212,495,1430,1053,0,0,0,0,0,fail,svg2tvgt,Error Context: 'M32 28c-5.523 0-10 1.588-10 3.547v2.906C22 36.412 26.477 38 32 38s10-1.588 10-3.547v-2.906C42 29.588 37.523 28 32 28m-10 8.457̲.004 5.434C22.004 44.16 26.478 46 32 46s…' Unhandled exce
papirus,application-x-srt.svg,663,368,1020,732,2389,366,240,206,27,ok,,
papirus,application-x-virtualbox-hdd.svg,762,421,1184,936,2694,410,269,260,41,ok,,
papirus,application-x-virtualbox-ova.svg,762,421,1184,936,2705,410,269,244,41,ok,,
papirus,application-x-virtualbox-vhd.svg,762,421,1184,936,2707,410,269,267,41,ok,,
papirus,application-x-vmware-vmfoundry.svg,810,603,1372,929,3432,582,336,285,47,ok,,
papirus,applications-education.svg,1784,706,2821,1771,4337,695,429,418,83,ok,,
papirus,ar.xjuan.Cambalache.svg,808,493,1339,873,2887,495,302,290,251,ok,,
papirus,ares.svg,1321,450,2058,1205,0,0,0,0,0,fail,svg2tvgt,Error Context: 'M34.2 4.006c-1.285.102-1.993 1.386-1.704 2.478.22-.859.982-1.58 2.084-1.474C48.8 6.366 59.723 18.204 59.988 32.416c.003-.159.012-.315.012-.475C60 17.496 48.976 5.382 34.58 4.01a2 2 0 0
papirus,armagetronad.svg,3554,1276,4741,2817,0,0,0,0,0,fail,svg2tvgt,Error Context: 'M32.513 12.025c-.192.573-.371 1.077-.583 1.775-.7 2.313-1.366 5.156-1.359 6.766.008 1.538.675 4.268 1.37 6.487.179.569.27.79.422 1.233.205-.415.298-.64.563-1.15 1.13-2.159 2.542-4.65 4
papirus,armello.svg,6171,2856,10929,5978,0,0,0,0,0,fail,svg2tvgt,Error Context: 'M27.875 11 27 18l7.063 4.687s7.562-3.439 8.937-2.715c2.75 2.026 2.75 6.923 2.75 6.923l4.125.605L53 21l-5.875 1L46 17l-5.75 2.25L38 13l-6 4.303zm-2.75 8.25s-6.087 2.75-6.087 5.5c0 .648.
papirus,artikulate.svg,2198,790,7377,3533,0,0,0,0,0,fail,svg2tvgt,Error Context: 'M32 15a14 14 0 0 0-1.398.07H30.6q-.702.071-1.381.21a13.9 13.9 0 0 0-3.93 1.43l-.041.028q-.585.322-1.135.698l-.21.156c-.299.212-.593.43-.874.664a14 14 0 0 0-.35.318c-.224.2-.449.4-.66.6
papirus,atom-rpg.svg,3484,1273,5368,3444,0,0,0,0,0,fail,svg2tvgt,Node has unsupported transform: translate(4 5)scale(.875) Node has unsupported transform: translate(4 4)scale(.875) Error Context: 'M42.902 13.004c-7.08.18-13.826 6.079-18.699 10.066-1.747 1.43-4.321
papirus,audacious.svg,1989,717,2287,1719,4137,716,451,415,277,ok,,
papirus,audio-speaker-center.svg,1227,580,702,450,485,79,76,68,70,ok,,Unsupported element defs Failed to translate color spec 'currentColor' Failed to translate color spec 'currentColor' Failed to translate color spec 'currentColor'
papirus,audio-speaker-left-side-testing.svg,1209,536,1764,1090,0,0,0,0,0,fail,svg2tvgt,Error Context: 'M29 5.74v4.15c6.31 2.096 10.861 8.085 10.861 15.11S35.31 38.015 29 40.11v4.15c8.602-2.212 15-9.943 15-19.26 0-9.316-6.398-17.047-15-19.26M24 6̲ 12.572 17H5c-1 0-1 1-1 1v14s0 1 1 1h7.5…
papirus,audio-speaker-mono.svg,1503,636,2201,1364,0,0,0,0,0,fail,svg2tvgt,Error Context: 'M19 5.74C10.398 7.953 4 15.684 4 25s6.398 17.048 15 19.26v-4.15C12.69 38.015 8.139 32.025 8.139 25S12.69 11.986 19 9.89Zm10 0v4.15c6.31 2.096 10.861 8.085 10.861 15.11S35.31 38.015 29
papirus,audiobook.svg,1118,549,1490,1054,0,0,0,0,0,fail,svg2tvgt,Error Context: 'm48 36-6.088 6H38v8h3.912L48 56zm2 0v2c3.374 1.057 6 4.329 6 8s-2.625 6.943-6 8v2c4.582-1.114 8-5.143 8-10s-3.418-8.886-8-10m0 6̲v8c1.777-.773 3-2.267 3-4s-1.207-3.227-3…' Unhandled ex
papirus,audoban.applet.playbar.svg,4225,2224,6666,3585,0,0,0,0,0,fail,svg2tvgt,Error Context: 'M24 7c-6.648 0-12 5.352-12 12s5.352 12 12 12 12-5.352 12-12S30.648 7 24 7m0 2̲c5.54 0 10 4.46 10 10s-4.46 10-10 10-10-…' Unhandled exception: System.InvalidOperationException: New Move
papirus,auryo.svg,966,587,1649,1339,0,0,0,0,0,fail,svg2tvgt,Error Context: 'M32 16a13 13 0 0 0-13 13v4.215a5.5 5.5 0 0 0-4 5.285 5.5 5.5 0 0 0 5.5 5.5 5.5 5.5 0 0 0 2.5-.607V44h3V33h-3v.602a5.5 5.5 0 0 0-1-.391V29a10 10 0 0 1 10-10 10 10 0 0 1 10 10v4.215a5.5
papirus,avatar-default.svg,770,406,592,223,0,0,0,0,0,fail,svg2tvgt,Failed to translate color spec 'currentColor' Error Context: 'M8 2c1.66 0 3 1.34 3 3 0 1.65-1.34 3-3 3S5 6.65 5 5c0-1.66 1.34-3 3-3m0 8̲c6-.01 6 4 6 4v1H2v-1s0-4 6-4' Unhandled exception: System.Inval
papirus,babe.svg,1645,1229,5520,1419,7541,1118,426,353,230,ok,,
papirus,bandcamp.svg,2628,1312,4254,2050,0,0,0,0,0,fail,svg2tvgt,Error Context: 'M11 21v24h6v-.527A9 9 0 0 0 20 45a9 9 0 0 0 9-9 9 9 0 0 0-9-9 9 9 0 0 0-3 .527V21zm32 0a12 12 0 0 0-12 12 12 12 0 0 0 12 12 12 12 0 0 0 10.375-6H43a6 6 0 0 1-6-6 6 6 0 0 1 6-6h10.379A1
papirus,banshee.svg,1769,828,0,0,0,0,0,0,0,no_source,source,SVG not found in current source dataset
papirus,bareftp.svg,3248,1123,5096,2873,7316,1127,672,635,293,ok,,
papirus,battery-caution-charging.svg,804,452,596,217,654,98,91,85,76,ok,,Failed to translate color spec 'currentColor'
papirus,battery-empty.svg,470,298,692,425,778,110,103,97,85,ok,,Unsupported element defs Failed to translate color spec 'currentColor' Failed to translate color spec 'currentColor'
papirus,battery-low.svg,470,298,720,450,712,118,90,87,77,ok,,Unsupported element defs Failed to translate color spec 'currentColor' Failed to translate color spec 'currentColor'
papirus,battery-missing.svg,780,422,861,550,0,0,0,0,0,fail,svg2tvgt,Unsupported element defs Failed to translate color spec 'currentColor' Failed to translate color spec 'currentColor' Error Context: 'M8 5a2 2 0 0 0-2 2h1a1 1 0 0 1 1-1 1 1 0 0 1 1 1 1 1 0 0 1-1 1H7v2h
papirus,beat-hazard-2.svg,2079,1181,3585,2293,0,0,0,0,0,fail,svg2tvgt,Error Context: 'M32 8A25 25 0 0 0 7 33a25 25 0 0 0 25 25 25 25 0 0 0 25-25A25 25 0 0 0 32 8m0 2.777̲A22.22 22.22 0 0 1 54.223 33 22.22 22.22…' Unhandled exception: System.InvalidOperationException: Ne
papirus,beholder.svg,788,520,958,746,0,0,0,0,0,fail,svg2tvgt,Error Context: 'M31 30c-6 0-8 6-8 6h20s-6-6-12-6m23 3̲c-4 0-8 3-8 3h11s0-3-3-3' Unhandled exception: System.InvalidOperationException: New MoveTo detected without ClosePath    at SvgPathParser.ParseMo
papirus,bespoke_icon.svg,2399,1082,3669,2109,6481,1007,641,593,490,ok,,
papirus,beyondallreason.svg,1220,805,1681,1117,4749,816,438,400,55,ok,,
papirus,blackmagicraw-speedtest.svg,3112,1359,4840,2858,6774,1104,665,619,245,ok,,
papirus,blender.svg,1992,786,2905,2012,5422,913,528,525,294,ok,,
papirus,bloomrpc.svg,1735,572,2888,1800,3694,608,550,545,533,ok,,
papirus,bluegriffon.svg,18509,6293,21306,14159,0,0,0,0,0,fail,svg2tvgt,Error Context: 'M46.102 9.872q-.566.038-1.01.572c-.335.404-.504.949-.455 1.432.073.714.283 1.304 1.144 3.014.473.941.628 1.316.791 2.07.23 1.064.323 1.997.321 3.231a17 17 0 0 1-.252 3.047c-.159.949-.4
papirus,bluej.svg,5660,1926,7586,4128,0,0,0,0,0,fail,svg2tvgt,Error Context: 'M36.838 9c-3.352.218-6.798 1.117-9.85 2.543-3.991 2.14-6.485 4.887-8.3 8.045 0 0 5.56 2.117 8.625 2.117 3.998 0 8.657-1.03 10.007-1.348.49-.752 1.06-1.454 1.746-2.087 3.192-2.505 3.607
papirus,bookworm.svg,748,368,704,617,1924,329,201,171,32,ok,,
papirus,bootstrap-studio.svg,855,675,1443,979,4586,654,341,292,321,ok,,
papirus,brackets-electron.svg,584,454,757,603,2414,445,258,215,151,ok,,
papirus,bridge-constructor-stunts.svg,1475,817,2108,1524,0,0,0,0,0,fail,svg2tvgt,Error Context: 'M15 34a6 6 0 1 0 0 12 6 6 0 0 0 0-12m0 12̲a6 6 0 1 0 0 12 6 6 0 0 0 0-12m34-12a6 6…' Unhandled exception: System.InvalidOperationException: New MoveTo detected without ClosePath    at
papirus,bzflag.svg,1431,1000,1975,1593,6181,993,555,511,395,ok,,Node has unsupported transform: rotate(90)scale(-1 1) Node has unsupported transform: rotate(90)scale(-1 1)
papirus,cadence.svg,8894,3081,13692,6466,0,0,0,0,0,fail,svg2tvgt,Error Context: 'M6.8 4C5.25 4 4 5.25 4 6.8v1C4 6.25 5.25 5 6.8 5h50.4C58.75 5 60 6.25 60 7.8v-1C60 5.25 58.75 4 57.2 4zM32 14c-2.011.034-4.21.51-5.004 1.387-.711.785-.934 1.844-.853 3.021.085-.774.35-
papirus,calibre-viewer.svg,1507,662,2109,1428,0,0,0,0,0,fail,svg2tvgt,Error Context: 'M48 39c-1.939.021-3.89.518-5.578 1.59-.673.49-1.481 1.125-2.09 1.764-.958 1.05-1.778 2.275-2.332 3.648 1.519 3.752 4.856 6.502 8.53 6.908 2.408.306 4.93-.16 7.048-1.496.673-.49 1.481-1
papirus,cantata.svg,911,429,1709,937,2404,443,320,306,42,ok,,
papirus,catarina.svg,3215,1215,4982,2893,0,0,0,0,0,fail,svg2tvgt,Node has unsupported transform: rotate(90)scale(-1 1) Node has unsupported transform: rotate(90)scale(-1 1) Error Context: 'M45.027 54.748q0-.623.179-1.054.179-.43.497-.694.317-.265.748-.385a3.45 3.45
papirus,catia.svg,1448,571,1939,1551,4040,564,319,310,114,ok,,Node has unsupported transform: rotate(90)scale(-1 1) Node has unsupported transform: rotate(90)scale(-1 1)
papirus,cc3d.svg,10011,3158,10892,7281,0,0,0,0,0,fail,svg2tvgt,Error Context: 'M29.355 4.15a28 28 0 0 0-10.133 2.94c.142.448-.024.953-.539 1.4-.348.302-.634.772-.634 1.047 0 .84.759 2.129 1.365 2.316.805.25.535 1.108-.501 1.583-.479.22-1.068.853-1.31 1.406-.241.5
papirus,cdbaby.svg,672,421,1519,685,2425,388,271,243,118,ok,,
papirus,checkra1n.svg,3279,1332,5071,2922,0,0,0,0,0,fail,svg2tvgt,Error Context: 'M42.938 4s-4.94.023-8.493 4.902c-3.158 4.34-2.353 8.051-2.353 8.051s4.283.772 8.05-3.947C43.673 8.586 42.938 4 42.938 4m.05 14̲c-4.681 0-8.279 2.63-10.217 2.63-2.257 0…' Unhandled exce
papirus,chrome-app-list.svg,1739,1541,2284,1896,10166,1576,454,410,135,ok,,Node has unsupported transform: translate(0 1)
papirus,chrome-fljalecfjciodhpcledpamjachpmelml-Default.svg,1365,584,0,0,0,0,0,0,0,no_source,source,SVG not found in current source dataset
papirus,citrix-receiver.svg,2118,1049,2086,1605,0,0,0,0,0,fail,svg2tvgt,Node has unsupported transform: rotate(90)scale(-1 1) Node has unsupported transform: rotate(90)scale(-1 1) Error Context: 'M32 11a2 2 0 0 0-.191.012C20.875 11.116 12 20.042 12 31c0 11.022 8.978 20 20
papirus,civilization5.svg,1534,558,2206,1403,0,0,0,0,0,fail,svg2tvgt,Error Context: 'M15.049 5a7.024 6.98 0 0 0-6.508 9.666l16.857 41.807a7.024 6.98 0 0 0 5.41 4.422 7.025 6.98 0 0 1-5.244-9.614L32 35.321 21.58 9.476A7.024 6.98 0 0 0 15.05 5m15.76 55.895̲a7.024 6.98 0
papirus,clockify.svg,1301,600,1987,1295,0,0,0,0,0,fail,svg2tvgt,Error Context: 'm45.285 16.887-9.799 9.799 2.828 2.828 9.8-9.8zM32 29a4 4 0 0 0-4 4 4 4 0 0 0 4 4 4 4 0 0 0 4-4 4 4 0 0 0-4-4m6.262 8.135̲-2.723 2.931 9.8 9.1 2.722-2.932z' Unhandled exception: System
papirus,colortone.svg,1194,639,2578,1265,3214,627,403,376,276,ok,,
papirus,com.bixense.PasswordCalculator.svg,860,400,1141,867,2455,384,235,244,198,ok,,
papirus,com.endlessnetwork.fablemaker.svg,539,338,600,552,1926,338,206,194,95,ok,,
papirus,com.github.alainm23.byte.svg,877,443,956,718,2068,457,263,236,187,ok,,
papirus,com.github.alcadica.develop.svg,2399,1056,3791,1895,5731,976,524,485,112,ok,,
papirus,com.github.aleksandar-stefanovic.urmsimulator.svg,1632,508,1865,1354,0,0,0,0,0,fail,svg2tvgt,Error Context: 'm34 40.976-4-6m-3.8-2̲s7.8 1.149 7.8-4c0-5.148-7.972-3.827-7.9…' Unhandled exception: System.InvalidOperationException: New MoveTo detected without ClosePath    at SvgPathParser.ParseM
papirus,com.github.allen-b1.news.svg,805,411,867,656,2343,433,301,284,170,ok,,
papirus,com.github.alonsoenrique.quotes.svg,1152,425,1924,1122,0,0,0,0,0,fail,svg2tvgt,Error Context: 'm41.5 40.5-4.675-2.817M31 17.5̲c6.701 0 6.525 5.614 6.525 11.199S37.752…' Unhandled exception: System.InvalidOperationException: New MoveTo detected without ClosePath    at SvgPathPars
papirus,com.github.arshubham.cipher.svg,977,527,1437,922,0,0,0,0,0,fail,svg2tvgt,Error Context: 'M32 16c-5.54 0-10 3.999-10 8.582V29c-2.77 0-5 1.77-5 4.036V44.91c0 2.265 2.23 4.09 5 4.09h20c2.77 0 5-1.825 5-4.09V33.035C47 30.77 44.77 29 42 29v-4.418C42 20 37.54 16 32 16m0 4̲c2.77
papirus,com.github.artemanufrij.graphui.svg,1750,860,2924,1777,0,0,0,0,0,fail,svg2tvgt,Error Context: 'M32 23v8m6 8̲ 4.846 7.1M26 39l-4.846 7.1M13.8 46s1.25…' Unhandled exception: System.InvalidOperationException: New MoveTo detected without ClosePath    at SvgPathParser.ParseMoveTo() i
papirus,com.github.artemanufrij.hashit.svg,843,457,1135,777,3067,459,314,290,180,ok,,
papirus,com.github.avojak.iridium.svg,3870,1434,6519,3534,0,0,0,0,0,fail,svg2tvgt,Error Context: 'M17.424 6.002c-3.758-.056-7.555 1.377-10.069 4.26-2.392 2.554-3.404 6.076-3.337 9.535.132-3.128 1.176-6.227 3.337-8.535 2.681-3.075 6.824-4.5 10.82-4.229h22.981c6.035-.132 11.683 4.427
papirus,com.github.bartzaalberg.php-tester.svg,4284,1472,6231,3355,0,0,0,0,0,fail,svg2tvgt,Error Context: 'M29.637 23c-.835 4.432-1.803 9.546-2.637 13.975h2.79c.48-2.543.954-5.462 1.429-7.975.949 0 1.849-.033 2.746.008.882.04 1.217.482 1.068 1.377-.205 1.22-.444 2.837-.67 4.054-.155.84-.314
papirus,com.github.bharatkalluri.easypass.svg,672,344,0,0,0,0,0,0,0,no_source,source,SVG not found in current source dataset
papirus,com.github.birros.WebArchives.svg,11893,4464,8416,4348,0,0,0,0,0,fail,svg2tvgt,Error Context: 'M24 19.141c-7.642 4.412-10.272 14.218-5.86 21.86 4.413 7.642 14.22 10.27 21.863 5.858S50.27 32.64 45.859 25c-4.413-7.643-14.217-10.27-21.86-5.858m.342 2.69̲h.002l3.142 5.442c-1.428.717
papirus,com.github.bluesabre.darkbar.svg,1069,616,1770,1152,3470,530,315,285,263,ok,,
papirus,com.github.davidmhewitt.clipped.svg,882,532,1218,773,2993,472,284,254,242,ok,,
papirus,com.github.dbhowell.peeq.svg,3439,1236,5537,2951,8002,1267,810,779,782,ok,,
papirus,com.github.donadigo.appeditor.svg,4376,1626,6143,3553,0,0,0,0,0,fail,svg2tvgt,Error Context: 'm5.134 23.486-.215.371c-.315.559-.177 1.332.309 1.75l4.437 3.894c.045-.613.109-1.22.2-1.824l-4.637-4.07c-.04-.036-.06-.084-.094-.122zm53.732 0c-.035.038-.055.087-.094.121l-4.637 4.07q.
papirus,com.github.donadigo.eddy.svg,10108,3411,14132,7539,0,0,0,0,0,fail,svg2tvgt,Error Context: 'M4 16h56v1H4zm30.561 5c-.558.047-1.112.073-1.66.143l.24.035c.404-.147.992-.081 1.42-.178m-2.433.254̲c-.907.055-2.168.528-1.78.098-1.479.66-4…' Unhandled exception: System.InvalidOperat
papirus,com.github.kmal-kenneth.monilet.svg,1497,538,1872,1317,0,0,0,0,0,fail,svg2tvgt,Error Context: 'M28.86 14.277a3 3 0 0 0-.506.059A20.02 20.02 0 0 0 12.896 28.07a20 20 0 0 0-.884 6.301 20 20 0 0 1 .884-5.3 20.02 20.02 0 0 1 15.458-13.735 3 3 0 0 1 .505-.059 3 3 0 0 1 3.041 2.5 3 3
papirus,com.github.lainsce.yishu.svg,685,339,827,695,1968,338,236,224,37,ok,,
papirus,com.github.linuxhubit.gitscover.svg,2384,1195,3243,2062,0,0,0,0,0,fail,svg2tvgt,Error Context: 'M20 40a10 10 0 0 0-10 10 10 10 0 0 0 10 10 10 10 0 0 0 10-10 10 10 0 0 0-10-10m0 4̲a6 6 0 0 1 6 6 6 6 0 0 1-6 6 6 6 0 0 1-6…' Unhandled exception: System.InvalidOperationException: New
papirus,com.github.padjis.ghistory.svg,1741,765,2433,1575,0,0,0,0,0,fail,svg2tvgt,Error Context: 'M22.203 21C15.427 21 10 26.302 10 32.953 10 39.73 15.492 45 22.613 45c3.483 0 6.491-1.221 8.782-3.574 2.133-2.228 3.328-5.117 3.328-8.098V33H20v4h9.168c-1.255 2.573-3.762 3.86-6.805 3.
papirus,com.github.plugarut.pwned-checker.svg,940,583,1341,958,0,0,0,0,0,fail,svg2tvgt,Error Context: 'M11 18v10h3V18Zm11 9a3 3 0 0 0-3 3 3 3 0 0 0 3 3 3 3 0 0 0 3-3 3 3 0 0 0-3-3m8 7̲v3h10v-3zm13 0v3h10v-3Zm-21.025 3.986A2.…' Unhandled exception: System.InvalidOperationException: New M
papirus,com.github.rickybas.date-countdown.svg,1194,475,916,710,0,0,0,0,0,fail,svg2tvgt,Error Context: 'M32 4a4 4 0 0 0-4 4 4 4 0 0 0 .035.506A4 4 0 0 1 32 5a28 28 0 0 1 27.979 27.586A28 28 0 0 0 60 32 28 28 0 0 0 32 4M8 28̲a4 4 0 0 0-4 4 4 4 0 0 0 .018.346l.013.2…' Unhandled exception:
papirus,com.github.ryonakano.konbucase.svg,3939,1569,5066,3027,0,0,0,0,0,fail,svg2tvgt,Error Context: 'm19 11-8 24h5.936l1.457-4.002h9.232L29.066 35H35l-8-24zm18.424 3.893c-.642-.023-1.033.011-1.033.011a1.5 1.5 0 1 0 .218 2.993s4.749-.254 7.192 3.003c.233.312.616 1.8.695 3.098.033.542.0
papirus,com.github.thejambi.dayjournal.svg,4051,1861,5770,3249,13423,1734,1245,1082,913,ok,,Node has unsupported transform: translate(13 9)
papirus,com.github.themix_project.Oomox.svg,1383,566,1465,1131,3115,510,280,272,226,ok,,
papirus,com.github.torikulhabib.mindi.wma.svg,2685,1078,3965,1978,7112,1013,786,772,534,ok,,
papirus,com.github.treagod.spectator.svg,821,485,856,796,0,0,0,0,0,fail,svg2tvgt,Error Context: 'M32 18a22 15 0 0 0-22 15 22 15 0 0 0 22 15 22 15 0 0 0 22-15 22 15 0 0 0-22-15m0 6̲a14 9 0 0 1 14 9 14 9 0 0 1-14 9 14 9 0 …' Unhandled exception: System.InvalidOperationException: New
papirus,com.gitlab.bitseater.meteo.svg,1070,623,1209,999,2858,530,362,361,348,ok,,Node has unsupported transform: rotate(90)scale(-1 1) Node has unsupported transform: rotate(90)scale(-1 1)
papirus,com.moddb.TotalChaos.svg,1104,513,1675,1043,3172,510,345,329,217,ok,,
papirus,com.pajuelo.plasmaConfSaver.svg,2972,1377,4205,2610,0,0,0,0,0,fail,svg2tvgt,Error Context: 'M23 4c-2.216 0-4 1.784-4 4v1c0-2.216 1.784-4 4-4h2c2.216 0 4 1.784 4 4V8c0-2.216-1.784-4-4-4Zm-4 5.875a15 15 0 0 0-4.73 2.732l-1.625-.937a3.99 3.99 0 0 0-5.465 1.465l-1 1.73a3.97 3.97
papirus,com.szibele.e-juice-calc.svg,794,425,1183,839,2879,419,283,271,245,ok,,
papirus,compiz.svg,607,315,1127,648,1897,304,219,216,27,ok,,
papirus,conky.svg,12821,4363,16851,8131,0,0,0,0,0,fail,svg2tvgt,Error Context: 'M28.125 31.132v9.75h-8.007c-.782 0-1.573.024-2.371.032h-.371c-.565 0-1.13-.016-1.686-.065a11 11 0 0 1-1.678-.454c-.42-.203-1.43-.43-1.825-.69l-.242-.17a14 14 0 0 1-.63-.576c-.2-.203-.3
papirus,coypu.svg,4034,1490,4834,3271,0,0,0,0,0,fail,svg2tvgt,Error Context: 'm4.389 36.594.02.166a28 28 0 0 0 .478 2.138c.812-.352 1.728-.699 2.11-1.003 2.297-1.843 6.319-4.846 6.728-4.846.41 0 1.112-.171 1.406.847s-.383 2.233-.383 2.233-.89 1.518-.859 2.353c.4
papirus,cpod.svg,1701,898,3367,1882,0,0,0,0,0,fail,svg2tvgt,Error Context: 'M32 9C18.746 9 8 19.746 8 33s10.746 24 24 24a24 24 0 0 0 17.044-7.122l-2.025-1.973A21.18 21.18 0 0 1 32 54.175c-11.695 0-21.176-9.48-21.176-21.175S20.304 11.824 32 11.824a21.18 21.18 0
papirus,crayon-physics-deluxe.svg,1925,691,2443,1448,0,0,0,0,0,fail,svg2tvgt,Error Context: 'M31.748 4.006a9 9 0 0 0-8.043 5.502L21.393 15H13a9 9 0 0 0-8.979 9.463A9 9 0 0 1 13 16h8.393l2.312-5.492a9 9 0 0 1 8.043-5.502 9 9 0 0 1 8.547 5.502L42.607 16H51a9 9 0 0 1 8.975 8.492A
papirus,cscz.svg,6328,2126,8312,4723,0,0,0,0,0,fail,svg2tvgt,Error Context: 'M34.75 24.325c-.097 1.128-.85.65-1.666 1.265-.22-.034-.471-.034-.816-.034-.062-.752.19-.889.313-1.026.503-.41.85-.205.85-.205.376-.069.72.034 1.318 0m1.882-1.847̲h-1.098v-.308h-.596v.1
papirus,custom-toolbox.svg,1485,716,1718,1376,4364,708,455,439,303,ok,,
papirus,cutemaze.svg,868,546,1636,931,3765,530,334,311,267,ok,,
papirus,cutter.svg,1195,571,1885,1341,0,0,0,0,0,fail,svg2tvgt,Error Context: 'M32 10A23 23 0 0 0 9 33a23 23 0 0 0 23 23 23 23 0 0 0 16.488-7H37.5l-8-16 8-16h11.021A23 23 0 0 0 32 10m11 16̲-5 3.5-5 3.5 5 3.5 5 3.5v-7zm0 7 5 3.5 5…' Unhandled exception: System.Inv
papirus,darktable.svg,2438,863,4068,2173,0,0,0,0,0,fail,svg2tvgt,Error Context: 'M33.876 7.024c-.256-.011-.508.015-.762.011l-7.986 21.116L13.73 15.058c-.305.316-.63.607-.921.941l12.319 14.152zm20.78 12.773-22.832 3.789-.758 2.124 24.687-4.096c-.332-.628-.718-1.221-
papirus,darwinia.svg,1285,824,1679,1141,4846,794,331,301,43,ok,,
papirus,datovka.svg,1017,505,1529,1030,3053,491,345,342,207,ok,,
papirus,day-of-the-tentacle-remastered.svg,1403,574,1887,1376,3028,572,377,357,325,ok,,
papirus,de.haeckerfelix.Fragments.svg,2753,1027,4403,2572,6982,998,720,710,643,ok,,Node has unsupported transform: matrix(2 0 0 2 0 .714)
papirus,deltachat.svg,3767,1217,5828,3275,0,0,0,0,0,fail,svg2tvgt,Error Context: 'M31.979 13.001c-1.7.014-3.592.146-4.631.408-3.481.878-5.265 2.53-5.213 4.82.045 1.991 1.017 3.284 5.549 6.628 2.245 1.656 4.031 3.555 3.974 3.724s-1.082.554-2.28.854c-4.729 1.186-8.658
papirus,dev.geopjr.Hashbrown.svg,1023,513,0,0,0,0,0,0,0,no_source,source,SVG not found in current source dataset
papirus,devdocs.svg,702,370,1329,639,2089,369,219,212,123,ok,,
papirus,dissenter-browser.svg,776,374,1274,766,0,0,0,0,0,fail,svg2tvgt,Error Context: 'M17 22h24M17 32̲h24M17 42h16' Unhandled exception: System.InvalidOperationException: New MoveTo detected without ClosePath    at SvgPathParser.ParseMoveTo() in /tmp/tinyvg-sdk/src/tool
papirus,distributor-logo-chakra.svg,2356,807,2763,2373,0,0,0,0,0,fail,svg2tvgt,Node has unsupported transform: matrix(.33581 0 0 .33171 2.372 3.395) Node has unsupported transform: translate(19.557 19.715) Error Context: 'M46.94.198c-9.955.327 26.517 51.266-1.573 48.013̲C68.791
papirus,distributor-logo-debian.svg,7322,2381,13096,8791,0,0,0,0,0,fail,svg2tvgt,Error Context: 'M16.078 26.484c.212-.66.25-1.057.33-1.44-.583.76-.269.923-.33 1.44m1.078-4.586̲c.106.99-.731 1.375.185.721.493-1.128-.1…' Unhandled exception: System.InvalidOperationException: New Mov
papirus,distributor-logo-devuan.svg,829,335,1355,1053,1982,349,207,198,186,ok,,Node has unsupported transform: translate(-69.88 -56.641)scale(.18595) Error Context: 'M461.838 385.263̲c349.548 80.665 18.968 151.924 18.968 15…' Reducing bit range trying to fit 461.838 Node has uns
papirus,distributor-logo-kaos.svg,4624,1528,7057,4039,0,0,0,0,0,fail,svg2tvgt,Error Context: 'M39.512 14c-.68.016-1.39.093-2.117.238-10.408 2.08-17.057 17.76-19.813 26.563C25 28.429 31.094 26.127 42.5 19.543c4.894-2.825 1.767-5.658-2.988-5.543m-23.797 2̲c-1.657-.002-4.015 1.927
papirus,distributor-logo-knoppix.svg,4430,2125,5207,4097,0,0,0,0,0,fail,svg2tvgt,Error Context: 'M18 31h28s2-7.778 10-14c0-2 0-3-5-1-4 3.111-18 12-18 12h-2s-13-8.889-17-12c-6-2-6-1-6 1 8 6.222 10 14 10 14m-1 14̲h30l3 7.068L53 52c2.564-.058 5 2.625 5 4…' Unhandled exception: System
papirus,distributor-logo-manjaro.svg,595,352,911,631,2096,332,191,166,118,ok,,
papirus,distributor-logo-midnightbsd.svg,2811,1035,3870,2334,0,0,0,0,0,fail,svg2tvgt,Error Context: 'M26.313 13.256C17.975 16.246 12.01 24.143 12 33c0 11.598 9.802 21 21.4 21a21 21 0 0 0 15.487-6.855q-.885.321-1.762.576c.06-.405-.83-.607-.906-.969a9.7 9.7 0 0 1 .092-4.367c.271-1.08 1.
papirus,distributor-logo-netrunner.svg,4135,1503,6106,3939,0,0,0,0,0,fail,svg2tvgt,Not implemented: SvgEllipse Error Context: 'M52.182 51.346h.003a28.05 28 0 0 0 .523-.56 28.05 28 0 0 1-.526.56M19.869 57.23̲a28.05 28 0 0 0 1.504.68 28.05 28 0 0 1-…' Unhandled exception: System.Inval
papirus,distributor-logo-steamos.svg,1602,883,2334,1716,0,0,0,0,0,fail,svg2tvgt,Error Context: 'M40 16a11 11 0 0 0-11 11l.012.246-5.258 8.764L23.5 36a8.5 8.5 0 0 0-5.662 2.172L4.047 32.078A28 28 0 0 0 4 33a28 28 0 0 0 .938 7.123l10.066 4.45A8.5 8.5 0 0 0 23.5 53a8.5 8.5 0 0 0 8.5
papirus,dolphin-emu.svg,2931,1023,4263,2814,0,0,0,0,0,fail,svg2tvgt,Node has unsupported transform: translate(12 11.974)scale(.01953) Error Context: 'M1400.17 461.676̲c-119.328 7.655-226.532 77.478-246.575 8…' Reducing bit range trying to fit 1400.17 Node has unsuppor
papirus,dosbox.svg,1473,1303,1423,1316,9023,1227,526,454,205,ok,,
papirus,dotcover.svg,1532,564,2457,1537,0,0,0,0,0,fail,svg2tvgt,Error Context: 'M18 35s8.088.7 8-8-8-8-8-8m-.028 15.988̲v-16' Unhandled exception: System.InvalidOperationException: New MoveTo detected without ClosePath    at SvgPathParser.ParseMoveTo() in /tmp/tin
papirus,dotmemory.svg,1496,512,2241,1525,0,0,0,0,0,fail,svg2tvgt,Error Context: 'M18 35s8.088.7 8-8c-.087-8.701-8-8-8-8m-.028 15.987̲v-16' Unhandled exception: System.InvalidOperationException: New MoveTo detected without ClosePath    at SvgPathParser.ParseMoveTo()
papirus,dottrace.svg,1412,482,2145,1451,0,0,0,0,0,fail,svg2tvgt,Error Context: 'M18 35s8.088.7 8-8c-.087-8.701-8-8-8-8m-.028 15.987̲v-16' Unhandled exception: System.InvalidOperationException: New MoveTo detected without ClosePath    at SvgPathParser.ParseMoveTo()
papirus,downline.svg,594,330,889,610,2099,332,218,206,97,ok,,
papirus,dropbox.svg,1269,585,1864,1279,3691,582,303,317,281,ok,,
papirus,duckstation.svg,2332,956,4036,2600,7614,928,580,552,374,ok,,Node has unsupported transform: rotate(26.565)scale(1 .8)skewX(-30.964)
papirus,dvanalyzer.svg,1068,586,1258,1057,0,0,0,0,0,fail,svg2tvgt,Error Context: 'M32 16a7 7 0 0 0-7 7 7 7 0 0 0 7 7 7 7 0 0 0 7-7 7 7 0 0 0-7-7m0 18̲a9 9 0 0 0-9 9v17.548a29 29 0 0 0 4 .988…' Unhandled exception: System.InvalidOperationException: New MoveTo detecte
papirus,dying-light.svg,6198,2123,8397,4720,0,0,0,0,0,fail,svg2tvgt,Error Context: 'M36.055 11.031c-.085.097-.06.827.011 1.551.017-.515.019-1.032.043-1.547-.019-.02-.04-.02-.054-.004m.011 1.551̲c-.156 4.983.04 9.567.286 14.543.214 9.0…' Unhandled exception: System.Inv
papirus,eBook-speaker.svg,1132,784,1431,1128,4634,778,395,349,294,ok,,
papirus,ease.svg,599,311,939,666,1889,309,222,206,136,ok,,
papirus,easyeda.svg,2130,926,3285,2093,5540,925,672,623,279,ok,,
papirus,easystroke.svg,1235,449,1515,1089,2422,415,269,252,190,ok,,
papirus,edex-ui.svg,1038,427,1068,871,2224,351,196,187,127,ok,,
papirus,edge-game.svg,3230,1224,6533,3118,9395,1483,909,840,243,ok,,
papirus,electrum-ltc.svg,6746,2417,10210,5471,0,0,0,0,0,fail,svg2tvgt,Error Context: 'M24.725 9.055c-2.045-.047-3.995.395-5.74 1.402-3.757 2.17-5.692 6.483-5.985 11.576-4.263 2.8-7.031 6.63-7.031 10.967S8.737 41.167 13 43.967c.293 5.093 2.23 9.407 5.986 11.576 3.757 2.1
papirus,emblem-default.svg,240,86,301,228,512,81,94,86,26,ok,,
papirus,emblem-downloads.svg,187,88,294,237,611,91,84,84,56,ok,,Node has unsupported transform: rotate(90)
papirus,emblem-dropbox-app.svg,459,219,592,477,1217,226,201,201,199,ok,,
papirus,emblem-favorite.svg,485,181,656,406,859,180,171,169,134,ok,,
papirus,emblem-important.svg,219,84,262,226,473,84,78,76,48,ok,,
papirus,emblem-new.svg,196,78,288,227,541,78,78,77,52,ok,,Node has unsupported transform: rotate(-90)
papirus,emblem-photos.svg,321,158,562,302,866,157,137,128,99,ok,,
papirus,emblem-remove.svg,156,60,225,186,375,60,69,65,41,ok,,Node has unsupported transform: rotate(-90)
papirus,emblem-syncthing-offline.svg,552,279,825,683,0,0,0,0,0,fail,svg2tvgt,Error Context: 'M8 3a5 5 0 0 0-5 5 5 5 0 0 0 5 5 5 5 0 0 0 5-5 5 5 0 0 0-.308-1.707l.011-.008-.027-.037A5 5 0 0 0 8 3m0 .5̲a4.5 4.5 0 0 1 3.994 2.43l-3.12 2.23-5.3…' Unhandled exception: System.Invali
papirus,emblem-unlocked.svg,428,179,639,375,900,178,162,163,134,ok,,
papirus,emblem-web.svg,2887,992,4400,1876,0,0,0,0,0,fail,svg2tvgt,Error Context: 'M5.502 3.669a4.975 4.975 0 0 0-2.396 5.348l.013.062c.105.496.284.985.552 1.448 1.374 2.369 4.434 3.177 6.825 1.804a4.98 4.98 0 0 0 2.458-4.992v-.001a5 5 0 0 0-.07-.403 4.9 4.9 0 0 0-.5
papirus,emily-is-away.svg,750,392,1179,872,2911,427,289,289,203,ok,,
papirus,entangle.svg,1230,451,1370,1154,2428,450,250,242,233,ok,,
papirus,epic-games.svg,3615,1730,5820,3400,0,0,0,0,0,fail,svg2tvgt,Error Context: 'M15 12v23h7v-3h-4v-7h4v-3h-4v-7h4v-3zm8 0v23h3v-9h3.201C31.528 26 33 24.128 33 21.8v-5.6c0-2.328-1.472-4.2-3.799-4.2h-2.8zm11.9 0v23h3V12zm6.801 0c-1.551 0-2.8 1.25-2.8 2.8v17.42c0 1.5
papirus,epsxe.svg,2565,1069,3778,2423,7436,1168,819,766,385,ok,,
papirus,eqonomize.svg,1531,703,2354,1567,4336,663,511,494,440,ok,,Node has unsupported transform: matrix(1.80736 0 0 2.34783 -10.211 -16.271)
papirus,ericWeb.svg,3674,1322,5395,2921,0,0,0,0,0,fail,svg2tvgt,Error Context: 'M32 13.001c-11.046 0-20 8.954-20 20s8.954 20 20 20 19.999-8.955 19.999-20-8.954-20-20-20m-1.872 3.989̲c.218-.023.492.013.711 0 .026.104-.154.4…' Unhandled exception: System.InvalidOper
papirus,etcher.svg,2665,983,4184,2355,6026,959,544,524,509,ok,,
papirus,etl.svg,2472,959,3698,2117,0,0,0,0,0,fail,svg2tvgt,Error Context: 'M17.088 10.002 17 53h.002l.086-41.998c3.544.447 8.675.614 12.191 1.215.502.105 1.218.846 1.55 1.515.696-.472-.731-2.344-1.55-2.515-3.516-.601-8.647-.768-12.191-1.215m7.93 10.168̲c-.121
papirus,eu.scarpetta.PDFMixTool.svg,1155,521,1837,1249,3490,504,378,360,250,ok,,Node has unsupported transform: matrix(-1.00788 1.05827 1.00788 1.05827 -244.006 -272.106) Error Context: 'M7.938 274.51̲v21.167h2.645V274.51Z' Reducing bit range trying to fit 274.51 Node has unsuppo
papirus,eureka.svg,1010,599,1813,970,3972,571,338,324,205,ok,,
papirus,euro-truck-simulator-2.svg,5558,2868,9376,4778,0,0,0,0,0,fail,svg2tvgt,Error Context: 'M32 13a20 20 0 0 0-20 20 20 20 0 0 0 20 20 20 20 0 0 0 20-20 20 20 0 0 0-20-20m0 3̲a17 17 0 0 1 5.246.838l-2.412 4.83L32 27…' Unhandled exception: System.InvalidOperationException: New
papirus,exaile.svg,837,368,1337,856,1690,0,0,0,0,fail,tvg-text,error: SyntaxError /tmp/tinyvg-sdk/src/lib/text.zig:325:17: 0x1103f0b in expectEnd (tvg-text)                 return error.SyntaxError;                 ^ /tmp/tinyvg-sdk/src/lib/text.zig:769:25: 0x110
papirus,face-angry.svg,1592,617,961,614,1419,234,222,204,165,ok,,
papirus,face-cool.svg,1341,1091,789,688,2850,506,327,294,265,ok,,
papirus,face-crying.svg,2083,755,1356,761,0,0,0,0,0,fail,svg2tvgt,Error Context: 'M5.16 6.687c-.42-.418.074-.68.495-1.098.42-.418.608-.833 1.03-.415.42.417.42 1.095 0 1.513a1.083 1.083 0 0 1-1.525 0m5.68 0̲c.42-.418-.074-.68-.495-1.098-.42-.418-.…' Unhandled excepti
papirus,face-raspberry.svg,994,567,696,524,1276,219,187,186,134,ok,,
papirus,face-sick.svg,1362,580,775,445,0,0,0,0,0,fail,svg2tvgt,Error Context: 'M7 6.012c0 .552-.448 0-1 0s-1 .552-1 0a1 1 0 1 1 2 0m4 0̲c0 .552-.448 0-1 0s-1 .552-1 0a1 1 0 1 1…' Unhandled exception: System.InvalidOperationException: New MoveTo detected without C
papirus,face-smile-big.svg,1056,470,498,412,857,165,128,129,64,ok,,
papirus,face-smile.svg,1153,577,730,444,0,0,0,0,0,fail,svg2tvgt,Error Context: 'M7 7.012c0 .552-.448 0-1 0s-1 .552-1 0a1 1 0 1 1 2 0m4 0̲c0 .552-.448 0-1 0s-1 .552-1 0a1 1 0 1 1…' Unhandled exception: System.InvalidOperationException: New MoveTo detected without C
papirus,face-uncertain.svg,932,364,441,384,743,141,113,113,26,ok,,
papirus,factorio.svg,4099,1504,6288,3122,0,0,0,0,0,fail,svg2tvgt,Error Context: 'm5.134 23.486-.215.371c-.315.559-.177 1.332.309 1.75l4.437 3.894c.045-.613.109-1.22.2-1.824l-4.637-4.07c-.04-.036-.06-.084-.094-.122zm53.732 0c-.035.038-.055.087-.094.121l-4.637 4.07c.
papirus,fceux.svg,1348,641,2573,1427,4861,662,426,391,372,ok,,Node has unsupported transform: rotate(90)
papirus,financial-schedule.svg,866,619,1374,900,3632,616,352,312,62,ok,,
papirus,firefox-trunk.svg,4934,1662,0,0,0,0,0,0,0,no_source,source,SVG not found in current source dataset
papirus,flamerobin.svg,2746,996,3857,2347,0,0,0,0,0,fail,svg2tvgt,Error Context: 'M33.215 12.999c-2.356 0-2.675.109-2.922 1-.83 2.997.175 7.767 2.172 10.3.692.879 2.706 2.249 4.98 3.387 2.1 1.052 4.405 2.382 5.121 2.957.717.576 1.476.944 1.688.817.95-.568 1.946-4.86
papirus,flameshot.svg,2537,977,4136,2715,0,0,0,0,0,fail,svg2tvgt,Node has unsupported transform: translate(4 5)scale(.875) Node has unsupported transform: translate(4 4)scale(.875) Error Context: 'M36.486 12s.024.423.004 1.014c.017.042 2.385 6.107 2.5 12.273C39.142
papirus,flareget.svg,983,362,1592,953,2165,350,253,242,27,ok,,
papirus,flash.svg,933,419,1048,821,2233,391,277,259,27,ok,,
papirus,fluajho.svg,1174,636,1820,1242,0,0,0,0,0,fail,svg2tvgt,Error Context: 'M37 4S14 20.8 14 40.4c0 .147.016.295.02.442.429-19.315 22.861-35.754 22.962-35.828C36.99 4.479 37 4 37 4m-.018 2.03̲c-.029 2.095-.031 7.284.618 10.17 2.118 …' Unhandled exception: Syst
papirus,folder-black-activities.svg,838,581,1070,960,3541,577,353,315,62,ok,,
papirus,folder-black-books.svg,1003,768,1140,1029,0,0,0,0,0,fail,svg2tvgt,Error Context: 'M25 31c-4 0-4 2-4 2v8s0-2 4-2 6 4 6 4v-8s-2-4-6-4m14 0̲c-4 0-6 4-6 4v8s2-4 6-4 4 2 4 2v-8s0-2-4…' Unhandled exception: System.InvalidOperationException: New MoveTo detected without Clo
papirus,folder-black-cd.svg,792,557,1016,909,3438,553,349,314,56,ok,,
papirus,folder-black-development.svg,1290,730,1543,1335,4730,752,490,484,38,ok,,
papirus,folder-black-documents-open.svg,827,571,1057,924,3591,567,374,339,43,ok,,
papirus,folder-black-download.svg,778,555,997,871,3591,551,359,325,38,ok,,
papirus,folder-black-favorites.svg,838,563,1023,910,3580,555,368,345,37,ok,,
papirus,folder-black-google-drive.svg,880,571,1034,911,3681,567,371,339,38,ok,,
papirus,folder-black-image-people.svg,1507,793,1852,1465,0,0,0,0,0,fail,svg2tvgt,Error Context: 'M26.82 34.602a1 1 0 0 0-.203.07c-.645.303-.812 1.247-.371 2.121.355.703.986 1.139 1.559 1.125.43 2.337 2.147 4.082 4.187 4.082h.016c2.04 0 3.757-1.745 4.187-4.082.572.013 1.204-.422 1.
papirus,folder-black-java.svg,1379,793,1751,1391,0,0,0,0,0,fail,svg2tvgt,Error Context: 'M29 27s1.154.706.34 2.562C28.108 32.36 30.477 33 30.477 33s-.753-.656.25-2.965C31.835 27.477 29 27 29 27m4.199 3.855̲s-2.097.932-.746 3.477c.893 1.687-.098 2…' Unhandled exception: Sys
papirus,folder-black-locked.svg,987,658,1210,1009,0,0,0,0,0,fail,svg2tvgt,Error Context: 'M32 29c-3.32 0-6 2.6-6 6v2h-1c-.554 0-1 .446-1 1v10c0 .554.446 1 1 1h14c.554 0 1-.446 1-1V38c0-.554-.446-1-1-1h-1v-2c0-3.4-2.68-6-6-6m0 2̲c2.22 0 4 1.8 4 4v2h-8v-2c0-2.2 1.78-4 4…' Unh
papirus,folder-black-music.svg,888,606,1153,971,3824,632,403,357,38,ok,,
papirus,folder-black-network.svg,2165,997,2517,1886,0,0,0,0,0,fail,svg2tvgt,Error Context: 'M32 29c-5.523 0-10 4.477-10 10s4.477 10 10 10 10-4.477 10-10-4.477-10-10-10m-.714 2.768̲c.095-.01.216.006.312 0 .012.046-.069.20…' Unhandled exception: System.InvalidOperationException
papirus,folder-black-onedrive.svg,1261,803,2667,1393,0,0,0,0,0,fail,svg2tvgt,Error Context: 'M33 31a6 6 0 0 0-5.527 3.668c-.75-.43-1.6-.666-2.473-.668a5 5 0 0 0-5 5q.004.507.11 1.004L20 40a4 4 0 0 0 0 8 4 4 0 0 0 2.164-.643q-.076-.315-.117-.642l-.004-.033A6 6 0 0 1 22 46c0-2.7
papirus,folder-black-open.svg,700,505,894,797,3190,501,320,288,43,ok,,
papirus,folder-black-remote-open.svg,858,593,1121,962,3760,592,397,360,43,ok,,
papirus,folder-black-snap.svg,799,572,991,892,3694,568,368,335,74,ok,,
papirus,folder-black-sync.svg,997,664,1468,1065,0,0,0,0,0,fail,svg2tvgt,Error Context: 'M32 30a9 9 0 0 0-5.209 1.67l2.166 2.166A6 6 0 0 1 32 33a6 6 0 0 1 5.91 5H36l3.5 6 3.5-6h-2.059c-.498-4.5-4.309-8-8.941-8m-7.5 4̲L21 40h2.059c.498 4.5 4.309 8 8.941 8a9 …' Unhandled exc
papirus,folder-black-visiting.svg,995,650,1312,1043,4136,627,414,384,38,ok,,
papirus,folder-blue-apple.svg,1388,747,1633,1364,0,0,0,0,0,fail,svg2tvgt,Error Context: 'M35.98 29c-.991.035-2.195.579-2.906 1.311-.639.65-1.201 1.685-1.051 2.68 1.107.076 2.241-.495 2.93-1.227.688-.734 1.154-1.749 1.027-2.764m-.656 4.01̲c-1.315.105-2.516.969-3.196.969-.77
papirus,folder-blue-favorites.svg,838,563,1023,910,3584,555,372,351,37,ok,,
papirus,folder-blue-git.svg,1236,729,1543,1225,4508,725,443,423,39,ok,,
papirus,folder-blue-pcloud.svg,1246,818,1965,1366,0,0,0,0,0,fail,svg2tvgt,Error Context: 'M32.5 28a10.21 10.21 0 0 0-9.443 6.334A7.857 7.857 0 0 0 16 42.143 7.857 7.857 0 0 0 23.857 50h18.465a5.106 5.106 0 0 0 5.106-5.107c0-1.929-1.08-3.588-2.657-4.457a4.7 4.7 0 0 0 1.086-3
papirus,folder-blue-pictures.svg,850,609,1166,976,3879,605,401,369,38,ok,,
papirus,folder-blue-videos-open.svg,865,593,1103,956,3728,589,394,368,53,ok,,
papirus,folder-blue-wifi.svg,806,554,1012,900,3472,549,366,336,38,ok,,
papirus,folder-blue.svg,700,505,894,797,3191,501,326,290,38,ok,,
papirus,folder-bluegrey-apple.svg,1388,747,1633,1364,0,0,0,0,0,fail,svg2tvgt,Error Context: 'M35.98 29c-.991.035-2.195.579-2.906 1.311-.639.65-1.201 1.685-1.051 2.68 1.107.076 2.241-.495 2.93-1.227.688-.734 1.154-1.749 1.027-2.764m-.656 4.01̲c-1.315.105-2.516.969-3.196.969-.77
papirus,folder-bluegrey-applications.svg,1292,802,1714,1266,4807,801,508,461,38,ok,,
papirus,folder-bluegrey-development.svg,1290,730,1543,1335,4734,752,492,490,38,ok,,
papirus,folder-bluegrey-documents.svg,830,574,1076,924,3595,567,378,349,38,ok,,
papirus,folder-bluegrey-download.svg,778,555,997,871,3595,551,361,334,38,ok,,
papirus,folder-bluegrey-drag-accept.svg,628,429,810,715,2667,425,268,251,40,ok,,
papirus,folder-bluegrey-games.svg,1843,927,2200,1487,0,0,0,0,0,fail,svg2tvgt,Error Context: 'M26.73 31c-.302.001-.651.097-1.007.301-1.297.73-2.491 3.122-3.139 6.222-.553 2.634-.755 6.232-.426 7.68.287 1.245.782 1.797 1.664 1.797 1.308-.024 2.953-1.581 3.994-3.676.754-1.159 2.5
papirus,folder-bluegrey-image-people.svg,1507,793,1852,1465,0,0,0,0,0,fail,svg2tvgt,Error Context: 'M26.82 34.602a1 1 0 0 0-.203.07c-.645.303-.812 1.247-.371 2.121.355.703.986 1.139 1.559 1.125.43 2.337 2.147 4.082 4.187 4.082h.016c2.04 0 3.757-1.745 4.187-4.082.572.013 1.204-.422 1.
papirus,folder-bluegrey-important.svg,821,587,1214,951,0,0,0,0,0,fail,svg2tvgt,Error Context: 'M32 29c-5.523 0-10 4.477-10 10s4.477 10 10 10 10-4.477 10-10-4.477-10-10-10m-1 4̲h2v8h-2zm1 10a1 1 0 1 1 0 2 1 1 0 0 1 0-…' Unhandled exception: System.InvalidOperationException: New M
papirus,folder-bluegrey-kde.svg,1722,918,2541,1571,5751,902,665,635,38,ok,,
papirus,folder-bluegrey-mail.svg,971,674,1717,1240,0,0,0,0,0,fail,svg2tvgt,Error Context: 'M32 27c-6.627 0-12 5.373-12 12s5.373 12 12 12h7.5s1.406-.601 1.5-2.101c0-1.5-1.5-1.899-1.5-1.899H32a8 8 0 0 1-1.165-.094c-1.399-.159-2.511-.598-3.351-1.304l-.012-.008A8 8 0 1 1 39.999
papirus,folder-bluegrey-photo.svg,918,624,1204,1013,3959,644,417,394,38,ok,,
papirus,folder-bluegrey-print.svg,875,621,1163,1011,4023,617,411,380,38,ok,,
papirus,folder-bluegrey-publicshare-open.svg,1507,793,1641,1330,0,0,0,0,0,fail,svg2tvgt,Error Context: 'M26.82 37.602a1 1 0 0 0-.202.07c-.646.302-.814 1.246-.372 2.12.356.704.986 1.14 1.558 1.126C28.236 43.256 29.952 45 32 45s3.764-1.744 4.196-4.082c.572.014 1.202-.422 1.558-1.126.442-.8
papirus,folder-bluegrey-videos-open.svg,865,593,1103,956,3728,589,393,370,53,ok,,
papirus,folder-bluegrey-visiting.svg,995,650,1312,1043,4140,627,417,394,38,ok,,
papirus,folder-bluegrey-wine.svg,840,592,1152,939,3707,585,386,357,38,ok,,
papirus,folder-bluegrey.svg,700,505,894,797,3191,501,326,291,38,ok,,
papirus,folder-breeze-backup.svg,1254,750,1857,1260,0,0,0,0,0,fail,svg2tvgt,Error Context: 'M32.414 29.008A10.01 10.01 0 0 0 22 39h-2l3 3 3-3h-2a7.99 7.99 0 0 1 6.275-7.812 7.99 7.99 0 0 1 8.989 4.458 7.99 7.99 0 0 1-2.436 9.733 7.99 7.99 0 0 1-10.03-.3c-1.013-.867-2.312.655-
papirus,folder-breeze-code.svg,927,602,1141,968,3826,585,393,373,38,ok,,
papirus,folder-breeze-copy-cloud.svg,906,605,0,0,0,0,0,0,0,no_source,source,SVG not found in current source dataset
papirus,folder-breeze-development.svg,1290,730,1543,1335,4734,752,490,489,38,ok,,
papirus,folder-breeze-documents-open.svg,827,571,1057,924,3595,567,376,351,43,ok,,
papirus,folder-breeze-download-open.svg,778,555,997,871,3595,551,359,329,43,ok,,
papirus,folder-breeze-drag-accept.svg,628,429,810,715,2669,425,267,249,40,ok,,
papirus,folder-breeze-gnome.svg,1448,774,1747,1464,0,0,0,0,0,fail,svg2tvgt,Error Context: 'M39.905 26c-5.078 0-6.03 7.717-3.173 7.717 2.856 0 8.252-7.717 3.173-7.717m-7.822 1.187̲q-.12.002-.256.017c-2.879.363-1.866 5.23…' Unhandled exception: System.InvalidOperationException
papirus,folder-breeze-google-drive.svg,880,571,1034,911,3685,567,372,344,38,ok,,
papirus,folder-breeze-locked.svg,987,658,1210,1009,0,0,0,0,0,fail,svg2tvgt,Error Context: 'M32 29c-3.32 0-6 2.6-6 6v2h-1c-.554 0-1 .446-1 1v10c0 .554.446 1 1 1h14c.554 0 1-.446 1-1V38c0-.554-.446-1-1-1h-1v-2c0-3.4-2.68-6-6-6m0 2̲c2.22 0 4 1.8 4 4v2h-8v-2c0-2.2 1.78-4 4…' Unh
papirus,folder-breeze-mail.svg,971,674,1717,1240,0,0,0,0,0,fail,svg2tvgt,Error Context: 'M32 27c-6.627 0-12 5.373-12 12s5.373 12 12 12h7.5s1.406-.601 1.5-2.101c0-1.5-1.5-1.899-1.5-1.899H32a8 8 0 0 1-1.165-.094c-1.399-.159-2.511-.598-3.351-1.304l-.012-.008A8 8 0 1 1 39.999
papirus,folder-breeze-music-open.svg,888,606,1153,971,3828,632,400,364,94,ok,,
papirus,folder-breeze-music.svg,888,606,1153,971,3828,632,406,363,38,ok,,
papirus,folder-breeze-pictures.svg,850,609,1166,976,3879,605,401,370,38,ok,,
papirus,folder-breeze-sync.svg,997,664,1468,1065,0,0,0,0,0,fail,svg2tvgt,Error Context: 'M32 30a9 9 0 0 0-5.209 1.67l2.166 2.166A6 6 0 0 1 32 33a6 6 0 0 1 5.91 5H36l3.5 6 3.5-6h-2.059c-.498-4.5-4.309-8-8.941-8m-7.5 4̲L21 40h2.059c.498 4.5 4.309 8 8.941 8a9 …' Unhandled exc
papirus,folder-breeze-templates-open.svg,1029,785,1546,1168,6176,871,475,424,47,ok,,
papirus,folder-brown-copy-cloud.svg,906,605,0,0,0,0,0,0,0,no_source,source,SVG not found in current source dataset
papirus,folder-brown-documents.svg,830,574,1076,924,3596,567,378,349,48,ok,,
papirus,folder-brown-favorites.svg,838,563,1023,910,3585,555,373,349,47,ok,,
papirus,folder-brown-games.svg,1843,927,2200,1487,0,0,0,0,0,fail,svg2tvgt,Error Context: 'M26.73 31c-.302.001-.651.097-1.007.301-1.297.73-2.491 3.122-3.139 6.222-.553 2.634-.755 6.232-.426 7.68.287 1.245.782 1.797 1.664 1.797 1.308-.024 2.953-1.581 3.994-3.676.754-1.159 2.5
papirus,folder-brown-gitlab.svg,1096,673,1432,1093,0,0,0,0,0,fail,svg2tvgt,Error Context: 'M25.11 29a.41.41 0 0 0-.398.286L22.473 36h5.476l-2.44-6.714a.41.41 0 0 0-.398-.286m2.839 7̲L32 49l4.051-13Zm8.102 0h5.476l-2.239-6.…' Unhandled exception: System.InvalidOperationExcept
papirus,folder-brown-gnome.svg,1448,774,1747,1464,0,0,0,0,0,fail,svg2tvgt,Error Context: 'M39.905 26c-5.078 0-6.03 7.717-3.173 7.717 2.856 0 8.252-7.717 3.173-7.717m-7.822 1.187̲q-.12.002-.256.017c-2.879.363-1.866 5.23…' Unhandled exception: System.InvalidOperationException
papirus,folder-brown-image-people.svg,1507,793,1852,1465,0,0,0,0,0,fail,svg2tvgt,Error Context: 'M26.82 34.602a1 1 0 0 0-.203.07c-.645.303-.812 1.247-.371 2.121.355.703.986 1.139 1.559 1.125.43 2.337 2.147 4.082 4.187 4.082h.016c2.04 0 3.757-1.745 4.187-4.082.572.013 1.204-.422 1.
papirus,folder-brown-pictures-open.svg,850,609,1124,976,3863,605,401,371,53,ok,,
papirus,folder-brown-remote-open.svg,858,593,1121,962,3765,592,400,377,53,ok,,
papirus,folder-brown-script.svg,1091,717,1504,1176,4485,713,478,453,48,ok,,
papirus,folder-brown-steam.svg,1194,750,1777,1263,0,0,0,0,0,fail,svg2tvgt,Error Context: 'm16 42.112 6.016 3.474Q22 45.793 22 46a6 6 0 1 0 12 0 6 6 0 0 0-.066-.816l7.276-5.196A7 7 0 0 0 48 33a7 7 0 1 0-14 .028l-4.644 7.136A6 6 0 0 0 28 40c-.906.002-1.8.21-2.614.606L16 35.18
papirus,folder-brown-syncthing.svg,1081,698,1663,1294,0,0,0,0,0,fail,svg2tvgt,Error Context: 'M32 27c-6.627 0-12 5.373-12 12s5.373 12 12 12 12-5.373 12-12-5.373-12-12-12m0 2̲c5.523 0 10 4.477 10 10s-4.477 10-10 10-…' Unhandled exception: System.InvalidOperationException: New Mo
papirus,folder-brown-torrent.svg,969,688,1511,1108,0,0,0,0,0,fail,svg2tvgt,Error Context: 'M32 27a12 12 0 0 0-12 12 12 12 0 0 0 12 12h25v-2H32a10 10 0 0 1-10-10 10 10 0 0 1 10-10zm0 3a9 9 0 1 0 0 18h25v-2H32a7 7 0 0 1 0-14 7 7 0 0 1 3 .686v-2.16A9 9 0 0 0 32 30m0 3̲a6 6 0 0
papirus,folder-brown-videos-open.svg,865,593,1103,956,3729,589,393,368,63,ok,,
papirus,folder-carmine-backup.svg,1254,750,1857,1260,0,0,0,0,0,fail,svg2tvgt,Error Context: 'M32.414 29.008A10.01 10.01 0 0 0 22 39h-2l3 3 3-3h-2a7.99 7.99 0 0 1 6.275-7.812 7.99 7.99 0 0 1 8.989 4.458 7.99 7.99 0 0 1-2.436 9.733 7.99 7.99 0 0 1-10.03-.3c-1.013-.867-2.312.655-
papirus,folder-carmine-cd.svg,792,557,1016,909,3419,553,341,317,57,ok,,
papirus,folder-carmine-copy-cloud.svg,906,605,0,0,0,0,0,0,0,no_source,source,SVG not found in current source dataset
papirus,folder-carmine-locked.svg,987,658,1210,1009,0,0,0,0,0,fail,svg2tvgt,Error Context: 'M32 29c-3.32 0-6 2.6-6 6v2h-1c-.554 0-1 .446-1 1v10c0 .554.446 1 1 1h14c.554 0 1-.446 1-1V38c0-.554-.446-1-1-1h-1v-2c0-3.4-2.68-6-6-6m0 2̲c2.22 0 4 1.8 4 4v2h-8v-2c0-2.2 1.78-4 4…' Unh
papirus,folder-carmine-music.svg,888,606,1153,971,3805,632,398,360,38,ok,,
papirus,folder-carmine-pcloud.svg,1246,818,1965,1366,0,0,0,0,0,fail,svg2tvgt,Error Context: 'M32.5 28a10.21 10.21 0 0 0-9.443 6.334A7.857 7.857 0 0 0 16 42.143 7.857 7.857 0 0 0 23.857 50h18.465a5.106 5.106 0 0 0 5.106-5.107c0-1.929-1.08-3.588-2.657-4.457a4.7 4.7 0 0 0 1.086-3
papirus,folder-carmine-photo.svg,918,624,1204,1013,3936,644,407,384,39,ok,,
papirus,folder-carmine-private.svg,892,605,1213,955,0,0,0,0,0,fail,svg2tvgt,Error Context: 'M27 33a6 6 0 1 0 0 12 5.995 5.995 0 0 0 5.648-4H37v2h4v-2h2v-4H32.648A5.995 5.995 0 0 0 27 33m0 4̲a2 2 0 1 1 0 4 2 2 0 0 1 0-4' Unhandled exception: System.InvalidOperationException: N
papirus,folder-carmine-script.svg,1091,717,1504,1176,4461,713,471,442,39,ok,,
papirus,folder-carmine-torrent.svg,969,688,1511,1108,0,0,0,0,0,fail,svg2tvgt,Error Context: 'M32 27a12 12 0 0 0-12 12 12 12 0 0 0 12 12h25v-2H32a10 10 0 0 1-10-10 10 10 0 0 1 10-10zm0 3a9 9 0 1 0 0 18h25v-2H32a7 7 0 0 1 0-14 7 7 0 0 1 3 .686v-2.16A9 9 0 0 0 32 30m0 3̲a6 6 0 0
papirus,folder-carmine-videos-open.svg,865,593,1103,956,3705,589,386,363,53,ok,,
papirus,folder-custom-arduino.svg,2282,1109,0,0,0,0,0,0,0,no_source,source,SVG not found in current source dataset
papirus,folder-custom-copy-cloud.svg,915,605,0,0,0,0,0,0,0,no_source,source,SVG not found in current source dataset
papirus,folder-custom-drag-accept.svg,637,429,0,0,0,0,0,0,0,no_source,source,SVG not found in current source dataset
papirus,folder-custom-dropbox.svg,894,630,0,0,0,0,0,0,0,no_source,source,SVG not found in current source dataset
papirus,folder-custom-git.svg,1245,729,0,0,0,0,0,0,0,no_source,source,SVG not found in current source dataset
papirus,folder-custom-gnome.svg,1457,774,0,0,0,0,0,0,0,no_source,source,SVG not found in current source dataset
papirus,folder-custom-kde.svg,1731,918,0,0,0,0,0,0,0,no_source,source,SVG not found in current source dataset
papirus,folder-custom-mega.svg,827,589,0,0,0,0,0,0,0,no_source,source,SVG not found in current source dataset
papirus,folder-custom-music.svg,897,606,0,0,0,0,0,0,0,no_source,source,SVG not found in current source dataset
papirus,folder-custom-pcloud.svg,1255,818,0,0,0,0,0,0,0,no_source,source,SVG not found in current source dataset
papirus,folder-custom-private.svg,901,605,0,0,0,0,0,0,0,no_source,source,SVG not found in current source dataset
papirus,folder-custom-projects.svg,1296,792,0,0,0,0,0,0,0,no_source,source,SVG not found in current source dataset
papirus,folder-custom-syncthing.svg,1090,698,0,0,0,0,0,0,0,no_source,source,SVG not found in current source dataset
papirus,folder-custom-templates.svg,1038,785,0,0,0,0,0,0,0,no_source,source,SVG not found in current source dataset
papirus,folder-custom-torrent.svg,978,688,0,0,0,0,0,0,0,no_source,source,SVG not found in current source dataset
papirus,folder-custom-unlocked.svg,979,652,0,0,0,0,0,0,0,no_source,source,SVG not found in current source dataset
papirus,folder-custom-visiting.svg,1004,650,0,0,0,0,0,0,0,no_source,source,SVG not found in current source dataset
papirus,folder-custom-wifi.svg,815,554,0,0,0,0,0,0,0,no_source,source,SVG not found in current source dataset
papirus,folder-cyan-apple.svg,1388,747,1633,1364,0,0,0,0,0,fail,svg2tvgt,Error Context: 'M35.98 29c-.991.035-2.195.579-2.906 1.311-.639.65-1.201 1.685-1.051 2.68 1.107.076 2.241-.495 2.93-1.227.688-.734 1.154-1.749 1.027-2.764m-.656 4.01̲c-1.315.105-2.516.969-3.196.969-.77
papirus,folder-cyan-backup.svg,1254,750,1857,1260,0,0,0,0,0,fail,svg2tvgt,Error Context: 'M32.414 29.008A10.01 10.01 0 0 0 22 39h-2l3 3 3-3h-2a7.99 7.99 0 0 1 6.275-7.812 7.99 7.99 0 0 1 8.989 4.458 7.99 7.99 0 0 1-2.436 9.733 7.99 7.99 0 0 1-10.03-.3c-1.013-.867-2.312.655-
papirus,folder-cyan-cd.svg,792,557,1016,909,3413,553,347,325,56,ok,,
papirus,folder-cyan-download.svg,778,555,997,871,3566,551,359,330,38,ok,,
papirus,folder-cyan-games.svg,1843,927,2200,1487,0,0,0,0,0,fail,svg2tvgt,Error Context: 'M26.73 31c-.302.001-.651.097-1.007.301-1.297.73-2.491 3.122-3.139 6.222-.553 2.634-.755 6.232-.426 7.68.287 1.245.782 1.797 1.664 1.797 1.308-.024 2.953-1.581 3.994-3.676.754-1.159 2.5
papirus,folder-cyan-github.svg,1637,836,2161,1537,5206,833,622,601,38,ok,,
papirus,folder-cyan-important.svg,821,587,1214,951,0,0,0,0,0,fail,svg2tvgt,Error Context: 'M32 29c-5.523 0-10 4.477-10 10s4.477 10 10 10 10-4.477 10-10-4.477-10-10-10m-1 4̲h2v8h-2zm1 10a1 1 0 1 1 0 2 1 1 0 0 1 0-…' Unhandled exception: System.InvalidOperationException: New M
papirus,folder-cyan-locked.svg,987,658,1210,1009,0,0,0,0,0,fail,svg2tvgt,Error Context: 'M32 29c-3.32 0-6 2.6-6 6v2h-1c-.554 0-1 .446-1 1v10c0 .554.446 1 1 1h14c.554 0 1-.446 1-1V38c0-.554-.446-1-1-1h-1v-2c0-3.4-2.68-6-6-6m0 2̲c2.22 0 4 1.8 4 4v2h-8v-2c0-2.2 1.78-4 4…' Unh
papirus,folder-cyan-mail.svg,971,674,1717,1240,0,0,0,0,0,fail,svg2tvgt,Error Context: 'M32 27c-6.627 0-12 5.373-12 12s5.373 12 12 12h7.5s1.406-.601 1.5-2.101c0-1.5-1.5-1.899-1.5-1.899H32a8 8 0 0 1-1.165-.094c-1.399-.159-2.511-.598-3.351-1.304l-.012-.008A8 8 0 1 1 39.999
papirus,folder-cyan-network.svg,2165,997,2517,1886,0,0,0,0,0,fail,svg2tvgt,Error Context: 'M32 29c-5.523 0-10 4.477-10 10s4.477 10 10 10 10-4.477 10-10-4.477-10-10-10m-.714 2.768̲c.095-.01.216.006.312 0 .012.046-.069.20…' Unhandled exception: System.InvalidOperationException
papirus,folder-cyan-open.svg,700,505,894,797,3172,501,322,292,43,ok,,
papirus,folder-cyan-recent.svg,891,641,1158,987,0,0,0,0,0,fail,svg2tvgt,Error Context: 'M32 27a12 12 0 0 0-12 12 12 12 0 0 0 12 12 12 12 0 0 0 12-12 12 12 0 0 0-12-12m0 3̲a9 9 0 0 1 9 9 9 9 0 0 1-9 9 9 9 0 0 1-9…' Unhandled exception: System.InvalidOperationException: New
papirus,folder-cyan-visiting.svg,995,650,1312,1043,4111,627,414,387,38,ok,,
papirus,folder-darkcyan-arduino.svg,2273,1109,3148,2188,7201,1174,836,790,467,ok,,
papirus,folder-darkcyan-development.svg,1290,730,1543,1335,4733,752,491,478,38,ok,,
papirus,folder-darkcyan-documents-open.svg,827,571,1057,924,3594,567,375,346,43,ok,,
papirus,folder-darkcyan-download.svg,778,555,997,871,3594,551,360,329,38,ok,,
papirus,folder-darkcyan-drag-accept.svg,628,429,810,715,2666,425,267,247,40,ok,,
papirus,folder-darkcyan-games.svg,1843,927,2200,1487,0,0,0,0,0,fail,svg2tvgt,Error Context: 'M26.73 31c-.302.001-.651.097-1.007.301-1.297.73-2.491 3.122-3.139 6.222-.553 2.634-.755 6.232-.426 7.68.287 1.245.782 1.797 1.664 1.797 1.308-.024 2.953-1.581 3.994-3.676.754-1.159 2.5
papirus,folder-darkcyan-gitlab.svg,1096,673,1432,1093,0,0,0,0,0,fail,svg2tvgt,Error Context: 'M25.11 29a.41.41 0 0 0-.398.286L22.473 36h5.476l-2.44-6.714a.41.41 0 0 0-.398-.286m2.839 7̲L32 49l4.051-13Zm8.102 0h5.476l-2.239-6.…' Unhandled exception: System.InvalidOperationExcept
papirus,folder-darkcyan-meocloud.svg,1259,748,1695,1309,0,0,0,0,0,fail,svg2tvgt,Error Context: 'M34.398 31a6.39 6.39 0 0 0-5.695 3.496 4 4 0 0 0-1.504-.297 3.995 3.995 0 0 0-3.957 3.465A4.8 4.8 0 0 0 20 42.199 4.8 4.8 0 0 0 24.801 47h14.398A4.8 4.8 0 0 0 44 42.199a4.795 4.795 0 0
papirus,folder-darkcyan-network.svg,2165,997,2517,1886,0,0,0,0,0,fail,svg2tvgt,Error Context: 'M32 29c-5.523 0-10 4.477-10 10s4.477 10 10 10 10-4.477 10-10-4.477-10-10-10m-.714 2.768̲c.095-.01.216.006.312 0 .012.046-.069.20…' Unhandled exception: System.InvalidOperationException
papirus,folder-darkcyan-onedrive.svg,1261,803,2667,1393,0,0,0,0,0,fail,svg2tvgt,Error Context: 'M33 31a6 6 0 0 0-5.527 3.668c-.75-.43-1.6-.666-2.473-.668a5 5 0 0 0-5 5q.004.507.11 1.004L20 40a4 4 0 0 0 0 8 4 4 0 0 0 2.164-.643q-.076-.315-.117-.642l-.004-.033A6 6 0 0 1 22 46c0-2.7
papirus,folder-darkcyan-private.svg,892,605,1213,955,0,0,0,0,0,fail,svg2tvgt,Error Context: 'M27 33a6 6 0 1 0 0 12 5.995 5.995 0 0 0 5.648-4H37v2h4v-2h2v-4H32.648A5.995 5.995 0 0 0 27 33m0 4̲a2 2 0 1 1 0 4 2 2 0 0 1 0-4' Unhandled exception: System.InvalidOperationException: N
papirus,folder-darkcyan-steam.svg,1194,750,1777,1263,0,0,0,0,0,fail,svg2tvgt,Error Context: 'm16 42.112 6.016 3.474Q22 45.793 22 46a6 6 0 1 0 12 0 6 6 0 0 0-.066-.816l7.276-5.196A7 7 0 0 0 48 33a7 7 0 1 0-14 .028l-4.644 7.136A6 6 0 0 0 28 40c-.906.002-1.8.21-2.614.606L16 35.18
papirus,folder-darkcyan-tar.svg,1205,849,1454,1108,0,0,0,0,0,fail,svg2tvgt,Error Context: 'M32 23v2h2v-2Zm0 2h-2v2h2Zm0 2v2h2v-2Zm0 2h-2v2h2Zm0 2v2c1.104 0 2-1 2-2Zm0 2c-2.21 0-4 1.8-4 4v8c0 2.2 1.79 4 4 4s4-1.8 4-4v-8c0-2.2-1.79-4-4-4m0 2̲c1.104 0 2 .8 2 2 0 1-.896 2-2 2s-2
papirus,folder-darkcyan-templates.svg,1029,785,1940,1168,6175,871,476,432,39,ok,,
papirus,folder-darkcyan-torrent.svg,969,688,1511,1108,0,0,0,0,0,fail,svg2tvgt,Error Context: 'M32 27a12 12 0 0 0-12 12 12 12 0 0 0 12 12h25v-2H32a10 10 0 0 1-10-10 10 10 0 0 1 10-10zm0 3a9 9 0 1 0 0 18h25v-2H32a7 7 0 0 1 0-14 7 7 0 0 1 3 .686v-2.16A9 9 0 0 0 32 30m0 3̲a6 6 0 0
papirus,folder-deeporange-backup.svg,1254,750,1857,1260,0,0,0,0,0,fail,svg2tvgt,Error Context: 'M32.414 29.008A10.01 10.01 0 0 0 22 39h-2l3 3 3-3h-2a7.99 7.99 0 0 1 6.275-7.812 7.99 7.99 0 0 1 8.989 4.458 7.99 7.99 0 0 1-2.436 9.733 7.99 7.99 0 0 1-10.03-.3c-1.013-.867-2.312.655-
papirus,folder-deeporange-development.svg,1290,730,1543,1335,4727,752,488,473,38,ok,,
papirus,folder-deeporange-documents.svg,830,574,1076,924,3588,567,378,350,38,ok,,
papirus,folder-deeporange-drag-accept.svg,628,429,810,715,2660,425,266,248,40,ok,,
papirus,folder-deeporange-github.svg,1637,836,2161,1537,5228,833,622,598,38,ok,,
papirus,folder-deeporange-image-people.svg,1507,793,1852,1465,0,0,0,0,0,fail,svg2tvgt,Error Context: 'M26.82 34.602a1 1 0 0 0-.203.07c-.645.303-.812 1.247-.371 2.121.355.703.986 1.139 1.559 1.125.43 2.337 2.147 4.082 4.187 4.082h.016c2.04 0 3.757-1.745 4.187-4.082.572.013 1.204-.422 1.
papirus,folder-deeporange-onedrive.svg,1261,803,2667,1393,0,0,0,0,0,fail,svg2tvgt,Error Context: 'M33 31a6 6 0 0 0-5.527 3.668c-.75-.43-1.6-.666-2.473-.668a5 5 0 0 0-5 5q.004.507.11 1.004L20 40a4 4 0 0 0 0 8 4 4 0 0 0 2.164-.643q-.076-.315-.117-.642l-.004-.033A6 6 0 0 1 22 46c0-2.7
papirus,folder-deeporange-pictures-open.svg,850,609,1124,976,3855,605,402,370,43,ok,,
papirus,folder-deeporange-pictures.svg,850,609,1166,976,3872,605,401,376,38,ok,,
papirus,folder-deeporange-projects.svg,1287,792,1599,1310,0,0,0,0,0,fail,svg2tvgt,Error Context: 'M35 28c-.437.163-.888.374-1.25.674-1.725 1.387-1.374 4.275.314 5.7.35.3.511.439.936.626v3c1.421.687 2 1 3.06 2.014.685.784.679.887.94 1.376V35c.425-.162.824-.338 1.186-.626C42 33 41.92
papirus,folder-deeporange-syncthing.svg,1081,698,1663,1294,0,0,0,0,0,fail,svg2tvgt,Error Context: 'M32 27c-6.627 0-12 5.373-12 12s5.373 12 12 12 12-5.373 12-12-5.373-12-12-12m0 2̲c5.523 0 10 4.477 10 10s-4.477 10-10 10-…' Unhandled exception: System.InvalidOperationException: New Mo
papirus,folder-deeporange-templates.svg,1029,785,1940,1168,6169,871,480,436,38,ok,,
papirus,folder-deeporange-unlocked.svg,970,652,1197,992,3897,641,422,391,38,ok,,
papirus,folder-deeporange-visiting.svg,995,650,1312,1043,4133,627,415,396,38,ok,,
papirus,folder-green-backup.svg,1254,750,1857,1260,0,0,0,0,0,fail,svg2tvgt,Error Context: 'M32.414 29.008A10.01 10.01 0 0 0 22 39h-2l3 3 3-3h-2a7.99 7.99 0 0 1 6.275-7.812 7.99 7.99 0 0 1 8.989 4.458 7.99 7.99 0 0 1-2.436 9.733 7.99 7.99 0 0 1-10.03-.3c-1.013-.867-2.312.655-
papirus,folder-green-books.svg,1003,768,1140,1029,0,0,0,0,0,fail,svg2tvgt,Error Context: 'M25 31c-4 0-4 2-4 2v8s0-2 4-2 6 4 6 4v-8s-2-4-6-4m14 0̲c-4 0-6 4-6 4v8s2-4 6-4 4 2 4 2v-8s0-2-4…' Unhandled exception: System.InvalidOperationException: New MoveTo detected without Clo
papirus,folder-green-development.svg,1290,730,1543,1335,4734,752,492,489,38,ok,,
papirus,folder-green-favorites.svg,838,563,1023,910,3584,555,372,354,37,ok,,
papirus,folder-green-github.svg,1637,836,2161,1537,5235,833,624,593,38,ok,,
papirus,folder-green-kde.svg,1722,918,2541,1571,5751,902,665,635,38,ok,,
papirus,folder-green-mail.svg,971,674,1717,1240,0,0,0,0,0,fail,svg2tvgt,Error Context: 'M32 27c-6.627 0-12 5.373-12 12s5.373 12 12 12h7.5s1.406-.601 1.5-2.101c0-1.5-1.5-1.899-1.5-1.899H32a8 8 0 0 1-1.165-.094c-1.399-.159-2.511-.598-3.351-1.304l-.012-.008A8 8 0 1 1 39.999
papirus,folder-green-publicshare-open.svg,1507,793,1641,1330,0,0,0,0,0,fail,svg2tvgt,Error Context: 'M26.82 37.602a1 1 0 0 0-.202.07c-.646.302-.814 1.246-.372 2.12.356.704.986 1.14 1.558 1.126C28.236 43.256 29.952 45 32 45s3.764-1.744 4.196-4.082c.572.014 1.202-.422 1.558-1.126.442-.8
papirus,folder-green-recent.svg,891,641,1158,987,0,0,0,0,0,fail,svg2tvgt,Error Context: 'M32 27a12 12 0 0 0-12 12 12 12 0 0 0 12 12 12 12 0 0 0 12-12 12 12 0 0 0-12-12m0 3̲a9 9 0 0 1 9 9 9 9 0 0 1-9 9 9 9 0 0 1-9…' Unhandled exception: System.InvalidOperationException: New
papirus,folder-green-script.svg,1091,717,1504,1176,4484,713,479,452,39,ok,,
papirus,folder-green-templates-open.svg,1029,785,1546,1168,6176,871,476,427,47,ok,,
papirus,folder-green-torrent.svg,969,688,1511,1108,0,0,0,0,0,fail,svg2tvgt,Error Context: 'M32 27a12 12 0 0 0-12 12 12 12 0 0 0 12 12h25v-2H32a10 10 0 0 1-10-10 10 10 0 0 1 10-10zm0 3a9 9 0 1 0 0 18h25v-2H32a7 7 0 0 1 0-14 7 7 0 0 1 3 .686v-2.16A9 9 0 0 0 32 30m0 3̲a6 6 0 0
papirus,folder-green-video.svg,874,601,1142,958,3730,589,392,362,38,ok,,
papirus,folder-grey-apple.svg,1388,747,1633,1364,0,0,0,0,0,fail,svg2tvgt,Error Context: 'M35.98 29c-.991.035-2.195.579-2.906 1.311-.639.65-1.201 1.685-1.051 2.68 1.107.076 2.241-.495 2.93-1.227.688-.734 1.154-1.749 1.027-2.764m-.656 4.01̲c-1.315.105-2.516.969-3.196.969-.77
papirus,folder-grey-backup.svg,1254,750,1857,1260,0,0,0,0,0,fail,svg2tvgt,Error Context: 'M32.414 29.008A10.01 10.01 0 0 0 22 39h-2l3 3 3-3h-2a7.99 7.99 0 0 1 6.275-7.812 7.99 7.99 0 0 1 8.989 4.458 7.99 7.99 0 0 1-2.436 9.733 7.99 7.99 0 0 1-10.03-.3c-1.013-.867-2.312.655-
papirus,folder-grey-documents.svg,830,574,1076,924,3594,567,374,340,38,ok,,
papirus,folder-grey-download-open.svg,778,555,997,871,3594,551,357,325,43,ok,,
papirus,folder-grey-favorites.svg,838,563,1023,910,3583,555,365,346,37,ok,,
papirus,folder-grey-games.svg,1843,927,2200,1487,0,0,0,0,0,fail,svg2tvgt,Error Context: 'M26.73 31c-.302.001-.651.097-1.007.301-1.297.73-2.491 3.122-3.139 6.222-.553 2.634-.755 6.232-.426 7.68.287 1.245.782 1.797 1.664 1.797 1.308-.024 2.953-1.581 3.994-3.676.754-1.159 2.5
papirus,folder-grey-github.svg,1637,836,2161,1537,5234,833,624,586,38,ok,,
papirus,folder-grey-gitlab.svg,1096,673,1432,1093,0,0,0,0,0,fail,svg2tvgt,Error Context: 'M25.11 29a.41.41 0 0 0-.398.286L22.473 36h5.476l-2.44-6.714a.41.41 0 0 0-.398-.286m2.839 7̲L32 49l4.051-13Zm8.102 0h5.476l-2.239-6.…' Unhandled exception: System.InvalidOperationExcept
papirus,folder-grey-important.svg,821,587,1214,951,0,0,0,0,0,fail,svg2tvgt,Error Context: 'M32 29c-5.523 0-10 4.477-10 10s4.477 10 10 10 10-4.477 10-10-4.477-10-10-10m-1 4̲h2v8h-2zm1 10a1 1 0 1 1 0 2 1 1 0 0 1 0-…' Unhandled exception: System.InvalidOperationException: New M
papirus,folder-grey-mail.svg,971,674,1717,1240,0,0,0,0,0,fail,svg2tvgt,Error Context: 'M32 27c-6.627 0-12 5.373-12 12s5.373 12 12 12h7.5s1.406-.601 1.5-2.101c0-1.5-1.5-1.899-1.5-1.899H32a8 8 0 0 1-1.165-.094c-1.399-.159-2.511-.598-3.351-1.304l-.012-.008A8 8 0 1 1 39.999
papirus,folder-grey-nextcloud.svg,1152,836,1384,1195,0,0,0,0,0,fail,svg2tvgt,Error Context: 'M46 33a6 6 0 0 0-6 6 6 6 0 0 0 6 6 6 6 0 0 0 6-6 6 6 0 0 0-6-6m0 4̲a2 2 0 0 1 2 2 2 2 0 0 1-2 2 2 2 0 0 1-2…' Unhandled exception: System.InvalidOperationException: New MoveTo detected
papirus,folder-grey-onedrive.svg,1261,803,2667,1393,0,0,0,0,0,fail,svg2tvgt,Error Context: 'M33 31a6 6 0 0 0-5.527 3.668c-.75-.43-1.6-.666-2.473-.668a5 5 0 0 0-5 5q.004.507.11 1.004L20 40a4 4 0 0 0 0 8 4 4 0 0 0 2.164-.643q-.076-.315-.117-.642l-.004-.033A6 6 0 0 1 22 46c0-2.7
papirus,folder-grey-photo.svg,918,624,1204,1013,3958,644,412,384,38,ok,,
papirus,folder-grey-print.svg,875,621,1163,1011,4022,617,408,375,38,ok,,
papirus,folder-grey-private.svg,892,605,1213,955,0,0,0,0,0,fail,svg2tvgt,Error Context: 'M27 33a6 6 0 1 0 0 12 5.995 5.995 0 0 0 5.648-4H37v2h4v-2h2v-4H32.648A5.995 5.995 0 0 0 27 33m0 4̲a2 2 0 1 1 0 4 2 2 0 0 1 0-4' Unhandled exception: System.InvalidOperationException: N
papirus,folder-grey-recent.svg,891,641,1158,987,0,0,0,0,0,fail,svg2tvgt,Error Context: 'M32 27a12 12 0 0 0-12 12 12 12 0 0 0 12 12 12 12 0 0 0 12-12 12 12 0 0 0-12-12m0 3̲a9 9 0 0 1 9 9 9 9 0 0 1-9 9 9 9 0 0 1-9…' Unhandled exception: System.InvalidOperationException: New
papirus,folder-grey-remote-open.svg,858,593,1121,962,3763,592,397,367,43,ok,,
papirus,folder-grey-remote.svg,858,593,1121,962,3763,592,399,366,38,ok,,
papirus,folder-grey-steam.svg,1194,750,1777,1263,0,0,0,0,0,fail,svg2tvgt,Error Context: 'm16 42.112 6.016 3.474Q22 45.793 22 46a6 6 0 1 0 12 0 6 6 0 0 0-.066-.816l7.276-5.196A7 7 0 0 0 48 33a7 7 0 1 0-14 .028l-4.644 7.136A6 6 0 0 0 28 40c-.906.002-1.8.21-2.614.606L16 35.18
papirus,folder-grey-tar.svg,1205,849,1454,1108,0,0,0,0,0,fail,svg2tvgt,Error Context: 'M32 23v2h2v-2Zm0 2h-2v2h2Zm0 2v2h2v-2Zm0 2h-2v2h2Zm0 2v2c1.104 0 2-1 2-2Zm0 2c-2.21 0-4 1.8-4 4v8c0 2.2 1.79 4 4 4s4-1.8 4-4v-8c0-2.2-1.79-4-4-4m0 2̲c1.104 0 2 .8 2 2 0 1-.896 2-2 2s-2
papirus,folder-grey-unlocked.svg,970,652,1197,992,3903,641,419,383,38,ok,,
papirus,folder-grey-visiting.svg,995,650,1312,1043,4139,627,414,387,38,ok,,
papirus,folder-indigo-applications.svg,1292,802,1714,1266,4806,801,509,463,38,ok,,
papirus,folder-indigo-backup.svg,1254,750,1857,1260,0,0,0,0,0,fail,svg2tvgt,Error Context: 'M32.414 29.008A10.01 10.01 0 0 0 22 39h-2l3 3 3-3h-2a7.99 7.99 0 0 1 6.275-7.812 7.99 7.99 0 0 1 8.989 4.458 7.99 7.99 0 0 1-2.436 9.733 7.99 7.99 0 0 1-10.03-.3c-1.013-.867-2.312.655-
papirus,folder-indigo-books.svg,1003,768,1140,1029,0,0,0,0,0,fail,svg2tvgt,Error Context: 'M25 31c-4 0-4 2-4 2v8s0-2 4-2 6 4 6 4v-8s-2-4-6-4m14 0̲c-4 0-6 4-6 4v8s2-4 6-4 4 2 4 2v-8s0-2-4…' Unhandled exception: System.InvalidOperationException: New MoveTo detected without Clo
papirus,folder-indigo-download.svg,778,555,997,871,3594,551,361,334,38,ok,,
papirus,folder-indigo-github.svg,1637,836,2161,1537,5234,833,623,597,38,ok,,
papirus,folder-indigo-gitlab.svg,1096,673,1432,1093,0,0,0,0,0,fail,svg2tvgt,Error Context: 'M25.11 29a.41.41 0 0 0-.398.286L22.473 36h5.476l-2.44-6.714a.41.41 0 0 0-.398-.286m2.839 7̲L32 49l4.051-13Zm8.102 0h5.476l-2.239-6.…' Unhandled exception: System.InvalidOperationExcept
papirus,folder-indigo-java.svg,1379,793,1751,1391,0,0,0,0,0,fail,svg2tvgt,Error Context: 'M29 27s1.154.706.34 2.562C28.108 32.36 30.477 33 30.477 33s-.753-.656.25-2.965C31.835 27.477 29 27 29 27m4.199 3.855̲s-2.097.932-.746 3.477c.893 1.687-.098 2…' Unhandled exception: Sys
papirus,folder-indigo-mail-cloud.svg,938,650,1371,1138,3995,640,456,435,38,ok,,
papirus,folder-indigo-pcloud.svg,1246,818,1965,1366,0,0,0,0,0,fail,svg2tvgt,Error Context: 'M32.5 28a10.21 10.21 0 0 0-9.443 6.334A7.857 7.857 0 0 0 16 42.143 7.857 7.857 0 0 0 23.857 50h18.465a5.106 5.106 0 0 0 5.106-5.107c0-1.929-1.08-3.588-2.657-4.457a4.7 4.7 0 0 0 1.086-3
papirus,folder-indigo-sync.svg,997,664,1468,1065,0,0,0,0,0,fail,svg2tvgt,Error Context: 'M32 30a9 9 0 0 0-5.209 1.67l2.166 2.166A6 6 0 0 1 32 33a6 6 0 0 1 5.91 5H36l3.5 6 3.5-6h-2.059c-.498-4.5-4.309-8-8.941-8m-7.5 4̲L21 40h2.059c.498 4.5 4.309 8 8.941 8a9 …' Unhandled exc
papirus,folder-indigo-templates.svg,1029,785,1940,1168,6175,871,481,427,38,ok,,
papirus,folder-magenta-apple.svg,1388,747,1633,1364,0,0,0,0,0,fail,svg2tvgt,Error Context: 'M35.98 29c-.991.035-2.195.579-2.906 1.311-.639.65-1.201 1.685-1.051 2.68 1.107.076 2.241-.495 2.93-1.227.688-.734 1.154-1.749 1.027-2.764m-.656 4.01̲c-1.315.105-2.516.969-3.196.969-.77
papirus,folder-magenta-backup.svg,1254,750,1857,1260,0,0,0,0,0,fail,svg2tvgt,Error Context: 'M32.414 29.008A10.01 10.01 0 0 0 22 39h-2l3 3 3-3h-2a7.99 7.99 0 0 1 6.275-7.812 7.99 7.99 0 0 1 8.989 4.458 7.99 7.99 0 0 1-2.436 9.733 7.99 7.99 0 0 1-10.03-.3c-1.013-.867-2.312.655-
papirus,folder-magenta-download-open.svg,778,555,997,871,3594,551,360,329,53,ok,,
papirus,folder-magenta-download.svg,778,555,997,871,3594,551,363,333,47,ok,,
papirus,folder-magenta-git.svg,1236,729,1543,1225,4507,725,442,420,48,ok,,
papirus,folder-magenta-java.svg,1379,793,1751,1391,0,0,0,0,0,fail,svg2tvgt,Error Context: 'M29 27s1.154.706.34 2.562C28.108 32.36 30.477 33 30.477 33s-.753-.656.25-2.965C31.835 27.477 29 27 29 27m4.199 3.855̲s-2.097.932-.746 3.477c.893 1.687-.098 2…' Unhandled exception: Sys
papirus,folder-magenta-kde.svg,1722,918,2541,1571,5750,902,666,638,48,ok,,
papirus,folder-magenta-mail-cloud.svg,938,650,1371,1138,3995,640,456,435,48,ok,,
papirus,folder-magenta-owncloud.svg,1893,752,3472,1860,0,0,0,0,0,fail,svg2tvgt,Error Context: 'M30.5 30a4.49 4.49 0 0 0-4.5 4.5c0 .772.195 1.499.535 2.133a6.985 6.985 0 0 1 8.461-1.957L35 34.5c0-2.491-2.009-4.5-4.5-4.5m-5 1̲a2.49 2.49 0 0 0-2.5 2.5q-.001.154.016.3…' Unhandled ex
papirus,folder-magenta-sync.svg,997,664,1468,1065,0,0,0,0,0,fail,svg2tvgt,Error Context: 'M32 30a9 9 0 0 0-5.209 1.67l2.166 2.166A6 6 0 0 1 32 33a6 6 0 0 1 5.91 5H36l3.5 6 3.5-6h-2.059c-.498-4.5-4.309-8-8.941-8m-7.5 4̲L21 40h2.059c.498 4.5 4.309 8 8.941 8a9 …' Unhandled exc
papirus,folder-magenta-syncthing.svg,1081,698,1663,1294,0,0,0,0,0,fail,svg2tvgt,Error Context: 'M32 27c-6.627 0-12 5.373-12 12s5.373 12 12 12 12-5.373 12-12-5.373-12-12-12m0 2̲c5.523 0 10 4.477 10 10s-4.477 10-10 10-…' Unhandled exception: System.InvalidOperationException: New Mo
papirus,folder-magenta-unlocked.svg,970,652,1197,992,3903,641,427,394,48,ok,,
papirus,folder-nordic-documents-open.svg,827,571,1057,924,3590,567,378,354,43,ok,,
papirus,folder-nordic-games.svg,1843,927,2200,1487,0,0,0,0,0,fail,svg2tvgt,Error Context: 'M26.73 31c-.302.001-.651.097-1.007.301-1.297.73-2.491 3.122-3.139 6.222-.553 2.634-.755 6.232-.426 7.68.287 1.245.782 1.797 1.664 1.797 1.308-.024 2.953-1.581 3.994-3.676.754-1.159 2.5
papirus,folder-nordic-github.svg,1637,836,2161,1537,5230,833,626,604,38,ok,,
papirus,folder-nordic-gnome.svg,1448,774,1747,1464,0,0,0,0,0,fail,svg2tvgt,Error Context: 'M39.905 26c-5.078 0-6.03 7.717-3.173 7.717 2.856 0 8.252-7.717 3.173-7.717m-7.822 1.187̲q-.12.002-.256.017c-2.879.363-1.866 5.23…' Unhandled exception: System.InvalidOperationException
papirus,folder-nordic-google-drive.svg,880,571,1034,911,3680,567,376,345,38,ok,,
papirus,folder-nordic-locked.svg,987,658,1210,1009,0,0,0,0,0,fail,svg2tvgt,Error Context: 'M32 29c-3.32 0-6 2.6-6 6v2h-1c-.554 0-1 .446-1 1v10c0 .554.446 1 1 1h14c.554 0 1-.446 1-1V38c0-.554-.446-1-1-1h-1v-2c0-3.4-2.68-6-6-6m0 2̲c2.22 0 4 1.8 4 4v2h-8v-2c0-2.2 1.78-4 4…' Unh
papirus,folder-nordic-meocloud.svg,1259,748,1695,1309,0,0,0,0,0,fail,svg2tvgt,Error Context: 'M34.398 31a6.39 6.39 0 0 0-5.695 3.496 4 4 0 0 0-1.504-.297 3.995 3.995 0 0 0-3.957 3.465A4.8 4.8 0 0 0 20 42.199 4.8 4.8 0 0 0 24.801 47h14.398A4.8 4.8 0 0 0 44 42.199a4.795 4.795 0 0
papirus,folder-nordic-pcloud.svg,1246,818,1965,1366,0,0,0,0,0,fail,svg2tvgt,Error Context: 'M32.5 28a10.21 10.21 0 0 0-9.443 6.334A7.857 7.857 0 0 0 16 42.143 7.857 7.857 0 0 0 23.857 50h18.465a5.106 5.106 0 0 0 5.106-5.107c0-1.929-1.08-3.588-2.657-4.457a4.7 4.7 0 0 0 1.086-3
papirus,folder-nordic-remote.svg,858,593,1121,962,3759,592,405,373,38,ok,,
papirus,folder-nordic-templates-open.svg,1029,785,1546,1168,6171,871,478,428,47,ok,,
papirus,folder-nordic-vbox.svg,826,550,1039,913,3497,546,363,337,38,ok,,
papirus,folder-nordic-videos-open.svg,865,593,1103,956,3723,589,395,371,53,ok,,
papirus,folder-orange-documents.svg,830,574,1076,924,3589,567,376,352,38,ok,,
papirus,folder-orange-download.svg,778,555,997,871,3589,551,359,334,38,ok,,
papirus,folder-orange-favorites.svg,838,563,1023,910,3578,555,370,355,37,ok,,
papirus,folder-orange-mega.svg,818,589,1122,946,0,0,0,0,0,fail,svg2tvgt,Error Context: 'M32 27c-6.627 0-12 5.373-12 12s5.373 12 12 12 12-5.373 12-12-5.373-12-12-12m-6 6̲h4l2 2 2-2h4v12h-4v-6l-2 2-2-2v6h-4Z' Unhandled exception: System.InvalidOperationException: New MoveTo
papirus,folder-orange-nextcloud.svg,1152,836,1384,1195,0,0,0,0,0,fail,svg2tvgt,Error Context: 'M46 33a6 6 0 0 0-6 6 6 6 0 0 0 6 6 6 6 0 0 0 6-6 6 6 0 0 0-6-6m0 4̲a2 2 0 0 1 2 2 2 2 0 0 1-2 2 2 2 0 0 1-2…' Unhandled exception: System.InvalidOperationException: New MoveTo detected
papirus,folder-orange-owncloud.svg,1893,752,3472,1860,0,0,0,0,0,fail,svg2tvgt,Error Context: 'M30.5 30a4.49 4.49 0 0 0-4.5 4.5c0 .772.195 1.499.535 2.133a6.985 6.985 0 0 1 8.461-1.957L35 34.5c0-2.491-2.009-4.5-4.5-4.5m-5 1̲a2.49 2.49 0 0 0-2.5 2.5q-.001.154.016.3…' Unhandled ex
papirus,folder-orange-recent.svg,891,641,1158,987,0,0,0,0,0,fail,svg2tvgt,Error Context: 'M32 27a12 12 0 0 0-12 12 12 12 0 0 0 12 12 12 12 0 0 0 12-12 12 12 0 0 0-12-12m0 3̲a9 9 0 0 1 9 9 9 9 0 0 1-9 9 9 9 0 0 1-9…' Unhandled exception: System.InvalidOperationException: New
papirus,folder-orange-tar.svg,1205,849,1454,1108,0,0,0,0,0,fail,svg2tvgt,Error Context: 'M32 23v2h2v-2Zm0 2h-2v2h2Zm0 2v2h2v-2Zm0 2h-2v2h2Zm0 2v2c1.104 0 2-1 2-2Zm0 2c-2.21 0-4 1.8-4 4v8c0 2.2 1.79 4 4 4s4-1.8 4-4v-8c0-2.2-1.79-4-4-4m0 2̲c1.104 0 2 .8 2 2 0 1-.896 2-2 2s-2
papirus,folder-orange-templates.svg,1029,785,1940,1168,6170,871,480,435,39,ok,,
papirus,folder-orange-video.svg,874,601,1142,958,3724,589,391,361,38,ok,,
papirus,folder-orange-wifi.svg,806,554,1012,900,3466,549,362,340,38,ok,,
papirus,folder-palebrown-activities.svg,838,581,1070,960,3542,577,357,322,62,ok,,
papirus,folder-palebrown-apple.svg,1388,747,1633,1364,0,0,0,0,0,fail,svg2tvgt,Error Context: 'M35.98 29c-.991.035-2.195.579-2.906 1.311-.639.65-1.201 1.685-1.051 2.68 1.107.076 2.241-.495 2.93-1.227.688-.734 1.154-1.749 1.027-2.764m-.656 4.01̲c-1.315.105-2.516.969-3.196.969-.77
papirus,folder-palebrown-documents-open.svg,827,571,1057,924,3592,567,377,350,43,ok,,
papirus,folder-palebrown-gitlab.svg,1096,673,1432,1093,0,0,0,0,0,fail,svg2tvgt,Error Context: 'M25.11 29a.41.41 0 0 0-.398.286L22.473 36h5.476l-2.44-6.714a.41.41 0 0 0-.398-.286m2.839 7̲L32 49l4.051-13Zm8.102 0h5.476l-2.239-6.…' Unhandled exception: System.InvalidOperationExcept
papirus,folder-palebrown-gnome.svg,1448,774,1747,1464,0,0,0,0,0,fail,svg2tvgt,Error Context: 'M39.905 26c-5.078 0-6.03 7.717-3.173 7.717 2.856 0 8.252-7.717 3.173-7.717m-7.822 1.187̲q-.12.002-.256.017c-2.879.363-1.866 5.23…' Unhandled exception: System.InvalidOperationException
papirus,folder-palebrown-locked.svg,987,658,1210,1009,0,0,0,0,0,fail,svg2tvgt,Error Context: 'M32 29c-3.32 0-6 2.6-6 6v2h-1c-.554 0-1 .446-1 1v10c0 .554.446 1 1 1h14c.554 0 1-.446 1-1V38c0-.554-.446-1-1-1h-1v-2c0-3.4-2.68-6-6-6m0 2̲c2.22 0 4 1.8 4 4v2h-8v-2c0-2.2 1.78-4 4…' Unh
papirus,folder-palebrown-mail-cloud.svg,938,650,1371,1138,3993,640,456,435,38,ok,,
papirus,folder-palebrown-onedrive.svg,1261,803,2667,1393,0,0,0,0,0,fail,svg2tvgt,Error Context: 'M33 31a6 6 0 0 0-5.527 3.668c-.75-.43-1.6-.666-2.473-.668a5 5 0 0 0-5 5q.004.507.11 1.004L20 40a4 4 0 0 0 0 8 4 4 0 0 0 2.164-.643q-.076-.315-.117-.642l-.004-.033A6 6 0 0 1 22 46c0-2.7
papirus,folder-palebrown-photo.svg,918,624,1204,1013,3956,644,418,391,38,ok,,
papirus,folder-palebrown-recent.svg,891,641,1158,987,0,0,0,0,0,fail,svg2tvgt,Error Context: 'M32 27a12 12 0 0 0-12 12 12 12 0 0 0 12 12 12 12 0 0 0 12-12 12 12 0 0 0-12-12m0 3̲a9 9 0 0 1 9 9 9 9 0 0 1-9 9 9 9 0 0 1-9…' Unhandled exception: System.InvalidOperationException: New
papirus,folder-palebrown-syncthing.svg,1081,698,1663,1294,0,0,0,0,0,fail,svg2tvgt,Error Context: 'M32 27c-6.627 0-12 5.373-12 12s5.373 12 12 12 12-5.373 12-12-5.373-12-12-12m0 2̲c5.523 0 10 4.477 10 10s-4.477 10-10 10-…' Unhandled exception: System.InvalidOperationException: New Mo
papirus,folder-palebrown-vbox.svg,826,550,1039,913,3499,546,361,334,38,ok,,
papirus,folder-palebrown-wifi.svg,806,554,1012,900,3469,549,365,336,38,ok,,
papirus,folder-paleorange-activities.svg,838,581,1070,960,3544,577,358,328,62,ok,,
papirus,folder-paleorange-copy-cloud.svg,906,605,0,0,0,0,0,0,0,no_source,source,SVG not found in current source dataset
papirus,folder-paleorange-drag-accept.svg,628,429,810,715,2668,425,268,250,40,ok,,
papirus,folder-paleorange-games.svg,1843,927,2200,1487,0,0,0,0,0,fail,svg2tvgt,Error Context: 'M26.73 31c-.302.001-.651.097-1.007.301-1.297.73-2.491 3.122-3.139 6.222-.553 2.634-.755 6.232-.426 7.68.287 1.245.782 1.797 1.664 1.797 1.308-.024 2.953-1.581 3.994-3.676.754-1.159 2.5
papirus,folder-paleorange-important.svg,821,587,1214,951,0,0,0,0,0,fail,svg2tvgt,Error Context: 'M32 29c-5.523 0-10 4.477-10 10s4.477 10 10 10 10-4.477 10-10-4.477-10-10-10m-1 4̲h2v8h-2zm1 10a1 1 0 1 1 0 2 1 1 0 0 1 0-…' Unhandled exception: System.InvalidOperationException: New M
papirus,folder-paleorange-mail-cloud.svg,938,650,1371,1138,3995,640,456,434,38,ok,,
papirus,folder-paleorange-mail.svg,971,674,1717,1240,0,0,0,0,0,fail,svg2tvgt,Error Context: 'M32 27c-6.627 0-12 5.373-12 12s5.373 12 12 12h7.5s1.406-.601 1.5-2.101c0-1.5-1.5-1.899-1.5-1.899H32a8 8 0 0 1-1.165-.094c-1.399-.159-2.511-.598-3.351-1.304l-.012-.008A8 8 0 1 1 39.999
papirus,folder-paleorange-mega.svg,818,589,1122,946,0,0,0,0,0,fail,svg2tvgt,Error Context: 'M32 27c-6.627 0-12 5.373-12 12s5.373 12 12 12 12-5.373 12-12-5.373-12-12-12m-6 6̲h4l2 2 2-2h4v12h-4v-6l-2 2-2-2v6h-4Z' Unhandled exception: System.InvalidOperationException: New MoveTo
papirus,folder-paleorange-photo.svg,918,624,1204,1013,3958,644,420,397,38,ok,,
papirus,folder-paleorange-pictures.svg,850,609,1166,976,3878,605,401,374,38,ok,,
papirus,folder-paleorange-projects.svg,1287,792,1599,1310,0,0,0,0,0,fail,svg2tvgt,Error Context: 'M35 28c-.437.163-.888.374-1.25.674-1.725 1.387-1.374 4.275.314 5.7.35.3.511.439.936.626v3c1.421.687 2 1 3.06 2.014.685.784.679.887.94 1.376V35c.425-.162.824-.338 1.186-.626C42 33 41.92
papirus,folder-paleorange-remote-open.svg,858,593,1121,962,3763,592,403,376,43,ok,,
papirus,folder-paleorange-script.svg,1091,717,1504,1176,4483,713,479,454,39,ok,,
papirus,folder-paleorange-syncthing.svg,1081,698,1663,1294,0,0,0,0,0,fail,svg2tvgt,Error Context: 'M32 27c-6.627 0-12 5.373-12 12s5.373 12 12 12 12-5.373 12-12-5.373-12-12-12m0 2̲c5.523 0 10 4.477 10 10s-4.477 10-10 10-…' Unhandled exception: System.InvalidOperationException: New Mo
papirus,folder-paleorange-templates-open.svg,1029,785,1546,1168,6175,871,478,431,47,ok,,
papirus,folder-paleorange-templates.svg,1029,785,1940,1168,6175,871,483,437,38,ok,,
papirus,folder-paleorange-vbox.svg,826,550,1039,913,3501,546,362,337,38,ok,,
papirus,folder-paleorange-video.svg,874,601,1142,958,3729,589,393,366,38,ok,,
papirus,folder-paleorange-wifi.svg,806,554,1012,900,3471,549,366,340,38,ok,,
papirus,folder-paleorange-wine.svg,840,592,1152,939,3706,585,388,357,38,ok,,
papirus,folder-pink-applications.svg,1292,802,1714,1266,4799,801,508,462,38,ok,,
papirus,folder-pink-favorites.svg,838,563,1023,910,3576,555,370,357,37,ok,,
papirus,folder-pink-meocloud.svg,1259,748,1695,1309,0,0,0,0,0,fail,svg2tvgt,Error Context: 'M34.398 31a6.39 6.39 0 0 0-5.695 3.496 4 4 0 0 0-1.504-.297 3.995 3.995 0 0 0-3.957 3.465A4.8 4.8 0 0 0 20 42.199 4.8 4.8 0 0 0 24.801 47h14.398A4.8 4.8 0 0 0 44 42.199a4.795 4.795 0 0
papirus,folder-pink-music-open.svg,888,606,1153,971,3820,632,399,370,94,ok,,
papirus,folder-pink-music.svg,888,606,1153,971,3820,632,405,370,38,ok,,
papirus,folder-pink-recent.svg,891,641,1158,987,0,0,0,0,0,fail,svg2tvgt,Error Context: 'M32 27a12 12 0 0 0-12 12 12 12 0 0 0 12 12 12 12 0 0 0 12-12 12 12 0 0 0-12-12m0 3̲a9 9 0 0 1 9 9 9 9 0 0 1-9 9 9 9 0 0 1-9…' Unhandled exception: System.InvalidOperationException: New
papirus,folder-pink-script.svg,1091,717,1504,1176,4476,713,476,451,39,ok,,
papirus,folder-pink-snap.svg,799,572,991,892,3690,568,372,348,74,ok,,
papirus,folder-pink-tar.svg,1205,849,1454,1108,0,0,0,0,0,fail,svg2tvgt,Error Context: 'M32 23v2h2v-2Zm0 2h-2v2h2Zm0 2v2h2v-2Zm0 2h-2v2h2Zm0 2v2c1.104 0 2-1 2-2Zm0 2c-2.21 0-4 1.8-4 4v8c0 2.2 1.79 4 4 4s4-1.8 4-4v-8c0-2.2-1.79-4-4-4m0 2̲c1.104 0 2 .8 2 2 0 1-.896 2-2 2s-2
papirus,folder-pink-vbox.svg,826,550,1039,913,3494,546,360,338,38,ok,,
papirus,folder-pink-wifi.svg,806,554,1012,900,3464,549,364,339,38,ok,,
papirus,folder-red-activities.svg,838,581,1070,960,3545,577,356,322,62,ok,,
papirus,folder-red-applications.svg,1292,802,1714,1266,4807,801,508,461,38,ok,,
papirus,folder-red-code.svg,927,602,1141,968,3826,585,393,372,38,ok,,
papirus,folder-red-development.svg,1290,730,1543,1335,4734,752,490,476,38,ok,,
papirus,folder-red-download.svg,778,555,997,871,3595,551,361,331,38,ok,,
papirus,folder-red-drag-accept.svg,628,429,810,715,2667,425,267,243,40,ok,,
papirus,folder-red-favorites.svg,838,563,1023,910,3584,555,370,355,37,ok,,
papirus,folder-red-git.svg,1236,729,1543,1225,4508,725,440,441,39,ok,,
papirus,folder-red-java.svg,1379,793,1751,1391,0,0,0,0,0,fail,svg2tvgt,Error Context: 'M29 27s1.154.706.34 2.562C28.108 32.36 30.477 33 30.477 33s-.753-.656.25-2.965C31.835 27.477 29 27 29 27m4.199 3.855̲s-2.097.932-.746 3.477c.893 1.687-.098 2…' Unhandled exception: Sys
papirus,folder-red-kde.svg,1722,918,2541,1571,5751,902,665,638,38,ok,,
papirus,folder-red-linux.svg,3099,1292,3790,2490,0,0,0,0,0,fail,svg2tvgt,Error Context: 'M32.787 43.393c-1.601.744-3.089.736-4.089.664-1.192-.086-2.152-.412-2.573-.698a.568.568 0 1 0-.637.941c.678.459 1.876.8 3.128.89q.319.024.696.025c1.09 0 2.474-.104 3.954-.792a.568.568
papirus,folder-red-meocloud.svg,1259,748,1695,1309,0,0,0,0,0,fail,svg2tvgt,Error Context: 'M34.398 31a6.39 6.39 0 0 0-5.695 3.496 4 4 0 0 0-1.504-.297 3.995 3.995 0 0 0-3.957 3.465A4.8 4.8 0 0 0 20 42.199 4.8 4.8 0 0 0 24.801 47h14.398A4.8 4.8 0 0 0 44 42.199a4.795 4.795 0 0
papirus,folder-red-music-open.svg,888,606,1153,971,3828,632,399,373,94,ok,,
papirus,folder-red-music.svg,888,606,1153,971,3828,632,405,362,38,ok,,
papirus,folder-red-nextcloud.svg,1152,836,1384,1195,0,0,0,0,0,fail,svg2tvgt,Error Context: 'M46 33a6 6 0 0 0-6 6 6 6 0 0 0 6 6 6 6 0 0 0 6-6 6 6 0 0 0-6-6m0 4̲a2 2 0 0 1 2 2 2 2 0 0 1-2 2 2 2 0 0 1-2…' Unhandled exception: System.InvalidOperationException: New MoveTo detected
papirus,folder-red-pcloud.svg,1246,818,1965,1366,0,0,0,0,0,fail,svg2tvgt,Error Context: 'M32.5 28a10.21 10.21 0 0 0-9.443 6.334A7.857 7.857 0 0 0 16 42.143 7.857 7.857 0 0 0 23.857 50h18.465a5.106 5.106 0 0 0 5.106-5.107c0-1.929-1.08-3.588-2.657-4.457a4.7 4.7 0 0 0 1.086-3
papirus,folder-red-photo.svg,918,624,1204,1013,3959,644,416,390,39,ok,,
papirus,folder-red-print.svg,875,621,1163,1011,4023,617,411,376,38,ok,,
papirus,folder-red-private.svg,892,605,1213,955,0,0,0,0,0,fail,svg2tvgt,Error Context: 'M27 33a6 6 0 1 0 0 12 5.995 5.995 0 0 0 5.648-4H37v2h4v-2h2v-4H32.648A5.995 5.995 0 0 0 27 33m0 4̲a2 2 0 1 1 0 4 2 2 0 0 1 0-4' Unhandled exception: System.InvalidOperationException: N
papirus,folder-red-publicshare-open.svg,1507,793,1641,1330,0,0,0,0,0,fail,svg2tvgt,Error Context: 'M26.82 37.602a1 1 0 0 0-.202.07c-.646.302-.814 1.246-.372 2.12.356.704.986 1.14 1.558 1.126C28.236 43.256 29.952 45 32 45s3.764-1.744 4.196-4.082c.572.014 1.202-.422 1.558-1.126.442-.8
papirus,folder-red-templates.svg,1029,785,1940,1168,6176,871,476,432,39,ok,,
papirus,folder-red-vbox.svg,826,550,1039,913,3502,546,361,336,38,ok,,
papirus,folder-red-wine.svg,840,592,1152,939,3707,585,384,354,38,ok,,
papirus,folder-teal-apple.svg,1388,747,1633,1364,0,0,0,0,0,fail,svg2tvgt,Error Context: 'M35.98 29c-.991.035-2.195.579-2.906 1.311-.639.65-1.201 1.685-1.051 2.68 1.107.076 2.241-.495 2.93-1.227.688-.734 1.154-1.749 1.027-2.764m-.656 4.01̲c-1.315.105-2.516.969-3.196.969-.77
papirus,folder-teal-download-open.svg,778,555,997,871,3594,551,357,328,43,ok,,
papirus,folder-teal-mail-cloud.svg,938,650,1371,1138,3995,640,452,430,38,ok,,
papirus,folder-teal-mail.svg,971,674,1717,1240,0,0,0,0,0,fail,svg2tvgt,Error Context: 'M32 27c-6.627 0-12 5.373-12 12s5.373 12 12 12h7.5s1.406-.601 1.5-2.101c0-1.5-1.5-1.899-1.5-1.899H32a8 8 0 0 1-1.165-.094c-1.399-.159-2.511-.598-3.351-1.304l-.012-.008A8 8 0 1 1 39.999
papirus,folder-teal-music-open.svg,888,606,1153,971,3827,632,399,367,94,ok,,
papirus,folder-teal-photo.svg,918,624,1204,1013,3958,644,416,388,39,ok,,
papirus,folder-teal-sync.svg,997,664,1468,1065,0,0,0,0,0,fail,svg2tvgt,Error Context: 'M32 30a9 9 0 0 0-5.209 1.67l2.166 2.166A6 6 0 0 1 32 33a6 6 0 0 1 5.91 5H36l3.5 6 3.5-6h-2.059c-.498-4.5-4.309-8-8.941-8m-7.5 4̲L21 40h2.059c.498 4.5 4.309 8 8.941 8a9 …' Unhandled exc
papirus,folder-teal-templates.svg,1029,785,1940,1168,6175,871,474,434,39,ok,,
papirus,folder-teal-unlocked.svg,970,652,1197,992,3903,641,421,392,38,ok,,
papirus,folder-violet-arduino.svg,2273,1109,3148,2188,7202,1174,836,791,463,ok,,
papirus,folder-violet-books.svg,1003,768,1140,1029,0,0,0,0,0,fail,svg2tvgt,Error Context: 'M25 31c-4 0-4 2-4 2v8s0-2 4-2 6 4 6 4v-8s-2-4-6-4m14 0̲c-4 0-6 4-6 4v8s2-4 6-4 4 2 4 2v-8s0-2-4…' Unhandled exception: System.InvalidOperationException: New MoveTo detected without Clo
papirus,folder-violet-documents-open.svg,827,571,1057,924,3595,567,377,344,40,ok,,
papirus,folder-violet-drag-accept.svg,628,429,810,715,2667,425,267,245,38,ok,,
papirus,folder-violet-favorites.svg,838,563,1023,910,3584,555,371,353,34,ok,,
papirus,folder-violet-games.svg,1843,927,2200,1487,0,0,0,0,0,fail,svg2tvgt,Error Context: 'M26.73 31c-.302.001-.651.097-1.007.301-1.297.73-2.491 3.122-3.139 6.222-.553 2.634-.755 6.232-.426 7.68.287 1.245.782 1.797 1.664 1.797 1.308-.024 2.953-1.581 3.994-3.676.754-1.159 2.5
papirus,folder-violet-image-people.svg,1507,793,1852,1465,0,0,0,0,0,fail,svg2tvgt,Error Context: 'M26.82 34.602a1 1 0 0 0-.203.07c-.645.303-.812 1.247-.371 2.121.355.703.986 1.139 1.559 1.125.43 2.337 2.147 4.082 4.187 4.082h.016c2.04 0 3.757-1.745 4.187-4.082.572.013 1.204-.422 1.
papirus,folder-violet-mega.svg,818,589,1122,946,0,0,0,0,0,fail,svg2tvgt,Error Context: 'M32 27c-6.627 0-12 5.373-12 12s5.373 12 12 12 12-5.373 12-12-5.373-12-12-12m-6 6̲h4l2 2 2-2h4v12h-4v-6l-2 2-2-2v6h-4Z' Unhandled exception: System.InvalidOperationException: New MoveTo
papirus,folder-violet-onedrive.svg,1261,803,2667,1393,0,0,0,0,0,fail,svg2tvgt,Error Context: 'M33 31a6 6 0 0 0-5.527 3.668c-.75-.43-1.6-.666-2.473-.668a5 5 0 0 0-5 5q.004.507.11 1.004L20 40a4 4 0 0 0 0 8 4 4 0 0 0 2.164-.643q-.076-.315-.117-.642l-.004-.033A6 6 0 0 1 22 46c0-2.7
papirus,folder-violet-owncloud.svg,1893,752,3472,1860,0,0,0,0,0,fail,svg2tvgt,Error Context: 'M30.5 30a4.49 4.49 0 0 0-4.5 4.5c0 .772.195 1.499.535 2.133a6.985 6.985 0 0 1 8.461-1.957L35 34.5c0-2.491-2.009-4.5-4.5-4.5m-5 1̲a2.49 2.49 0 0 0-2.5 2.5q-.001.154.016.3…' Unhandled ex
papirus,folder-violet-pcloud.svg,1246,818,1965,1366,0,0,0,0,0,fail,svg2tvgt,Error Context: 'M32.5 28a10.21 10.21 0 0 0-9.443 6.334A7.857 7.857 0 0 0 16 42.143 7.857 7.857 0 0 0 23.857 50h18.465a5.106 5.106 0 0 0 5.106-5.107c0-1.929-1.08-3.588-2.657-4.457a4.7 4.7 0 0 0 1.086-3
papirus,folder-violet-photo.svg,918,624,1204,1013,3959,644,417,387,35,ok,,
papirus,folder-violet-print.svg,875,621,1163,1011,4023,617,412,377,34,ok,,
papirus,folder-violet-private.svg,892,605,1213,955,0,0,0,0,0,fail,svg2tvgt,Error Context: 'M27 33a6 6 0 1 0 0 12 5.995 5.995 0 0 0 5.648-4H37v2h4v-2h2v-4H32.648A5.995 5.995 0 0 0 27 33m0 4̲a2 2 0 1 1 0 4 2 2 0 0 1 0-4' Unhandled exception: System.InvalidOperationException: N
papirus,folder-violet-remote-open.svg,858,593,1121,962,3764,592,400,367,40,ok,,
papirus,folder-violet-script.svg,1091,717,1504,1176,4484,713,478,447,36,ok,,
papirus,folder-violet-templates.svg,1029,785,1940,1168,6176,871,481,427,35,ok,,
papirus,folder-violet-unlocked.svg,970,652,1197,992,3904,641,425,393,35,ok,,
papirus,folder-violet-vbox.svg,826,550,1039,913,3502,546,361,331,34,ok,,
papirus,folder-violet-videos-open.svg,865,593,1103,956,3728,589,393,366,50,ok,,
papirus,folder-white-backup.svg,1248,750,1857,1254,0,0,0,0,0,fail,svg2tvgt,Error Context: 'M32.414 29.008A10.01 10.01 0 0 0 22 39h-2l3 3 3-3h-2a7.99 7.99 0 0 1 6.275-7.812 7.99 7.99 0 0 1 8.989 4.458 7.99 7.99 0 0 1-2.436 9.733 7.99 7.99 0 0 1-10.03-.3c-1.013-.867-2.312.655-
papirus,folder-white-cd.svg,786,557,1016,903,3396,553,346,313,56,ok,,
papirus,folder-white-documents-open.svg,821,571,1057,918,3549,567,370,337,43,ok,,
papirus,folder-white-download.svg,772,555,997,865,3549,551,355,320,38,ok,,
papirus,folder-white-dropbox.svg,879,630,1160,992,3964,626,394,369,38,ok,,
papirus,folder-white-google-drive.svg,874,571,1034,905,3639,567,367,335,38,ok,,
papirus,folder-white-important.svg,815,587,1214,945,0,0,0,0,0,fail,svg2tvgt,Error Context: 'M32 29c-5.523 0-10 4.477-10 10s4.477 10 10 10 10-4.477 10-10-4.477-10-10-10m-1 4̲h2v8h-2zm1 10a1 1 0 1 1 0 2 1 1 0 0 1 0-…' Unhandled exception: System.InvalidOperationException: New M
papirus,folder-white-linux.svg,3093,1292,3790,2484,0,0,0,0,0,fail,svg2tvgt,Error Context: 'M32.787 43.393c-1.601.744-3.089.736-4.089.664-1.192-.086-2.152-.412-2.573-.698a.568.568 0 1 0-.637.941c.678.459 1.876.8 3.128.89q.319.024.696.025c1.09 0 2.474-.104 3.954-.792a.568.568
papirus,folder-white-mail.svg,965,674,1717,1234,0,0,0,0,0,fail,svg2tvgt,Error Context: 'M32 27c-6.627 0-12 5.373-12 12s5.373 12 12 12h7.5s1.406-.601 1.5-2.101c0-1.5-1.5-1.899-1.5-1.899H32a8 8 0 0 1-1.165-.094c-1.399-.159-2.511-.598-3.351-1.304l-.012-.008A8 8 0 1 1 39.999
papirus,folder-white-mega.svg,812,589,1122,940,0,0,0,0,0,fail,svg2tvgt,Error Context: 'M32 27c-6.627 0-12 5.373-12 12s5.373 12 12 12 12-5.373 12-12-5.373-12-12-12m-6 6̲h4l2 2 2-2h4v12h-4v-6l-2 2-2-2v6h-4Z' Unhandled exception: System.InvalidOperationException: New MoveTo
papirus,folder-white-meocloud.svg,1253,748,1695,1303,0,0,0,0,0,fail,svg2tvgt,Error Context: 'M34.398 31a6.39 6.39 0 0 0-5.695 3.496 4 4 0 0 0-1.504-.297 3.995 3.995 0 0 0-3.957 3.465A4.8 4.8 0 0 0 20 42.199 4.8 4.8 0 0 0 24.801 47h14.398A4.8 4.8 0 0 0 44 42.199a4.795 4.795 0 0
papirus,folder-white-music.svg,882,606,1153,965,3782,632,400,355,38,ok,,
papirus,folder-white-network.svg,2159,997,2517,1880,0,0,0,0,0,fail,svg2tvgt,Error Context: 'M32 29c-5.523 0-10 4.477-10 10s4.477 10 10 10 10-4.477 10-10-4.477-10-10-10m-.714 2.768̲c.095-.01.216.006.312 0 .012.046-.069.20…' Unhandled exception: System.InvalidOperationException
papirus,folder-white-nextcloud.svg,1146,836,1384,1189,0,0,0,0,0,fail,svg2tvgt,Error Context: 'M46 33a6 6 0 0 0-6 6 6 6 0 0 0 6 6 6 6 0 0 0 6-6 6 6 0 0 0-6-6m0 4̲a2 2 0 0 1 2 2 2 2 0 0 1-2 2 2 2 0 0 1-2…' Unhandled exception: System.InvalidOperationException: New MoveTo detected
papirus,folder-white-onedrive.svg,1255,803,2667,1387,0,0,0,0,0,fail,svg2tvgt,Error Context: 'M33 31a6 6 0 0 0-5.527 3.668c-.75-.43-1.6-.666-2.473-.668a5 5 0 0 0-5 5q.004.507.11 1.004L20 40a4 4 0 0 0 0 8 4 4 0 0 0 2.164-.643q-.076-.315-.117-.642l-.004-.033A6 6 0 0 1 22 46c0-2.7
papirus,folder-white-pcloud.svg,1240,818,1965,1360,0,0,0,0,0,fail,svg2tvgt,Error Context: 'M32.5 28a10.21 10.21 0 0 0-9.443 6.334A7.857 7.857 0 0 0 16 42.143 7.857 7.857 0 0 0 23.857 50h18.465a5.106 5.106 0 0 0 5.106-5.107c0-1.929-1.08-3.588-2.657-4.457a4.7 4.7 0 0 0 1.086-3
papirus,folder-white-photo.svg,912,624,1204,1007,3913,644,410,377,38,ok,,
papirus,folder-white-recent.svg,885,641,1158,981,0,0,0,0,0,fail,svg2tvgt,Error Context: 'M32 27a12 12 0 0 0-12 12 12 12 0 0 0 12 12 12 12 0 0 0 12-12 12 12 0 0 0-12-12m0 3̲a9 9 0 0 1 9 9 9 9 0 0 1-9 9 9 9 0 0 1-9…' Unhandled exception: System.InvalidOperationException: New
papirus,folder-white-remote-open.svg,852,593,1121,956,3718,592,395,361,43,ok,,
papirus,folder-white-unlocked.svg,964,652,1197,986,3858,641,418,378,38,ok,,
papirus,folder-white-wifi.svg,800,554,1012,894,3426,549,359,326,38,ok,,
papirus,folder-white-wine.svg,834,592,1152,933,3661,585,378,342,38,ok,,
papirus,folder-yaru-backup.svg,1254,750,1857,1260,0,0,0,0,0,fail,svg2tvgt,Error Context: 'M32.414 29.008A10.01 10.01 0 0 0 22 39h-2l3 3 3-3h-2a7.99 7.99 0 0 1 6.275-7.812 7.99 7.99 0 0 1 8.989 4.458 7.99 7.99 0 0 1-2.436 9.733 7.99 7.99 0 0 1-10.03-.3c-1.013-.867-2.312.655-
papirus,folder-yaru-documents.svg,830,574,1076,924,3587,567,376,344,38,ok,,
papirus,folder-yaru-dropbox.svg,885,630,1160,998,4002,626,399,385,38,ok,,
papirus,folder-yaru-favorites.svg,838,563,1023,910,3576,555,370,351,37,ok,,
papirus,folder-yaru-games.svg,1843,927,2200,1487,0,0,0,0,0,fail,svg2tvgt,Error Context: 'M26.73 31c-.302.001-.651.097-1.007.301-1.297.73-2.491 3.122-3.139 6.222-.553 2.634-.755 6.232-.426 7.68.287 1.245.782 1.797 1.664 1.797 1.308-.024 2.953-1.581 3.994-3.676.754-1.159 2.5
papirus,folder-yaru-gnome.svg,1448,774,1747,1464,0,0,0,0,0,fail,svg2tvgt,Error Context: 'M39.905 26c-5.078 0-6.03 7.717-3.173 7.717 2.856 0 8.252-7.717 3.173-7.717m-7.822 1.187̲q-.12.002-.256.017c-2.879.363-1.866 5.23…' Unhandled exception: System.InvalidOperationException
papirus,folder-yaru-locked.svg,987,658,1210,1009,0,0,0,0,0,fail,svg2tvgt,Error Context: 'M32 29c-3.32 0-6 2.6-6 6v2h-1c-.554 0-1 .446-1 1v10c0 .554.446 1 1 1h14c.554 0 1-.446 1-1V38c0-.554-.446-1-1-1h-1v-2c0-3.4-2.68-6-6-6m0 2̲c2.22 0 4 1.8 4 4v2h-8v-2c0-2.2 1.78-4 4…' Unh
papirus,folder-yaru-pictures.svg,850,609,1166,976,3871,605,401,367,38,ok,,
papirus,folder-yaru-recent.svg,891,641,1158,987,0,0,0,0,0,fail,svg2tvgt,Error Context: 'M32 27a12 12 0 0 0-12 12 12 12 0 0 0 12 12 12 12 0 0 0 12-12 12 12 0 0 0-12-12m0 3̲a9 9 0 0 1 9 9 9 9 0 0 1-9 9 9 9 0 0 1-9…' Unhandled exception: System.InvalidOperationException: New
papirus,folder-yaru-remote-open.svg,858,593,1121,962,3756,592,399,365,43,ok,,
papirus,folder-yaru-remote.svg,858,593,1121,962,3756,592,402,366,38,ok,,
papirus,folder-yaru-templates-open.svg,1029,785,1546,1168,6168,871,472,427,47,ok,,
papirus,folder-yellow-code.svg,927,602,1141,968,3815,585,392,372,48,ok,,
papirus,folder-yellow-drag-accept.svg,628,429,810,715,2656,425,267,245,44,ok,,
papirus,folder-yellow-kde.svg,1722,918,2541,1571,5740,902,665,635,48,ok,,
papirus,folder-yellow-mail.svg,971,674,1717,1240,0,0,0,0,0,fail,svg2tvgt,Error Context: 'M32 27c-6.627 0-12 5.373-12 12s5.373 12 12 12h7.5s1.406-.601 1.5-2.101c0-1.5-1.5-1.899-1.5-1.899H32a8 8 0 0 1-1.165-.094c-1.399-.159-2.511-.598-3.351-1.304l-.012-.008A8 8 0 1 1 39.999
papirus,folder-yellow-meocloud.svg,1259,748,1695,1309,0,0,0,0,0,fail,svg2tvgt,Error Context: 'M34.398 31a6.39 6.39 0 0 0-5.695 3.496 4 4 0 0 0-1.504-.297 3.995 3.995 0 0 0-3.957 3.465A4.8 4.8 0 0 0 20 42.199 4.8 4.8 0 0 0 24.801 47h14.398A4.8 4.8 0 0 0 44 42.199a4.795 4.795 0 0
papirus,folder-yellow-onedrive.svg,1261,803,2667,1393,0,0,0,0,0,fail,svg2tvgt,Error Context: 'M33 31a6 6 0 0 0-5.527 3.668c-.75-.43-1.6-.666-2.473-.668a5 5 0 0 0-5 5q.004.507.11 1.004L20 40a4 4 0 0 0 0 8 4 4 0 0 0 2.164-.643q-.076-.315-.117-.642l-.004-.033A6 6 0 0 1 22 46c0-2.7
papirus,folder-yellow-pictures-open.svg,850,609,1124,976,3851,605,401,371,53,ok,,
papirus,folder-yellow-print.svg,875,621,1163,1011,4012,617,411,381,48,ok,,
papirus,folder-yellow-recent.svg,891,641,1158,987,0,0,0,0,0,fail,svg2tvgt,Error Context: 'M32 27a12 12 0 0 0-12 12 12 12 0 0 0 12 12 12 12 0 0 0 12-12 12 12 0 0 0-12-12m0 3̲a9 9 0 0 1 9 9 9 9 0 0 1-9 9 9 9 0 0 1-9…' Unhandled exception: System.InvalidOperationException: New
papirus,folder-yellow-wine.svg,840,592,1152,939,3696,585,386,357,47,ok,,
papirus,folder-yellow.svg,700,505,894,797,3180,501,325,294,45,ok,,
papirus,fontforge.svg,1687,667,1835,1174,3011,536,349,322,220,ok,,
papirus,fontypython.svg,1083,617,1836,1152,3571,604,380,339,259,ok,,
papirus,foot.svg,2758,1207,4556,2615,0,0,0,0,0,fail,svg2tvgt,Error Context: 'M13.986 10.3a1.952 2.306 0 0 0-1.955 2.307 1.952 2.306 0 0 0 1.955 2.307 1.952 2.306 0 0 0 1.95-2.307 1.952 2.306 0 0 0-1.95-2.306m3.686 1.538̲a1.281 1.537 0 0 0-1.223 1.537 1.281 1.5…
papirus,foursquare.svg,633,315,763,638,1944,315,199,191,80,ok,,
papirus,freac.svg,12945,4407,19461,9606,0,0,0,0,0,fail,svg2tvgt,Error Context: 'M34.447 4c-.483-.003-.673.38-1.654 3.367l-.975 2.969-1.49.135c-.82.074-1.764.19-2.1.26-.443.092-.65.094-.757.003-.082-.067-.773-1.188-1.535-2.488-1.524-2.598-1.838-3.014-2.266-3.014-.4
papirus,freecad.svg,1262,614,3410,2084,5362,760,558,522,508,ok,,Node has unsupported transform: matrix(1 0 0 1.0004 4 3.978) Node has unsupported transform: matrix(2.02103 0 0 1.9936 -.345 .09) Node has unsupported transform: matrix(2.02103 0 0 1.9936 -.345 .09) N
papirus,freedoom1.svg,3431,1397,5542,2827,0,0,0,0,0,fail,svg2tvgt,Error Context: 'm57.398 22-2.123.066c-1.554-.01-3.3-.017-3.316-.011l-1.36 4.02s-1.598-4.076-1.921-3.999l-.258-.015c-.14-.01-.809-.016-1.73-.016H45v14.787l-.135.104c-.117.084-.138.112-.111.138l4.213 3.
papirus,freedoom2.svg,3431,1397,5542,2827,0,0,0,0,0,fail,svg2tvgt,Error Context: 'm57.398 22-2.123.066c-1.554-.01-3.3-.017-3.316-.011l-1.36 4.02s-1.598-4.076-1.921-3.999l-.258-.015c-.14-.01-.809-.016-1.73-.016H45v14.787l-.135.104c-.117.084-.138.112-.111.138l4.213 3.
papirus,freeoffice-textmaker.svg,698,359,795,599,2570,351,215,204,170,ok,,
papirus,freeplane.svg,2233,912,3781,2227,5149,897,605,577,514,ok,,
papirus,fritzing.svg,4575,1557,6506,3343,0,0,0,0,0,fail,svg2tvgt,Error Context: 'M38.837 15.012a15.5 15.5 0 0 0-3.2.197c-1.195.21-2.5.595-3.643 1.514-1.144.919-1.993 2.5-1.993 4.286v5.998h-5.98a1.993 2 0 1 0 0 3.999h5.98v4.26c-3.449.889-6.001 4.01-6.001 7.736A8 8 0
papirus,frostwire.svg,4878,1970,7652,4356,0,0,0,0,0,fail,svg2tvgt,Error Context: 'M2.492 26a1.498 1.5 0 0 0-.106 2.995s1.935.164 4.218.68c2.283.515 4.87 1.492 5.898 2.522.291.29.575.527.863.8-.288.273-.572.51-.863.8-1.028 1.03-3.615 2.007-5.898 2.523s-4.218.679-4.21
papirus,fs-uae-launcher.svg,1368,559,1999,1474,0,0,0,0,0,fail,svg2tvgt,Error Context: 'M45.5 45.5h-2.957m3.957-5̲c-4.742 0-3.957 1.129-3.957 10.929' Unhandled exception: System.InvalidOperationException: New MoveTo detected without ClosePath    at SvgPathParser.ParseMove
papirus,full-throttle-remastered.svg,7403,2502,8323,4582,13643,2168,1328,1248,753,ok,,
papirus,fusion-icon.svg,1362,523,2034,1246,0,0,0,0,0,fail,svg2tvgt,Error Context: 'M22.004 5q-2.97.003-5.943.04C-.897 24.01 16.253 36.033 30 39c-14.55-9.452-2.209-26.781 10-33.977-6.01.03-11.997-.032-17.996-.023M34 27̲c13.943 9.057 3.189 25.325-8.477 33h23.2…' Unhand
papirus,gcolor3.svg,1790,695,2801,1692,4402,692,419,395,351,ok,,
papirus,ghex.svg,3927,1436,6517,3361,0,0,0,0,0,fail,svg2tvgt,Error Context: 'M12.545 32.5c-.326.23-.616.517-.822.88l-6.35 11.2a2.87 2.87 0 0 0-.309 1.92 2.9 2.9 0 0 1 .309-.92l6.35-11.2A2.68 2.68 0 0 1 14.049 33c-.55 0-1.064-.19-1.504-.5m15.71 0̲c-.439.31-.954.
papirus,git.svg,1589,720,2614,1439,0,0,0,0,0,fail,svg2tvgt,Error Context: 'M28 17a6 6 0 0 0-6 6 6 6 0 0 0 6 6 6 6 0 0 0 6-6 6 6 0 0 0-6-6m11 11̲a6 6 0 0 0-6 6 6 6 0 0 0 6 6 6 6 0 0 0 6…' Unhandled exception: System.InvalidOperationException: New MoveTo detect
papirus,gitter.svg,568,367,1330,700,2468,368,219,206,80,ok,,Node has unsupported transform: translate(0 1)scale(1.99997) Node has unsupported transform: scale(1.99997)
papirus,gksu.svg,770,406,1141,719,0,0,0,0,0,fail,svg2tvgt,Node has unsupported transform: translate(0 1) Error Context: 'M32 14a7 7 0 1 0 0 14 7 7 0 0 0 0-14m0 19̲c-13.999.008-14 8.862-14 8.862v3.6S20.58…' Unhandled exception: System.InvalidOperationExceptio
papirus,glyphr-studio-desktop.svg,1469,672,2104,1389,0,0,0,0,0,fail,svg2tvgt,Error Context: 'M32 12c-4.537 0-8.744 1.918-11.88 4.723s-5.372 6.635-5.114 10.861c.224 3.667 1.86 7.112 4.873 9.289S26.944 40 32 40c4.454 0 8.128-.74 11-2.404v6.535c.001.013.069.726-1.045 1.95C40.831
papirus,gnac.svg,3630,1598,6486,3588,0,0,0,0,0,fail,svg2tvgt,Error Context: 'M30.6 4A5.587 5.587 0 0 0 25 9.6v1C25 7.497 27.497 5 30.6 5h2.8c3.103 0 5.6 2.497 5.6 5.6v-1C39 6.497 36.503 4 33.4 4ZM25 12.225a21 21 0 0 0-6.623 3.826l-2.275-1.313a5.59 5.59 0 0 0-7.
papirus,gnome-chess.svg,2595,1014,3906,2382,0,0,0,0,0,fail,svg2tvgt,Error Context: 'm19.004 4-.008 4.822L7 19.127l.348.701L18.996 9.822 19.004 5c2.218.004 3.91 1.357 4.406 3.545.09.4.128.111.115.521q.132-.008.264-.013C31.97 9.053 39 15.57 39 23.848v-1c0-8.278-7.03-14.
papirus,gnome-lockscreen.svg,1175,727,738,307,0,0,0,0,0,fail,svg2tvgt,Failed to translate color spec 'currentColor' Error Context: 'M8 1C5.784 1 4 2.822 4 5.063V7H3c-.554 0-1 .446-1 1v6c0 .554.446 1 1 1h10c.554 0 1-.446 1-1V8c0-.554-.446-1-1-1h-1V5.063C12 2.823 10.216 1
papirus,gnome-subtitles.svg,788,407,1593,815,2753,404,288,256,261,ok,,
papirus,gnome-sudoku.svg,6290,2432,9481,4178,0,0,0,0,0,fail,svg2tvgt,Error Context: 'M51.484 8c-.382 0-.877.036-1.355.105-.478.07-.941.17-1.25.31a7 7 0 0 0-1.617.98l.793.976q.692-.531 1.351-.832c.439-.199 1.483-.297 2.078-.297q.472 0 .856.13.384.129.68.386.59.495.59 1.
papirus,gnumeric.svg,774,458,989,732,3125,456,247,209,123,ok,,
papirus,google-earth-pro.svg,3036,1052,4557,2758,0,0,0,0,0,fail,svg2tvgt,Error Context: 'M4.016 32.584c-.004.141-.016.28-.016.422 0 4.175.91 8.115 2.543 11.672a9.6 9.6 0 0 1-.193-1.451 27.8 27.8 0 0 1-2.334-10.643m8.798 1.819̲c-3.951.137-6.708 3.58-6.462 7.838.372-6…' Unha
papirus,google-play-music-desktop-player.svg,3353,1286,5661,2589,7016,1176,774,749,389,ok,,
papirus,gpk-prefs.svg,2223,915,3380,2250,0,0,0,0,0,fail,svg2tvgt,Error Context: 'M32.002 15c-1.682-.018-3.353.23-4.975.675C19.474 17.7 13.946 25.177 14.061 33H10c2.07 3.045 6 9 6 9s6-9 6-9.002h-3.918c-.014-3.276 1.215-6.571 3.397-9.017C25.578 19.05 33 16.999 38.71
papirus,granule.svg,679,459,1101,726,2625,428,310,286,228,ok,,
papirus,grsync.svg,3220,1125,5318,2870,0,0,0,0,0,fail,svg2tvgt,Error Context: 'M32.035 17c-1.558-.016-3.105.207-4.605.602-6.994 1.8-11.536 8.416-11.43 15.37h-4L18 41l6-8.027h-4c-.013-2.913.458-5.814 2.477-7.989 3.522-3.983 10.51-5.614 15.554-2.683 1.676 2.106 5.3
papirus,gtk-theme-config.svg,6154,2327,9958,5351,0,0,0,0,0,fail,svg2tvgt,Error Context: 'M32 2a6 6 0 0 0-6 6c0 .096.018.308.027.46A6 6 0 0 1 32 3c3.132 0 5.7 2.4 5.973 5.46.009-.152.027-.364.027-.46a6 6 0 0 0-6-6M15.031 9.031̲a6 6 0 0 0-4.246 1.754c-1.293 1.294-1.85…' Unha
papirus,guake.svg,1144,671,1084,1001,0,0,0,0,0,fail,svg2tvgt,Error Context: 'M12 15v2h-1c-1.662 0-3 1.338-3 3s1.338 3 3 3h1v2H8.184A2.98 2.98 0 0 0 11 27h1v2h2v-2h1c1.662 0 3-1.338 3-3s-1.338-3-3-3h-1v-2h3.816A2.98 2.98 0 0 0 15 17h-1v-2zm-1 4h1v2h-1c-.554 0-1-
papirus,guitar.svg,2891,1044,4611,2790,0,0,0,0,0,fail,svg2tvgt,Error Context: 'M33.5 27a4.5 4.5 0 0 0-4.5 4.5 4.5 4.5 0 0 0 4.5 4.5 4.5 4.5 0 0 0 4.5-4.5 4.5 4.5 0 0 0-4.5-4.5m-11 11̲a4.5 4.5 0 0 0-4.5 4.5 4.5 4.5 0 0 0 4.5…' Unhandled exception: System.InvalidOp
papirus,half-life-alyx.svg,678,359,807,644,2076,356,237,229,112,ok,,
papirus,half-life-deathmatch.svg,906,440,930,777,0,0,0,0,0,fail,svg2tvgt,Error Context: 'M32 11a22 22 0 0 0-22 22 22 22 0 0 0 22 22 22 22 0 0 0 22-22 22 22 0 0 0-22-22m-8 8̲h6.641l8.939 21.811 4.67-1.881 1.49 3.72…' Unhandled exception: System.InvalidOperationException: Ne
papirus,half-life.svg,1094,491,859,774,0,0,0,0,0,fail,svg2tvgt,Error Context: 'M32 11a22 22 0 0 0-22 22 22 22 0 0 0 22 22 22 22 0 0 0 22-22 22 22 0 0 0-22-22m-8 8̲h6.641l8.939 21.811 4.67-1.881 1.49 3.72…' Unhandled exception: System.InvalidOperationException: Ne
papirus,helltaker.svg,2609,1450,3817,2338,0,0,0,0,0,fail,svg2tvgt,Error Context: 'M31 46h1s.56 2 1.96 2c2.8 0 3.04-1 3.04-1s-.8 2-3.04 2c-2.8 0-2.96-3-2.96-3m-2-8̲s0 5.6-2.8 5.6-2.8-4.6-2.8-4.6H22s0 6 4.…' Unhandled exception: System.InvalidOperationException: New M
papirus,hipchat.svg,1953,789,2967,1774,0,0,0,0,0,fail,svg2tvgt,Error Context: 'M32 15c-9.828 0-18 7.751-18 17.132s8.172 16.867 18 16.867h.004c1.377-.003 2.73-.267 4.07-.563 2.763 1.818 6.137 3.06 9.969 2.371 1.756-.32 2.458-2.057 1.234-3.355-1.31-1.386-2.148-2.24
papirus,hitori.svg,6722,3445,10703,5445,0,0,0,0,0,fail,svg2tvgt,Error Context: 'M5 15.285v2c0 .397.271.715.609.715H16.39c.338 0 .61-.318.61-.715v-2c0 .397-.272.715-.61.715H5.61c-.338 0-.61-.318-.61-.715m14 0̲v2c0 .397.271.715.61.715h10.78c.339 0 .6…' Unhandled exc
papirus,httrack.svg,4277,1604,5931,3460,0,0,0,0,0,fail,svg2tvgt,Node has unsupported transform: rotate(90)scale(-1 1) Node has unsupported transform: rotate(90)scale(-1 1) Node has unsupported transform: rotate(90)scale(-1 1) Error Context: 'M26 22c-7.732 0-14 6.2
papirus,hubstaff-gray.svg,4242,1477,6313,3672,0,0,0,0,0,fail,svg2tvgt,Error Context: 'M4.363 42.65C4.163 42.445 4 38.7 4 34.329V26.38l2.56-1.136c4.374-1.94 6.293-5.076 5.658-9.717-.153-1.122-.12-2.298.075-2.613C12.747 12.176 25.185 5 26.023 5c.349 0 .844.273 1.101.608 1
papirus,hubstaff-red.svg,4215,1466,6313,3608,0,0,0,0,0,fail,svg2tvgt,Error Context: 'M4.363 42.65C4.163 42.445 4 38.7 4 34.329V26.38l2.56-1.136c4.374-1.94 6.293-5.076 5.658-9.717-.153-1.122-.12-2.298.075-2.613C12.747 12.176 25.185 5 26.023 5c.349 0 .844.273 1.101.608 1
papirus,i-nex.svg,979,573,1249,923,3461,523,332,322,46,ok,,
papirus,i2pd.svg,2040,728,3169,1880,4269,718,437,427,140,ok,,
papirus,ibus-bopomofo.svg,698,306,1397,1069,2846,476,394,359,240,ok,,
papirus,ice-store.svg,4096,1589,7919,3736,0,0,0,0,0,fail,svg2tvgt,Error Context: 'M32.145 4.7v.003a6.187 6.208 0 0 0-3.24.826L10.701 16.076a6.187 6.208 0 0 0-3.076 4.977 6.187 6.208 0 0 0 .003.027l-.003.024.008.075-.008.138v21.227a6.21 6.21 0 0 0 3.092 5.377l18.191
papirus,icecat.svg,6331,2199,9175,5084,0,0,0,0,0,fail,svg2tvgt,Error Context: 'M27.212 5C14.893 4.995 9.132 14.623 7 27.564c5.355-8.264 8.442-9.365 10.002-9.948 1.184-.408 2.22-.582 3.127-.552 5.634.186 6.39 7.385 7.751 15.107.838 3.222 2.91 10.007 6.696 13.15 1.
papirus,im.fluffychat.Fluffychat.svg,11127,3788,17909,8266,0,0,0,0,0,fail,svg2tvgt,Error Context: 'M54.055 10.043c-1.856-.147-4.52.966-6.504 2.535.445.2.645.517.726 1.035a2.72 2.72 0 0 1 0 1.793c-.121.319.001.598.203.797.203.2.526.319.81.2.404-.2.81-.2 1.214-.2.93 0 1.74.402 2.348 1
papirus,image-svg+xml-compressed.svg,1047,636,1422,1066,3260,602,385,354,357,ok,,
papirus,image-x-svg+xml.svg,1515,987,2002,1646,5334,957,547,513,532,ok,,
papirus,indivisible.svg,4385,2343,6002,4329,0,0,0,0,0,fail,svg2tvgt,Error Context: 'M43.957 17.984a3 3 0 0 0-1.084 5.797s.528.214 1.219.625 1.419 1.046 1.596 1.31c1.45 2.176 1.318 4.098 1.318 4.098a3 3 0 1 0 5.988.372s.236-3.972-2.314-7.797c-1.064-1.596-2.428-2.49-3.5
papirus,infector.svg,1155,724,1927,1159,4989,661,298,264,234,ok,,
papirus,inkscape.svg,4426,1483,7034,3662,0,0,0,0,0,fail,svg2tvgt,Error Context: 'M31.996 4a6.2 6.2 0 0 0-4.527 1.932L4.926 29.212A6.88 6.88 0 0 0 3 33.87v.115c0 4.99 12.607.144 13.809 6.245.65 3.301-6.803 1.79-6.803 5.11 0 3.898 12.104.719 14.715 4.429 1.998 2.84-5
papirus,inode-symlink.svg,1442,560,2028,1354,3464,560,393,364,248,ok,,
papirus,input-mouse.svg,1223,495,2116,1167,2979,489,289,272,129,ok,,
papirus,intellij.svg,1372,472,2095,1445,0,0,0,0,0,fail,svg2tvgt,Error Context: 'M18 35h8m-8-16̲h8m-4 16V19' Unhandled exception: System.InvalidOperationException: New MoveTo detected without ClosePath    at SvgPathParser.ParseMoveTo() in /tmp/tinyvg-sdk/src/tools/
papirus,io.ark.Desktop.svg,654,402,1038,682,2445,400,254,246,131,ok,,
papirus,io.elementary.appcenter.svg,2282,1193,5261,2439,0,0,0,0,0,fail,svg2tvgt,Error Context: 'm48.082 6 .718 10.5v4.895s.025 5.604-5.743 5.604c-5.719 0-5.477-5.604-5.477-5.604V6c4.148.036 10.502 0 10.502 0M26.42 6̲v15.395S26.712 27 20.944 27c-5.719 0-5.7…' Unhandled exception:
papirus,io.github.OpenToonz.svg,1020,586,1800,1222,0,0,0,0,0,fail,svg2tvgt,Error Context: 'M22 15c-7.732 0-14 6.268-14 14s6.268 14 14 14 14-6.268 14-14a14 14 0 0 0-.16-2H43v20h4V27h9v-4H34.629A14 14 0 0 0 22 15m0 4.2̲c5.413-.001 9.801 4.387 9.8 9.8.001 5.41…' Unhandled excep
papirus,io.gitlab.leesonwai.Sums.svg,724,475,1320,761,3217,461,263,240,50,ok,,
papirus,iortcw.svg,1034,586,1636,968,0,0,0,0,0,fail,svg2tvgt,Error Context: 'M23 10.17V20h-3v-6H1l3 3h13v3H5l3 3h19v-8.217l1.5-.996zm18 0-5.5 3.617 1.5.996V23h19l3-3H47v-3h13l3-3H44v6h-3v-4zM32 19a2 2 0 1 0 0 4 2 2 0 0 0 0-4M9 25̲l3 3h11v26.822l7-4.27v4.303l11-
papirus,isomaster.svg,1284,612,1835,1407,0,0,0,0,0,fail,svg2tvgt,Error Context: 'M32 4C16.488 4 4 16.488 4 32s12.488 28 28 28 28-12.488 28-28S47.512 4 32 4m0 16̲a12 12 0 0 1 12 12 12 12 0 0 1-12 12 12 …' Unhandled exception: System.InvalidOperationException: New Mo
papirus,jabref.svg,4085,1450,5906,3504,0,0,0,0,0,fail,svg2tvgt,Error Context: 'M14.454 9a6.001 6 0 0 0-4.508 9.957c6.6 7.517 7.253 14.727 6.918 19.633-.1 1.459-.488 1.995-.738 2.312-.25.318-1.15.575.273.004a6.001 6 0 0 0-.004.004c-.189.076-.341.845-3.156-.96A6.00
papirus,jackpatch.svg,2291,988,3121,1946,0,0,0,0,0,fail,svg2tvgt,Error Context: 'M39.324 16.922c-1.54-.017-2.549.066-2.549.066A3 3 0 0 0 34 19.98v13.01a3 3 0 0 0 0 .985v13.021a3 3 0 1 0 6 0V36.482c1.463-.037 3.186-.117 5.063-.468 2.126-.399 4.376-1.051 6.351-2.457
papirus,jango.svg,939,567,1337,966,0,0,0,0,0,fail,svg2tvgt,Error Context: 'M34 11a4 4 0 0 0-4 4 4 4 0 0 0 4 4 4 4 0 0 0 4-4 4 4 0 0 0-4-4m-4.668 10̲C27.485 21 26 22.338 26 24s1.485 3 3.332…' Unhandled exception: System.InvalidOperationException: New MoveTo de
papirus,jazzradio.svg,1277,576,3313,1545,0,0,0,0,0,fail,svg2tvgt,Error Context: 'M54.723 7.14a5 5 0 0 0-.711.098l-29.95 6.907C19.841 14.677 20 19 20 19v28.022c4.731 1.341 7.998-3.94 8 .978V21.316l22-5.234v24.94c4.731 1.341 7.998-3.94 8 .978V11s.047-4.054-3.277-3.86
papirus,jclicauthor.svg,1081,440,1748,961,2860,432,258,262,224,ok,,
papirus,jellyfin.svg,1883,755,2581,1566,0,0,0,0,0,fail,svg2tvgt,Error Context: 'M32.002 13C26.71 13 9.67 43.893 12.268 49.11s36.899 5.157 39.468 0S37.295 13 32.002 13m0 7.922̲c3.468 0 14.617 20.28 12.934 23.66s-24.1…' Unhandled exception: System.InvalidOperationEx
papirus,jetbrains-toolbox.svg,1796,677,2688,1764,0,0,0,0,0,fail,svg2tvgt,Error Context: 'M57.482 18.71 32 32.25v1l25.482-13.54A6.595 6.367 0 0 1 58 22.18v-1a6.595 6.367 0 0 0-.518-2.47M46 46.062̲l-10 5.323v2.434l10-5.417z' Unhandled exception: System.InvalidOperationExcept
papirus,jpexs-decompiler.svg,6509,2378,9342,4447,0,0,0,0,0,fail,svg2tvgt,Error Context: 'M19.809 17s-.54.003-.637.62L16 36.336s.02.604.555.665h2.687c.617.026.852-.7.852-.7L21.34 29h5.558c.724.069.848-.434.848-.434l.246-2.734s.101-.804-.586-.832h-5.324l.57-4h7.68c.784.02.92
papirus,jred.svg,1957,648,2920,1632,0,0,0,0,0,fail,svg2tvgt,Error Context: 'M27 4v1h31V4zM16.436 35.992c-2.637.126-5.66 1.245-7.899 3.162-1.99 1.704-3.3 3.822-3.506 6.11a8 8 0 0 0-.004 1.289c.005-.096-.004-.194.004-.29.206-2.287 1.517-4.405 3.506-6.109 2.56-2.
papirus,jubler.svg,754,446,1203,943,0,0,0,0,0,fail,svg2tvgt,Error Context: 'M29.053 4C4 4 3.948 31 3.948 31h.043C4.26 26.368 6.7 5 29.053 5 60 5 60 31.525 60 31.525v-1S60 4 29.053 4M29 34̲C3.947 34 4 60 4 60h.041c.27-4.589 2.71-…' Unhandled exception: System.I
papirus,jupyter.svg,1788,750,5694,1650,0,0,0,0,0,fail,svg2tvgt,Error Context: 'M44.873 13.002a3.002 3.002 0 0 0-1.902 5.209 3 3 0 0 0 4.593-.655 3 3 0 0 0-2.691-4.554M32 18̲a15.54 15.54 0 0 0-9.195 3.029c-2.688 1.…' Unhandled exception: System.InvalidOperationExc
papirus,jyellow.svg,1957,648,2920,1632,0,0,0,0,0,fail,svg2tvgt,Error Context: 'M27 4v1h31V4zM16.436 35.992c-2.637.126-5.66 1.245-7.899 3.162-1.99 1.704-3.3 3.822-3.506 6.11a8 8 0 0 0-.004 1.289c.005-.096-.004-.194.004-.29.206-2.287 1.517-4.405 3.506-6.109 2.56-2.
papirus,k9-copy.svg,1283,650,1778,1395,0,0,0,0,0,fail,svg2tvgt,Error Context: 'M32 5C16.488 5 4 17.488 4 33s12.488 28 28 28 28-12.488 28-28S47.512 5 32 5m0 16̲a12 12 0 0 1 12 12 12 12 0 0 1-12 12 12 …' Unhandled exception: System.InvalidOperationException: New Mo
papirus,kali-undercover.svg,1713,773,1632,1310,4099,761,418,374,151,ok,,
papirus,kawaii-player.svg,765,384,1098,815,0,0,0,0,0,fail,svg2tvgt,Error Context: 'M20.7 37.116s-2.85-4.275-2.85-9.975 2.85-8.55 2.85-8.55m23.529 18.525̲s2.85-4.275 2.85-9.975-2.85-8.55-2.85-8.…' Unhandled exception: System.InvalidOperationException: New MoveTo detec
papirus,kbibtex.svg,632,396,900,687,2311,387,253,236,191,ok,,
papirus,kbreakout.svg,902,523,1925,969,3573,514,320,284,255,ok,,Node has unsupported transform: translate(0 1)scale(1.99998)
papirus,kbruch.svg,751,434,1380,845,2645,416,264,253,33,ok,,Node has unsupported transform: translate(0 1.002)scale(1.99994) Node has unsupported transform: translate(0 .002)scale(1.99994)
papirus,kcmdf.svg,1002,640,1234,994,3913,637,358,324,122,ok,,
papirus,kfourinline.svg,1074,648,1317,1118,0,0,0,0,0,fail,svg2tvgt,Error Context: 'M30 19a10 10 0 0 1-10 10 10 10 0 0 1-10-10A10 10 0 0 1 20 9a10 10 0 0 1 10 10m24 0̲a10 10 0 0 1-10 10 10 10 0 0 1-10-10A10 …' Unhandled exception: System.InvalidOperationException: New
papirus,kget.svg,993,526,1948,1092,3014,510,363,347,193,ok,,
papirus,kig.svg,680,403,831,663,0,0,0,0,0,fail,svg2tvgt,Error Context: 'M26 12a14 14 0 0 0-14 14 14 14 0 0 0 12 13.844V52h28V24H39.84A14 14 0 0 0 26 12m0 2̲a12 12 0 0 1 11.828 10H24v13.82A12 12 0 …' Unhandled exception: System.InvalidOperationException: Ne
papirus,kipi-panorama.svg,1452,622,2008,1403,4141,676,510,471,123,ok,,
papirus,kitty.svg,5785,3035,10821,5951,0,0,0,0,0,fail,svg2tvgt,Error Context: 'M22.5 12a5.5 5.5 0 1 0 0 11 5.5 5.5 0 0 0 0-11m19 0̲a5.5 5.5 0 1 0 0 11 5.5 5.5 0 0 0 0-11' Unhandled exception: System.InvalidOperationException: New MoveTo detected without ClosePath
papirus,kmahjongg.svg,3485,1252,4074,2615,0,0,0,0,0,fail,svg2tvgt,Error Context: 'M26.518 11.36c-.328.29-.41.725-.41 1.231 0 .94.328 2.099.492 2.533 0 0 .646 4.866.728 5.445-.738.072-1.651.144-2.143.289h-.657c-1.394.072-2.707.145-3.282.651l-.246.217.246.29c.41.434.5
papirus,kolf.svg,5206,2506,8209,3893,0,0,0,0,0,fail,svg2tvgt,Error Context: 'M38.82 5.348a4 4 0 0 0 .27 2.043 4 4 0 0 0 5.228 2.158 4 4 0 0 0 1.635-1.27 27.3 27.3 0 0 0-7.133-2.931m-14.568.26̲a27.3 27.3 0 0 0-5.523 2.283 4 4 0 0 0 3…' Unhandled exception: Syste
papirus,komodo-edit.svg,7445,2417,7729,5790,15294,2418,1438,1321,1332,ok,,
papirus,kontena-lens.svg,888,498,1249,854,3287,468,302,285,172,ok,,
papirus,konversation.svg,4147,1453,7114,3458,0,0,0,0,0,fail,svg2tvgt,Error Context: 'M32 4a29 29 0 0 0-2.25.1c-10.003.789-18.473 6.794-22.754 15.306l-.004.004c-.277.551-.56 1.1-.8 1.672-1.311 2.96-2.024 6.1-2.153 9.389-.006.106-.005.213-.01.32-.008.314-.027.627-.025.94
papirus,krita.svg,2473,868,4056,2818,5416,855,581,536,515,ok,,Not implemented: SvgEllipse
papirus,krusader_root.svg,1315,555,2083,1276,3512,513,341,311,102,ok,,
papirus,ksnakeduel.svg,651,299,1613,877,2217,362,239,230,118,ok,,
papirus,ktorrent.svg,5486,1991,8555,4281,0,0,0,0,0,fail,svg2tvgt,Error Context: 'M34 19a2 2 0 1 0 .001 4.001A2 2 0 0 0 34 19m-24 4̲a2 2 0 1 0 .001 4.001A2 2 0 0 0 10 23m7.…' Unhandled exception: System.InvalidOperationException: New MoveTo detected without ClosePat
papirus,kube.svg,703,408,966,685,2649,425,261,245,137,ok,,
papirus,kubeplayer.svg,1423,676,1973,1276,3689,622,398,388,186,ok,,
papirus,kvantum.svg,2653,1106,4167,2349,7568,0,0,0,0,fail,tvg-text,error: OutOfRange /tmp/tinyvg-sdk/src/lib/builder.zig:246:17: 0x1140c1f in validateLength (tvg-text)                 return error.OutOfRange;                 ^ /tmp/tinyvg-sdk/src/lib/builder.zig:253:
papirus,kvirc.svg,5190,1978,8669,4324,0,0,0,0,0,fail,svg2tvgt,Error Context: 'M31.545 4q-1.467.026-2.893.197a1.95 1.95 0 0 0-1.607 1.282l-1.568 4.39a23 23 0 0 0-4.45 1.836L16.824 9.7a1.95 1.95 0 0 0-2.04.223 28.2 28.2 0 0 0-4.807 4.789 1.95 1.95 0 0 0-.352 1.705
papirus,kwordquiz.svg,781,393,1502,1249,0,0,0,0,0,fail,svg2tvgt,Error Context: 'M44.51 14C39.22 14 35 18.04 35 23h4c0-2.47 2.89-5 5.52-5 2.64 0 4.48 2.23 4.48 4.7 0 1.23-.23 2.3-.85 3.14l-2.97 2.83C43.57 30.45 42 32.67 42 35v2h5v-1.63c0-2.79 1.38-4.08 2.97-5.58l2.
papirus,kxstitch.svg,2079,955,3242,2202,0,0,0,0,0,fail,svg2tvgt,Node has unsupported transform: rotate(90)scale(-1 1) Node has unsupported transform: rotate(90)scale(-1 1) Error Context: 'M5.89 3C4.29 3 3 4.29 3 5.89v20.22C3 27.71 4.29 29 5.89 29h20.22c1.6 0 2.89-
papirus,laigter.svg,1684,672,2586,1598,0,0,0,0,0,fail,svg2tvgt,Error Context: 'M27.764 4s.555.559 1.27 1.396c2.667.861 9.642 3.522 12.94 8.938 1.284 2.108 1.941 3.91 2.044 5.629.137-2.025-.509-4.11-2.043-6.629C37.888 6.624 27.764 4 27.764 4m4.695 8.639̲C31.588 20
papirus,laverna.svg,799,351,984,783,2183,349,213,203,90,ok,,
papirus,ldview.svg,991,528,1978,1116,2640,447,276,264,253,ok,,Node has unsupported transform: translate(0 -1)scale(1.99997) Node has unsupported transform: translate(0 -1)scale(1.99997)
papirus,libreoffice-calc.svg,895,536,1867,1284,6607,966,449,403,202,ok,,
papirus,libreoffice-main.svg,629,331,1080,778,2575,414,271,249,172,ok,,
papirus,librewolf.svg,3557,1283,4524,2746,0,0,0,0,0,fail,svg2tvgt,Error Context: 'M32 11c-12.15 0-22 9.85-22 22s9.85 22 22 22 22-9.85 22-22-9.85-22-22-22m0 3̲c10.631 0 19 8.369 19 19-.008 8.838-5.78…' Unhandled exception: System.InvalidOperationException: New MoveTo
papirus,liferea.svg,5231,2012,9445,3717,0,0,0,0,0,fail,svg2tvgt,Node has unsupported transform: translate(0 16) Error Context: 'M56.5 11.5H35.522m20.978 6̲H35.52m20.98 6H35.522m20.978 6H35.522' Unhandled exception: System.InvalidOperationException: New MoveTo dete
papirus,lightsoff.svg,591,293,757,580,1759,289,177,174,55,ok,,
papirus,lightzone.svg,566,287,796,598,1405,284,193,197,170,ok,,
papirus,liteupgrade.svg,525,359,712,562,2282,356,221,201,97,ok,,
papirus,little-inferno.svg,1086,593,1214,1003,3675,589,353,326,62,ok,,
papirus,lovely-planet-arcade.svg,1357,721,1851,1382,0,0,0,0,0,fail,svg2tvgt,Error Context: 'M32 15a12 12 0 0 0-12 12 12 12 0 0 0 12 12 12 12 0 0 0 12-12 12 12 0 0 0-12-12m0 24̲a24 24 0 0 0-21.012 12.455A28 28 0 0 0 3…' Unhandled exception: System.InvalidOperationException: Ne
papirus,luminance-hdr.svg,1644,995,1834,1560,0,0,0,0,0,fail,svg2tvgt,Node has unsupported transform: translate(0 1) Error Context: 'M32 35a6 6 0 0 0-6 6c0-2.761 2.686-5 6-5s6 2.239 6 5a6 6 0 0 0-6-6m6 6̲H26z' Unhandled exception: System.InvalidOperationException: New M
papirus,magictree.svg,5066,2254,9188,5144,0,0,0,0,0,fail,svg2tvgt,Error Context: 'M32 4c-.992.015-1.7.634-2.031 1.658l-1.545 5.356h-5.289c-.628.02-1.193.323-1.592.826-.499.593-.636 1.242-.461 1.834a2.3 2.3 0 0 1 .461-.834c.399-.503.964-.805 1.592-.826h5.289l1.545-5.
papirus,magnatune.svg,1418,769,2811,1337,0,0,0,0,0,fail,svg2tvgt,Error Context: 'M32 13a20 20 0 0 0-20 20 20 20 0 0 0 20 20 20 20 0 0 0 20-20 20 20 0 0 0-20-20m0 6̲c2.216 0 4 1.608 4 3.602V39.4c0 1.993-1.…' Unhandled exception: System.InvalidOperationException: New
papirus,makemkv.svg,2136,816,3641,2219,0,0,0,0,0,fail,svg2tvgt,Error Context: 'M32 5A27.94 27.94 0 0 0 4 33c0 15.512 12.488 28 28 28a27.94 27.94 0 0 0 28-28C60 17.49 47.51 5 32 5m0 16̲a12 12 0 0 1 12 12 12 12 0 0 1-12 12 12 …' Unhandled exception: System.InvalidO
papirus,mame.svg,378,159,448,378,1073,159,117,107,98,ok,,
papirus,marknoto.svg,701,370,828,637,2157,378,229,215,28,ok,,
papirus,mat.svg,3457,1355,5598,3150,0,0,0,0,0,fail,svg2tvgt,Error Context: 'M16.441 11.952a1.5 1.5 0 0 0-1.441 1.5v10a1.5 1.5 0 1 0 3 0v-6.5l1.666 1.586a1.5 1.5 0 0 0 2.121-.053L23 17.208v6.244a1.5 1.5 0 1 0 3 0v-10a1.5 1.5 0 0 0-1.545-1.5 1.5 1.5 0 0 0-1.043.
papirus,mate-panel-separator.svg,724,515,972,814,3003,504,305,271,174,ok,,
papirus,media-optical-video-new.svg,1155,569,1273,1056,0,0,0,0,0,fail,svg2tvgt,Error Context: 'M24 14a10 10 0 0 0-10 10 10 10 0 0 0 10 10 10 10 0 0 0 10-10 10 10 0 0 0-10-10m0 6̲a4 4 0 1 1 0 8 4 4 0 0 1 0-8' Unhandled exception: System.InvalidOperationException: New MoveTo detec
papirus,menulibre.svg,1788,805,3059,1980,0,0,0,0,0,fail,svg2tvgt,Error Context: 'M28.043 28H48M28.043 14̲H48' Unhandled exception: System.InvalidOperationException: New MoveTo detected without ClosePath    at SvgPathParser.ParseMoveTo() in /tmp/tinyvg-sdk/src/tools
papirus,meshlab.svg,10827,3718,16247,8120,0,0,0,0,0,fail,svg2tvgt,Error Context: 'M50.227 10.658s-2.722 1.182-3.513 2.817c-.777.554-1.525 1.28-1.748 2.105-.998.53-2.778 1.639-3.03 3.01l.244.06c.488-1.327 1.872-2.01 2.904-2.876l.068.017c.016-.044.043-.081.06-.123.158
papirus,microsoft-edge-dev.svg,4044,1455,5722,3365,0,0,0,0,0,fail,svg2tvgt,Error Context: 'M32 4.002C16.69 4 4.215 16.295 4 31.602c.01-.768.094-1.53.244-2.282C6.05 15.577 17.802 5 32 5.002c10.88 0 20.883 5.214 25.518 14.28.695 1.374 2.348 4.412 2.457 8.929.01-.108.023-.214.0
papirus,microsoft-edge.svg,3275,1046,4894,2889,0,0,0,0,0,fail,svg2tvgt,Error Context: 'M32 4.002C16.69 4 4.215 16.295 4 31.602c.01-.768.094-1.53.244-2.282C6.05 15.577 17.802 5 32 5.002c10.88 0 20.883 5.214 25.518 14.28.695 1.374 2.348 4.412 2.457 8.929.01-.108.023-.214.0
papirus,microsoft.svg,544,300,665,559,1825,300,190,183,129,ok,,
papirus,mikutter.svg,3048,1104,5148,2782,0,0,0,0,0,fail,svg2tvgt,Error Context: 'M16 42V28.955s1.182-6.917 8-6.955 8 6.787 8 6.787V42m0 0̲V28.955s1.182-6.917 8-6.955 8 6.787 8 6.…' Unhandled exception: System.InvalidOperationException: New MoveTo detected without C
papirus,minetest.svg,2497,884,3810,2168,5527,880,491,467,464,ok,,
papirus,minetime.svg,1242,533,1690,1053,3087,506,295,263,183,ok,,
papirus,mini-calendar-widget.svg,789,401,1044,785,2126,400,233,205,124,ok,,
papirus,mintsources-additional.svg,888,431,1086,817,2271,397,211,214,105,ok,,
papirus,mkusb.svg,1055,402,1603,1180,0,0,0,0,0,fail,svg2tvgt,Error Context: 'M19.066 44.356c-.255-.747 3.928-5.619 3.414-8.182-1.406-7.006-3.674-8.622 3.167-14.676M22.83 38.783̲c.746.254 3.893-2.43 6.27-2.29 7.133.419…' Unhandled exception: System.InvalidOperat
papirus,model-stl.svg,1272,538,1749,1302,3230,546,336,335,311,ok,,
papirus,moe-era.svg,1172,737,1273,1187,0,0,0,0,0,fail,svg2tvgt,Error Context: 'M35 11v11l5-11zm-6 5 3 6v-6zm14 0-3 6 6-3zm-9 6a13 11 0 0 0-13 11 13 11 0 0 0 13 11 13 11 0 0 0 13-11 13 11 0 0 0-13-11m-.5 8̲a4.5 3 0 0 1 4.5 3 4.5 3 0 0 1-4.5 3 4.5…' Unhandled excep
papirus,mouse-touchpad-gestures.svg,841,503,1106,846,3619,624,306,256,281,ok,,
papirus,mpc-qt.svg,1856,924,2943,1702,0,0,0,0,0,fail,svg2tvgt,Error Context: 'M32 13c-11.03 0-20 8.97-20 20s8.97 20 20 20 20-8.97 20-20-8.97-20-20-20m0 3̲c9.403 0 17 7.597 17 17s-7.597 17-17 17-…' Unhandled exception: System.InvalidOperationException: New MoveTo
papirus,mps.svg,1866,659,3000,2008,0,0,0,0,0,fail,svg2tvgt,Error Context: 'M25.008 33.986v-16m-10 0̲ 4.992 8 5.008-8m-10 16v-16' Unhandled exception: System.InvalidOperationException: New MoveTo detected without ClosePath    at SvgPathParser.ParseMoveTo() in
papirus,mpv.svg,535,262,724,618,1346,254,170,159,100,ok,,Node has unsupported transform: matrix(1.51554 0 0 1.5 -3.654 -4.987)
papirus,ms-onedrive.svg,3642,1365,3984,2103,5745,962,606,575,232,ok,,
papirus,ms-onenote.svg,1511,633,2411,1447,4331,618,406,401,72,ok,,
papirus,multiwinia.svg,1282,825,1962,1141,4862,798,335,307,58,ok,,
papirus,muon.svg,736,382,1060,817,2529,377,265,267,174,ok,,
papirus,muse-dash.svg,1895,950,3220,1832,0,0,0,0,0,fail,svg2tvgt,Error Context: 'M21.3 9c-1.4 0-1.3 1.322-1.3 1.322l.117.366c.144-.34.463-.688 1.184-.688h10c4.2 0 4.898 3.967 4.898 3.967L39 33l2.8-19.756s.7-2.644 3.5-2.644h11.9c2.8 0 2.8 2.644 2.8 2.644v-1S60 9.6 5
papirus,museeq.svg,930,493,1641,1047,3058,491,295,296,287,ok,,Node has unsupported transform: translate(-219.997 -359.994)scale(1.49998) Error Context: 'M160 251.33̲h4v22.667h-4zm12 0h4v17.333h-4z' Reducing bit range trying to fit 160 Node has unsupported transf
papirus,musescore.svg,1932,979,3282,1899,0,0,0,0,0,fail,svg2tvgt,Error Context: 'M43 17c-3.931 0-7 2.926-7 6.766 0 1.645 3 1.645 3 0C39 21.57 40.038 20 43 20s4 1.571 4 3.766c0 1.645 3 1.645 3 0C50 19.926 46.931 17 43 17m0 5̲a1.996 1.996 0 1 0 0 3.99A1.996 1.996 0 …
papirus,mx-conky.svg,2023,1315,1479,1224,5049,830,415,367,317,ok,,
papirus,mx-select-sound.svg,1742,896,2955,1944,6149,900,487,451,35,ok,,Node has unsupported transform: translate(-.005 -.024) Node has unsupported transform: translate(0 1) Node has unsupported transform: rotate(90)
papirus,mx-snapshot.svg,1411,821,1499,1153,0,0,0,0,0,fail,svg2tvgt,Error Context: 'M48 34a12 12 0 0 0-7.645 2.762L44.535 44l5.653-9.791A12 12 0 0 0 48 34m4.178.766̲L48 42h11.299a12 12 0 0 0-7.121-7.234m-1…' Unhandled exception: System.InvalidOperationException: New M
papirus,mx-welcome.svg,762,504,752,667,0,0,0,0,0,fail,svg2tvgt,Error Context: 'M32 14a4 4 0 0 0-4 4 4 4 0 0 0 4 4 4 4 0 0 0 4-4 4 4 0 0 0-4-4m-14 2̲-3 3 12 9v25h4V35h2v18h4V28l12-9-3-3-10 …' Unhandled exception: System.InvalidOperationException: New MoveTo detect
papirus,mysql-workbench.svg,4609,1563,6564,3673,0,0,0,0,0,fail,svg2tvgt,Error Context: 'M16.05 14c-1.564-.033-2.298 1.05-1.976 2.915.104.6.63 1.46 1.766 2.882 1.262 1.582 1.77 2.446 2.32 3.942.867 2.358 1.268 3.15 1.972 3.885.548.574.548.576.18 1.744-.57 1.81-.688 5.44-.2
papirus,narcissu-1st-2nd.svg,569,407,778,605,2170,400,231,212,31,ok,,
papirus,nasc.svg,749,425,887,662,2405,396,268,228,119,ok,,
papirus,net.pioneerspacesim.Pioneer.svg,10449,3959,12421,8031,0,0,0,0,0,fail,svg2tvgt,Error Context: 'm29.421 11.007-.86.062.218 3.267.391-.028-.09-1.35.62-.045.842 1.295.458-.034-.951-1.4q.154-.066.287-.182a.8.8 0 0 0 .215-.296.95.95 0 0 0 .064-.443q-.03-.466-.324-.673-.29-.214-.87-.1
papirus,netbeans.svg,3871,1455,7864,3674,10870,1683,995,947,626,ok,,
papirus,netradiant.svg,2033,967,3114,1889,0,0,0,0,0,fail,svg2tvgt,Error Context: 'm39 53.288 2.977-1.75L45 53.176 41.977 55zM19 41.842l3-1.675 3.02 1.167L22 42.88Zm8.766-3.638L31.616 36H35l4-2.555v3.26L35 39h-6.007Zm-2.745-8.553v-3.365L36 20.13v-3.266L32.049 19H29l-
papirus,network-card.svg,1361,696,2552,1561,5069,697,406,369,58,ok,,Node has unsupported transform: translate(0 1) Node has unsupported transform: rotate(90)
papirus,nextcloud.svg,1273,800,1530,1220,0,0,0,0,0,fail,svg2tvgt,Error Context: 'M32 22a11 11 0 0 0-10.617 8.139A7 7 0 0 0 15 26a7 7 0 0 0-7 7 7 7 0 0 0 7 7 7 7 0 0 0 6.387-4.158A11 11 0 0 0 32 44a11 11 0 0 0 10.617-8.139A7 7 0 0 0 49 40a7 7 0 0 0 7-7 7 7 0 0 0-7-7
papirus,nexuiz.svg,5914,2053,7481,4343,12902,2067,1203,1108,1162,ok,,
papirus,nicotine-plus.svg,1065,499,3254,1844,4998,831,506,473,389,ok,,
papirus,nightsky.svg,458,231,534,475,1089,223,137,133,72,ok,,
papirus,nmap.svg,3674,1322,5395,2921,0,0,0,0,0,fail,svg2tvgt,Error Context: 'M32 13.001c-11.046 0-20 8.954-20 20s8.954 20 20 20 19.999-8.955 19.999-20-8.954-20-20-20m-1.872 3.989̲c.218-.023.492.013.711 0 .026.104-.154.4…' Unhandled exception: System.InvalidOper
papirus,no-mans-sky.svg,594,280,691,555,1683,246,173,165,67,ok,,
papirus,nomacs.svg,1946,1091,3219,1999,6599,1078,512,450,451,ok,,
papirus,non-starred.svg,2235,810,665,229,523,75,88,80,81,ok,,Failed to translate color spec 'currentColor'
papirus,notification-audio-volume-low.svg,531,221,555,501,1412,213,181,182,162,ok,,
papirus,notification-audio-volume-medium.svg,713,314,832,646,0,0,0,0,0,fail,svg2tvgt,Error Context: 'M33.967 24.494C33.801 28.18 31.834 31.335 29 33v1c2.96-1.74 5-5.1 5-9 0-.172-.025-.336-.033-.506M4 34̲v1h9.092L24 45v-1L13.092 34z' Unhandled exception: System.InvalidOperationExceptio
papirus,notification-gsm-connected.svg,580,320,714,595,1935,317,210,197,187,ok,,Node has unsupported transform: translate(0 -2) Node has unsupported transform: translate(0 -3)
papirus,notification-network-ethernet-connected.svg,583,362,549,515,2053,358,209,196,187,ok,,
papirus,notification-network-ethernet-disconnected.svg,942,520,1226,874,2975,506,292,277,260,ok,,Node has unsupported transform: rotate(-45 34.607 32.008)
papirus,nsm-legacy-gui.svg,2989,1334,4031,2161,0,0,0,0,0,fail,svg2tvgt,Error Context: 'M18.97 22.973A2 2 0 0 0 17 25v7.527l-4.21-8.422A2 2 0 0 0 9 25v16a2 2 0 1 0 4 0v-7.527l4.21 8.422A2 2 0 0 0 21 41V25a2 2 0 0 0-2.03-2.027M30 23̲c-1.944 0-3.645.749-4.662 1.969S24 27.66
papirus,nsm-proxy.svg,3622,1490,4916,2750,0,0,0,0,0,fail,svg2tvgt,Error Context: 'M28.162 22.918c-.855.02-1.41.098-1.41.098A2 2 0 0 0 25 25v7.68a2 2 0 0 0 0 .639V41a2 2 0 1 0 4 0v-5.78a2 2 0 0 0 .336.89l4 6a2 2 0 1 0 3.328-2.218l-3.67-5.504c.693-.251 1.38-.582 2.018
papirus,nvim.svg,588,275,748,632,2166,287,219,208,200,ok,,
papirus,obdautodoctor.svg,4288,1732,6091,3297,0,0,0,0,0,fail,svg2tvgt,Error Context: 'm43.23 18-4.654 4.701c-6.136 6.198-5.935 5.981-5.754 6.195.064.076.227.118.512.143.695-.748 2.177-2.241 5.242-5.338L43.23 19l3.122.08c1.54.04 2.661.093 3.035.129.38-.39.613-.657.613-.7
papirus,ocrfeeder.svg,2664,1096,4027,2445,0,0,0,0,0,fail,svg2tvgt,Error Context: 'M27.945 4C14.815 4 4 14.83 4 27.977c0 .167.01.333.014.5C4.284 15.557 14.983 5 27.945 5c12.923 0 23.597 10.493 23.93 23.36.002-.125.015-.247.016-.372v-.011C51.89 14.829 41.075 4 27.945
papirus,okteta.svg,3606,1772,6279,3499,0,0,0,0,0,fail,svg2tvgt,Error Context: 'M24.492 10a.5.665 0 0 0-.492.675v6.65a.5.665 0 1 0 1 0v-6.65a.5.665 0 0 0-.508-.675m6 0̲a.5.665 0 0 0-.492.675v6.65a.5.665 0 1 0…' Unhandled exception: System.InvalidOperationException
papirus,olivia.svg,1173,757,1802,1497,0,0,0,0,0,fail,svg2tvgt,Error Context: 'M24 29a4 4.125 0 0 0-4 4.125v13.75A4 4.125 0 0 0 24 51a4 4.125 0 0 0 4-4.125v-13.75A4 4.125 0 0 0 24 29m16 0̲a4 4.125 0 0 0-4 4.125v13.75A4 4.125 0 0…' Unhandled exception: System.Inva
papirus,openage.svg,1401,624,1810,1201,3220,600,395,342,259,ok,,
papirus,openarena.svg,1748,703,2379,1216,0,0,0,0,0,fail,svg2tvgt,Error Context: 'M32 19c-4.396.005-8.784 1.08-12.133 3.208-7.363 4.676-7.87 12.768-1.105 17.738.621.448 1.187.867 1.257.921l-1.871 3.328L21.999 47l10-16.64L42 47l3.852-2.804-1.872-3.328c.07-.054.636-.4
papirus,openboard.svg,1059,405,1575,988,2395,400,270,255,236,ok,,
papirus,openboardview.svg,2509,1628,3801,2732,0,0,0,0,0,fail,svg2tvgt,Node has unsupported transform: translate(0 -1058.52) Error Context: 'M 6.8 1063.52̲ h 50.4 c 1.4 0 2.8 0 2.8 2.8 v 50.4 c 0…' Reducing bit range trying to fit 1063.52 Node has unsupported transform:
papirus,opengl.svg,1234,495,1510,1033,2538,480,328,312,27,ok,,
papirus,openoffice4-draw.svg,1049,341,1281,982,1928,333,239,226,171,ok,,
papirus,openoffice4-writer.svg,513,281,717,504,1807,273,171,154,70,ok,,
papirus,opentyrian.svg,5920,2754,11106,5822,0,0,0,0,0,fail,svg2tvgt,Node has unsupported transform: scale(-1 1) Error Context: 'M11.996 5v1l12 5.684v-1zm40.008 0-12 5.684v1l12-5.684zm-22.75 2-3.192 2.32-.132 2.785-.805.895h-1.129v1h1.129l.805-.895.133-2.785L29.253 8h5
papirus,ophcrack.svg,1810,1086,1903,1727,0,0,0,0,0,fail,svg2tvgt,Error Context: 'M30 23c-3.324 0-6 2.676-6 6v1c0-3.324 2.676-6 6-6h4c3.324 0 6 2.676 6 6v-1c0-3.324-2.676-6-6-6zm-1 13v1c0 1.108.892 2 2 2h2c1.108 0 2-.892 2-2v-1c0 1.108-.892 2-2 2h-2c-1.108 0-2-.892-
papirus,org.emilien.Password.svg,824,533,1135,835,0,0,0,0,0,fail,svg2tvgt,Error Context: 'M21 24a9 9 0 0 0-9 9 9 9 0 0 0 9 9 9 9 0 0 0 8.465-6h5.101l3.965 4.2 3.942-4.2h.398l3.953 4.2 4.778-4.86L46.844 30h-17.36A9 9 0 0 0 21 24m0 6̲a3 3 0 0 1 3 3 3 3 0 0 1-3 3 3 3 0 0 1-3…'
papirus,org.glimpse_editor.Glimpse.svg,2956,1340,0,0,0,0,0,0,0,no_source,source,SVG not found in current source dataset
papirus,org.gnode.NixView.svg,2017,765,3033,1910,0,0,0,0,0,fail,svg2tvgt,Error Context: 'M36 13a16 16 0 0 1 16 16 16 16 0 0 1-16 16 16 16 0 0 1-16-16 16 16 0 0 1 16-16m0 6̲a10 10 0 0 0-10 10 10 10 0 0 0 10 10 10 …' Unhandled exception: System.InvalidOperationException: New
papirus,org.gnome.Firmware.svg,725,526,2760,2060,0,0,0,0,0,fail,svg2tvgt,Error Context: 'M25 11v14h3V11Zm-1 14H14v-5.5c0-1.5-1.5-1.5-1.5-1.5h-4S7 18 7 19.5 8.5 21 8.5 21H11v5.5c0 .8.7 1.5 1.5 1.5H24Zm7-14v14h3V11Zm6 0v14h3V11Zm18.5 6c-1.7 0-1.5 1.5-1.5 1.5V26H40v3h15.5c1.5
papirus,org.gnome.FontViewer.svg,4518,1749,6445,3126,0,0,0,0,0,fail,svg2tvgt,Error Context: 'M23.832 15q-1.525 0-3.133.273a24 24 0 0 0-3.312.79v2.312a14.5 14.5 0 0 1 2.96-.941 16 16 0 0 1 3.165-.313q2.552 0 3.957.953c.947.626 1.418 1.65 1.418 2.801v.258h-4.36c-2.83 0-4.966.422
papirus,org.gnome.GTG.svg,1649,770,2771,1859,0,0,0,0,0,fail,svg2tvgt,Error Context: 'M32 3a6 6 0 0 0-6 6 6 6 0 0 0 6 6 6 6 0 0 0 6-6 6 6 0 0 0-6-6m0 3̲a3 3 0 0 1 3 3 3 3 0 0 1-3 3 3 3 0 0 1-3…' Unhandled exception: System.InvalidOperationException: New MoveTo detected
papirus,org.gnome.IconPreview.svg,985,442,0,0,0,0,0,0,0,no_source,source,SVG not found in current source dataset
papirus,org.gnome.Keysign.svg,2558,1006,3544,2144,5380,994,546,525,94,ok,,
papirus,org.gnome.NetworkDisplays.svg,1598,802,2483,1660,0,0,0,0,0,fail,svg2tvgt,Error Context: 'M32.016 17.523a18.2 18.2 0 0 0-10.602 3.387 1 1 0 1 0 1.16 1.63 16.23 16.23 0 0 1 18.875.015 1 1 0 0 0 1.164-1.627 18.2 18.2 0 0 0-10.597-3.405m.043 4.987̲a13.3 13.3 0 0 0-7.805 2.484
papirus,org.gnome.PasswordSafe.svg,1973,1187,1996,1586,0,0,0,0,0,fail,svg2tvgt,Error Context: 'M32 17a16 16 0 0 0-16 16 16 16 0 0 0 16 16 16 16 0 0 0 16-16 16 16 0 0 0-16-16m0 4̲a12 12 0 0 1 12 12 12 12 0 0 1-12 12 12 …' Unhandled exception: System.InvalidOperationException: New
papirus,org.gnome.Pinpoint.svg,541,319,795,561,2026,307,205,205,28,ok,,
papirus,org.homelinuxserver.vance.biblereader-symbolic.svg,545,374,788,551,2162,365,218,201,129,ok,,
papirus,org.kde.kontrast.svg,901,388,1230,856,2472,368,239,239,179,ok,,
papirus,org.kde.plasma.systemmonitor.cpucore.svg,836,545,1203,828,3626,521,293,261,268,ok,,
papirus,org.kde.plasma.vault.svg,987,658,1133,923,0,0,0,0,0,fail,svg2tvgt,Error Context: 'M24 22c-2.216 0-4 1.821-4 4.062V28h-1c-.554 0-1 .446-1 1v6c0 .554.446 1 1 1h10c.554 0 1-.446 1-1v-6c0-.554-.446-1-1-1h-1v-1.938C28 23.822 26.216 22 24 22m0 2̲c1.108 0 2 .891 2 2v2h-4v-
papirus,org.processing.processingide.svg,1108,487,1307,949,2599,470,285,293,143,ok,,
papirus,otter-browser.svg,867,374,979,700,1731,344,192,177,108,ok,,
papirus,owncloud.svg,1428,487,1526,1387,2445,483,259,236,138,ok,,
papirus,password-manager.svg,672,344,1352,700,2098,360,199,192,27,ok,,
papirus,pdfstudio.svg,2701,1320,3991,2205,7289,1127,703,641,612,ok,,
papirus,peek.svg,922,581,1395,1033,0,0,0,0,0,fail,svg2tvgt,Node has unsupported transform: translate(0 1) Error Context: 'M14.5 42.5v7h7m28-7̲v7h-7m7-16v-7h-7m-28 7v-7h7' Unhandled exception: System.InvalidOperationException: New MoveTo detected without Close
papirus,peerunity.svg,991,386,1319,862,1744,328,229,212,156,ok,,
papirus,pencil2d.svg,2921,1140,5152,2972,0,0,0,0,0,fail,svg2tvgt,Error Context: 'M49.086 12.004c-2.325-.06-3.895.648-3.895.648l-29.64 17.332L7.93 41.312c.05.014.087.034.136.047-2.41 3.806-4.708 7.626-5.668 9.797-.736 1.88-.509 2.514 1.176 2.703 10.485.408 11.653-.2
papirus,performous.svg,4055,1570,5507,3041,11340,1556,930,836,790,ok,,
papirus,phantompeer.svg,1409,909,2081,1548,4501,904,540,515,247,ok,,
papirus,phd2.svg,3633,1652,4992,2609,0,0,0,0,0,fail,svg2tvgt,Error Context: 'M31 10.035A23 23 0 0 0 9.05 32h10A13 13 0 0 1 31 20.043Zm2 .016v10A13 13 0 0 1 44.957 32h10.008A23 23 0 0 0 33 10.05M9.035 34̲A23 23 0 0 0 31 55.95v-10A13 13 0 0 1 19…' Unhandled excep
papirus,phoronix-test-suite.svg,1029,547,1744,1091,3167,535,344,303,133,ok,,
papirus,photoflare.svg,4965,1952,7171,3868,0,0,0,0,0,fail,svg2tvgt,Error Context: 'm43.5 12.5-1.414 2.586L39.5 16.5l2.586 1.414L43.5 20.5l1.414-2.586L47.5 16.5l-2.586-1.414Zm-6.504 1-.523.969L35.5 15l.973.531.523.969.531-.969L38.5 15l-.973-.531ZM32 15c-9.925 0-18 8.0
papirus,phototonic.svg,2127,886,3077,1952,5440,856,639,615,602,ok,,
papirus,pingus-icon.svg,1359,624,2247,1424,3349,621,349,326,264,ok,,Node has unsupported transform: matrix(1.5 0 0 1.29904 -5.169 3.79)
papirus,piwigo.svg,847,436,1033,813,2462,436,240,209,169,ok,,
papirus,plasma-search.svg,1065,561,1983,1249,0,0,0,0,0,fail,svg2tvgt,Error Context: 'M35.015 19c-6.05 0-11.048 4.948-11.048 10.997 0 2.3.778 4.415 1.998 6.186L18.6 43.557a2.008 2.01 0 0 0 2.808 2.874l7.365-7.373a11 11 0 0 0 6.242 1.937c6.05 0 10.985-4.948 10.985-10.998
papirus,plasmafox.svg,2405,1037,3601,2121,0,0,0,0,0,fail,svg2tvgt,Error Context: 'M26.5 24c-.831 0-1.5.669-1.5 1.5s.669 1.5 1.5 1.5 1.5-.669 1.5-1.5-.669-1.5-1.5-1.5m9.223 1̲-3.325 3.2 4.989 4.8-4.989 4.8 3.325 3.2…' Unhandled exception: System.InvalidOperationExcep
papirus,playlist.svg,911,412,1360,978,2548,404,251,255,102,ok,,
papirus,playonlinux.svg,3659,1194,5867,3165,0,0,0,0,0,fail,svg2tvgt,Node has unsupported transform: matrix(1.95 0 0 1.94995 .8 1.8) Error Context: 'M15.951 16.102c.131 6.193 6.484 14.448 9.49 9.24.878-1.525.929-2.624.584-3.423.865-.1 1.79-.693 2.673-2.217 3.339-5.782-
papirus,pomodoneapp.svg,718,465,755,665,2216,431,224,218,164,ok,,
papirus,pop-cosmic-applications.svg,3197,1921,4950,2960,11604,1894,612,505,620,ok,,
papirus,portal2.svg,7386,3049,10263,6774,0,0,0,0,0,fail,svg2tvgt,Error Context: 'M32 4.998c1.01 0 2.003.062 2.98.168A28 28 0 0 0 32 4.998m-1.864.066̲a28 28 0 0 0-.558.059c.188-.017.37-.045.…' Unhandled exception: System.InvalidOperationException: New MoveTo detecte
papirus,postal-2.svg,1717,1047,2187,1590,0,0,0,0,0,fail,svg2tvgt,Error Context: 'M18 4c-2.8 0-6 0-6 3q.001.266.035.5C12.38 5.002 15.365 5 18 5c21 0 28 3 28 3s5.82 1.968 5.984 15.44c.003-.152.016-.285.016-.44 0-14-6-16-6-16s-7-3-28-3m14.021 42.488̲c-.007.17-.021.336
papirus,postman.svg,3735,1381,5537,2938,0,0,0,0,0,fail,svg2tvgt,Error Context: 'M43.88 17.004a3.97 3.97 0 0 0-2.598 1.121c-1.6 1.556-1.662 4.124-.125 5.744l-.017-.032a3.97 3.97 0 0 0 4.627.8l-2.757-2.773a.296.296 0 0 1 0-.385l3.548-3.577a3.95 3.95 0 0 0-2.678-.898
papirus,postr.svg,718,434,956,801,2323,429,258,247,30,ok,,
papirus,preferences-desktop-emoticons.svg,1088,543,1645,1013,2615,447,336,322,238,ok,,Node has unsupported transform: matrix(1.4 0 0 1.4 -75.874 4.516)
papirus,preferences-desktop-font.svg,1612,665,1891,1477,3996,660,436,409,311,ok,,
papirus,preferences-desktop-navigation.svg,1273,584,2007,1295,3376,580,288,295,93,ok,,
papirus,preferences-desktop-notification-bell.svg,1516,630,2886,1423,0,0,0,0,0,fail,svg2tvgt,Error Context: 'M32 4a4.194 4.194 0 0 0-4.19 4.2l.003.019C19.553 10.124 14 17.507 14 26.4v1c0-8.893 5.552-16.276 13.813-18.181l-.002-.02C27.81 6.88 29.686 5 32 5s4.19 1.88 4.19 4.2l-.002.019C44.448 11
papirus,preferences-desktop-personal.svg,773,410,1128,715,0,0,0,0,0,fail,svg2tvgt,Node has unsupported transform: translate(0 1) Error Context: 'M32 14a7 7 0 1 0 0 14 7 7 0 0 0 0-14m0 19̲c-13.999.008-14 8.862-14 8.862v3.6S20.58…' Unhandled exception: System.InvalidOperationExceptio
papirus,preferences-desktop-thunderbolt.svg,609,265,811,604,1552,257,180,171,102,ok,,
papirus,preferences-system-services.svg,14975,4929,21887,10995,0,0,0,0,0,fail,svg2tvgt,Error Context: 'M34.447 4c-.483-.003-.673.38-1.654 3.367l-.975 2.969-1.49.135c-.82.074-1.764.19-2.1.26-.443.092-.65.094-.757.003-.082-.067-.773-1.188-1.535-2.488-1.524-2.598-1.838-3.014-2.266-3.014-.4
papirus,protonmail-desktop.svg,3168,1195,4855,2622,0,0,0,0,0,fail,svg2tvgt,Error Context: 'M32 16c-.816 0-1.633.037-2.152.111-6.27.897-9.973 3.93-10.715 8.776-.082.535-.106 1.485-.12 5.127L19 34.34l.18.287c.449.713 1.072 1.213 4.023 3.246 4.934 3.398 6.962 4.638 8.211 5.016.
papirus,psi.svg,2623,882,3674,2266,0,0,0,0,0,fail,svg2tvgt,Error Context: 'M36.871 4 26.578 45.172c-2.093-.61-3.448-1.345-4.207-2.008-.933-.815-1.26-1.48-1.355-2.814-.018.236-.04.476-.032.673.062 1.587.374 2.257 1.387 3.141.76.663 2.114 1.397 4.207 2.008L36.8
papirus,pspp.svg,797,323,1052,821,1934,317,209,205,178,ok,,
papirus,pulseview.svg,978,537,1406,1089,4030,534,336,309,314,ok,,
papirus,pushbullet-indicator.svg,1246,570,1886,1238,0,0,0,0,0,fail,svg2tvgt,Node has unsupported transform: matrix(2.00014 0 0 1.99982 1.998 1.003) Error Context: 'M7.667 11h2.666c.368 0 .667.272.667.609v9.78c0 .337-.299.611-.666.611H7.667c-.367 0-.666-.274-.666-.61v-9.78c0-.
papirus,pyrenamer.svg,2347,969,3345,1888,6032,944,569,517,171,ok,,
papirus,qasmixer.svg,1366,993,1838,1481,6319,997,469,421,216,ok,,
papirus,qnapi.svg,1107,589,1687,1219,0,0,0,0,0,fail,svg2tvgt,Error Context: 'M32 13a20 20 0 0 0-20 20 20 20 0 0 0 20 20 20 20 0 0 0 10.262-2.86c1.409 1.49 2.681 3.114 3.707 4.778l4.863-2.996c-1.175-1.908-2.585-3.715-4.133-5.39A20 20 0 0 0 52 33a20 20 0 0 0-20-2
papirus,qtdbusviewer.svg,1280,727,3815,2043,5661,908,605,587,294,ok,,
papirus,qtodotxt.svg,1193,574,2255,1462,0,0,0,0,0,fail,svg2tvgt,Error Context: 'M31.969 13.05C20.94 13.05 12 21.992 12 33.02s8.94 19.968 19.969 19.968a19.97 19.97 0 0 0 13.625-5.406l5.695 5.695a28 28 0 0 0 6.57-9.566l-6.41-6.414c.317-1.405.48-2.838.488-4.277 0-11.
papirus,quake3-team-arena.svg,2459,961,3857,2382,0,0,0,0,0,fail,svg2tvgt,Error Context: 'M32.002 9.424 29 33.037l.064.5 2.938-23.113 2.934 23.113.064-.5zm-14.465 12.25-2.68.732c-2.197.602-3.92 1.275-5.31 2.229S6.8 27.23 7.025 29.285c.003.028.013.051.016.078.194-1.621 1.332
papirus,quassel.svg,996,529,1795,974,2606,526,282,271,154,ok,,
papirus,qubic.svg,2861,1302,4104,2657,8600,1254,698,678,332,ok,,Node has unsupported transform: translate(.156 .002)
papirus,rare.svg,2447,1115,3868,2445,0,0,0,0,0,fail,svg2tvgt,Error Context: 'M19 18c-6.958 0-11.28 3.76-13.16 7.361C3.96 28.964 4 32.5 4 32.5h6s.04-2.214 1.16-4.361C12.28 25.99 13.958 24 19 24c2.042 0 3.84.933 5.852 2.795 2.01 1.862 4.031 4.59 6.086 7.453 2.054
papirus,raven-reader.svg,2449,891,3040,1860,4805,874,580,544,470,ok,,
papirus,realtimesync.svg,3217,1125,5318,2867,0,0,0,0,0,fail,svg2tvgt,Error Context: 'M32.035 17c-1.558-.016-3.105.207-4.605.602-6.994 1.8-11.536 8.416-11.43 15.37h-4L18 41l6-8.027h-4c-.013-2.913.458-5.814 2.477-7.989 3.522-3.983 10.51-5.614 15.554-2.683 1.676 2.106 5.3
papirus,redirection.svg,654,416,1101,713,2784,413,249,235,114,ok,,
papirus,redshift.svg,1315,578,2428,1409,3476,567,454,424,39,ok,,
papirus,referencer.svg,5537,1996,7750,4491,0,0,0,0,0,fail,svg2tvgt,Error Context: 'M36.039 21c-5.906 0-10.953 3.675-12.99 8.843-.109.262-.204.532-.297.802q-.029.083-.056.167A13.7 13.7 0 0 0 22 35.1C22 42.767 28.261 49 35.962 49c5.85 0 10.862-3.6 12.938-8.69l.002-.004
papirus,retext.svg,763,433,1477,774,2708,428,265,242,39,ok,,
papirus,revolt.svg,4197,2158,5316,3886,0,0,0,0,0,fail,svg2tvgt,Error Context: 'M32 9a4 4 0 0 0-4 4 4 4 0 0 0 4 4 4 4 0 0 0 4-4 4 4 0 0 0-4-4m-10.094 2.68̲a4 4 0 0 0-1.906.535 4 4 0 0 0-1.465 5.4…' Unhandled exception: System.InvalidOperationException: New MoveTo
papirus,rkward.svg,5836,2065,8923,4807,0,0,0,0,0,fail,svg2tvgt,Error Context: 'M26 24.001c-6.445 0-12.286 1.4-16.621 3.754-2.167 1.177-3.957 2.59-5.262 4.266C2.813 33.695 2 35.68 2 37.845v4.312c0 2.163.813 4.15 2.117 5.824 1.305 1.675 3.095 3.093 5.262 4.27 4.335
papirus,rsibreak.svg,1288,619,2255,1418,3307,619,364,341,266,ok,,
papirus,rstudio.svg,1654,676,3263,2082,5399,884,447,421,406,ok,,Node has unsupported transform: matrix(1.39988 0 0 1.39995 -1.6 -.598) Node has unsupported transform: matrix(1.39988 0 0 1.39995 -1.6 -1.598)
papirus,rto-proxy.svg,2069,753,2708,1742,4275,731,453,407,94,ok,,
papirus,ryujinx.svg,1706,834,2892,1513,5669,801,516,487,183,ok,,
papirus,scid.svg,1587,1033,2323,1471,6687,951,417,381,106,ok,,Node has unsupported transform: rotate(90)scale(-1 1) Node has unsupported transform: rotate(90)scale(-1 1)
papirus,screencloud.svg,1881,958,2355,1995,0,0,0,0,0,fail,svg2tvgt,Error Context: 'M32 19a16 16 0 0 0-16 16 16 16 0 0 0 16 16 16 16 0 0 0 16-16 16 16 0 0 0-16-16m0 4̲a12 12 0 0 1 12 12 12 12 0 0 1-12 12 12 …' Unhandled exception: System.InvalidOperationException: New
papirus,sdrangel.svg,5332,1862,7845,4280,0,0,0,0,0,fail,svg2tvgt,Error Context: 'M41.3 16c-1.466.006-2.937.124-4.359.239-2.35.321-4.772.738-6.865 1.945-.698.38-1.555 1.374-.754 2.101 1.204 1.111 2.938 1.274 4.479 1.528 4.503.448 9.216.155 13.449-1.582 1.115-.336 2.
papirus,seahorse.svg,5033,2234,7711,4338,0,0,0,0,0,fail,svg2tvgt,Error Context: 'M22 5C13.163 5 6 12.163 6 21c0 6.712 4.14 12.45 10 14.824v23.57L17.363 61h3.75L26 56.18l-1.023-1.075L26 54.035l-2.559-2.14L26 49.75l-1.023-1.07L26 47.605 24.465 46 26 44.395v-1.61l-1.0
papirus,security-medium.svg,1999,782,3603,2273,0,0,0,0,0,fail,svg2tvgt,Node has unsupported transform: matrix(.16155 0 0 .1588 7.282 .778) Error Context: 'M153 26.586̲a27.5 27.5 0 0 0-9.135 1.556L16.567 73.0…' Reducing bit range trying to fit 153 Node has unsupported tra
papirus,semaphor.svg,825,356,1036,885,2526,344,187,181,28,ok,,
papirus,shadowsocks-qt5.svg,637,275,831,644,1660,274,191,169,115,ok,,
papirus,sideka.svg,8386,3129,12674,6486,0,0,0,0,0,fail,svg2tvgt,Error Context: 'M20.262 10.8c-.13-.08-1.216.64-2.086 1.383-1.21 1.033-2.453 2.781-3.098 4.344-.99 2.403-1.155 5.362-.437 7.871.446 1.56 1.867 4.13 2.273 4.113.091-.004.397-.286.68-.628.283-.344.52-.66
papirus,singular.svg,1491,510,1976,1553,2840,496,290,269,27,ok,,
papirus,sirikali.svg,1371,763,1772,1216,0,0,0,0,0,fail,svg2tvgt,Error Context: 'M32 15c-5.64 0-10 4.587-10 10.285V30h-2.219c-.986 0-1.781.945-1.781 1.941V49.2c0 .996.795 1.801 1.781 1.801H44.22c.986 0 1.781-.805 1.781-1.8V31.94c0-.996-.797-2.005-1.781-1.941H42v-4.
papirus,skyrim-script-extender.svg,8879,3164,13913,6848,0,0,0,0,0,fail,svg2tvgt,Error Context: 'M25.072 4a1.4 1.4 0 0 0-.562.104l-6.24 2.482a1.43 1.43 0 0 0-.81 1.834c.136-.366.417-.678.81-.834l6.239-2.482a1.43 1.43 0 0 1 1.863.803l2.143 5.382A22 22 0 0 1 32 11a22 22 0 0 1 4.086.
papirus,slade.svg,7871,3240,12658,6765,0,0,0,0,0,fail,svg2tvgt,Error Context: 'M31.398 3A2.39 2.39 0 0 0 29 5.398v1A2.39 2.39 0 0 1 31.398 4h1.204A2.39 2.39 0 0 1 35 6.398v-1A2.39 2.39 0 0 0 32.602 3zm-8.58 1.646a2.4 2.4 0 0 0-.94.17l-1.116.442a2.39 2.39 0 0 0-1.
papirus,slay-the-spire.svg,4777,1698,6719,3972,0,0,0,0,0,fail,svg2tvgt,Error Context: 'M34.201 7.6c-.22-.043.96 4.349.897 6.625-.273 8.337-1.42 13.27-2.406 4.427l-.807-1.315-.525 3.968c-.257 1.534-.643 2.084-1.424 2.02-.238-.019-.773-1.342-1.04-1.143-.251.19-.232 1.889-.
papirus,slingscold.svg,1495,615,1607,1183,0,0,0,0,0,fail,svg2tvgt,Node has unsupported transform: translate(16 16)scale(1.33256) Error Context: 'M24.013.001s-3.601-.101-7.2 1.7c-1.1.5-2.3 1.3-3.3 2.3-1.617 1.617-4.129 4.594-6.107 7H3.013l-2 3 3.392.917c.01.121.042.2
papirus,sm.puri.Chatty.svg,1196,582,1573,1198,0,0,0,0,0,fail,svg2tvgt,Error Context: 'M23 22a3 3 0 0 0-3 3 3 3 0 0 0 3 3 3 3 0 0 0 3-3 3 3 0 0 0-3-3m18 0̲a3 3 0 0 0-3 3 3 3 0 0 0 3 3 3 3 0 0 0 3…' Unhandled exception: System.InvalidOperationException: New MoveTo detecte
papirus,smilla.svg,1840,905,2862,1906,7534,901,388,331,119,ok,,
papirus,soundkonverter.svg,1685,744,3345,1912,0,0,0,0,0,fail,svg2tvgt,Node has unsupported transform: rotate(90)scale(-1 1) Node has unsupported transform: rotate(90)scale(-1 1) Error Context: 'M32.002 15c-1.682-.018-3.353.23-4.975.675C19.474 17.7 13.946 25.177 14.061 3
papirus,space-pirates-and-zombies.svg,2323,809,2550,2250,0,0,0,0,0,fail,svg2tvgt,Error Context: 'M15.467 17.173a23.456 8.812 29.496 0 0-3.117 1.957 23.456 8.812 29.496 0 0-.348 2.956 23.456 8.812 29.496 0 1 .348-.958 23.456 8.812 29.496 0 1 5.52-2.238 20 20 0 0 1 1.187-1.11 29.318
papirus,spacemacs.svg,3231,1179,4892,2619,6978,1164,746,696,391,ok,,
papirus,sparkleshare.svg,1730,881,3234,2022,0,0,0,0,0,fail,svg2tvgt,Error Context: 'M32.1 27.002c-1.234-.042-2.352.699-2.757 1.827l-2.119 6.095-6.458.123c-2.672.049-3.776 3.332-1.643 4.89l5.145 3.768-1.87 5.773c-.777 2.472 2.114 4.5 4.305 3.02L32 48.933l5.297 3.565c2.
papirus,sqldeveloper.svg,1144,536,1484,1273,3208,586,247,230,176,ok,,Node has unsupported transform: matrix(2 0 0 2 6 0) Node has unsupported transform: matrix(1.01036 0 0 1 -1.244 .23)
papirus,stardew-valley.svg,4998,1936,8803,4573,0,0,0,0,0,fail,svg2tvgt,Error Context: 'M19 5a2.99 2.99 0 0 0-2.594 1.52 2.79 2.79 0 0 0-2.955-.175 2.8 2.8 0 0 0 2.697 4.905 2.76 2.76 0 0 0 .98-.924q.422.34.946.511a3.49 3.49 0 0 0 1.977 3.848c1.76.8 3.84.024 4.635-1.736a3
papirus,steadyflow.svg,1086,432,1591,1064,2515,432,354,326,31,ok,,Node has unsupported transform: scale(2)
papirus,stock_xfburn-blank-cdrw.svg,1281,590,790,308,0,0,0,0,0,fail,svg2tvgt,Failed to translate color spec 'currentColor' Error Context: 'M8 0a8 8 0 0 0-8 8 8 8 0 0 0 8 8 8 8 0 0 0 8-8 8 8 0 0 0-8-8M5.172 3.758̲ 8 6.586l2.828-2.828 1.414 1.414L9.414 8…' Unhandled exception: S
papirus,stock_xfburn-burn-cd.svg,1304,612,1852,1392,0,0,0,0,0,fail,svg2tvgt,Error Context: 'M32 5C16.488 5 4 17.488 4 33s12.488 28 28 28 28-12.488 28-28S47.512 5 32 5m0 16̲a12 12 0 0 1 12 12 12 12 0 0 1-12 12 12 …' Unhandled exception: System.InvalidOperationException: New Mo
papirus,strawberry.svg,8877,2873,13168,6846,0,0,0,0,0,fail,svg2tvgt,Error Context: 'M31.692 25.07c-1.154 1.153-2.932 1.247-3.97.208-1.039-1.038-.945-2.816.209-3.97s3.518-1.835 4.557-.796.358 3.403-.796 4.557m-4 10.001̲c-1.154 1.153-2.932 1.247-3.97.208-1.039…' Unhandl
papirus,stuntrally.svg,1174,470,1456,1161,2712,472,315,290,175,ok,,
papirus,subsurface-icon.svg,6418,2345,9060,4881,15890,2310,1414,1293,1318,ok,,
papirus,system-suspend.svg,821,443,965,824,0,0,0,0,0,fail,svg2tvgt,Error Context: 'M32 12a21 21 0 0 0-21 21 21 21 0 0 0 21 21 21 21 0 0 0 21-21 21 21 0 0 0-21-21m0 6̲a15 15 0 0 1 15 15 15 15 0 0 1-15 15 15 …' Unhandled exception: System.InvalidOperationException: New
papirus,system-users.svg,770,406,1141,719,0,0,0,0,0,fail,svg2tvgt,Node has unsupported transform: translate(0 1) Error Context: 'M32 14a7 7 0 1 0 0 14 7 7 0 0 0 0-14m0 19̲c-13.999.008-14 8.862-14 8.862v3.6S20.58…' Unhandled exception: System.InvalidOperationExceptio
papirus,tamtam-app.svg,966,528,1553,949,0,0,0,0,0,fail,svg2tvgt,Error Context: 'M32 16a17 17 0 0 0-17 17 17 17 0 0 0 7 13.722v6.426a.72.85 0 0 0 1.08.738l3.531-2.41 2.524-1.723a17 17 0 0 0 2.865.246 17 17 0 0 0 17-17 17 17 0 0 0-17-17m-9 17̲h18a9 9 0 0 1-18 0' Unh
papirus,taskbar.svg,1943,1290,3370,2070,7353,1272,524,419,488,ok,,
papirus,terminator.svg,990,589,1642,1183,4269,606,366,301,267,ok,,Node has unsupported transform: rotate(90)scale(-1 1)
papirus,terratech.svg,785,470,806,724,2752,466,262,249,39,ok,,
papirus,tetzle.svg,4221,2541,6608,4277,0,0,0,0,0,fail,svg2tvgt,Error Context: 'M4 15.2v1C4 17.75 5.25 19 6.8 19h8.4c1.55 0 2.8-1.25 2.8-2.8v-1c0 1.55-1.25 2.8-2.8 2.8H6.8C5.25 18 4 16.75 4 15.2m0 14̲v1C4 31.75 5.25 33 6.8 33h8.4c1.55 0 2.8…' Unhandled exception:
papirus,texmaker.svg,1561,933,2639,1548,5782,961,424,381,149,ok,,
papirus,text-r.svg,996,479,1400,979,2698,429,336,323,172,ok,,
papirus,text-vcard.svg,2556,993,3545,2092,5820,944,595,541,444,ok,,
papirus,text-x-cobol.svg,6290,2098,8486,4620,13166,2100,1266,1164,641,ok,,
papirus,text-x-common-lisp.svg,2334,919,2592,1735,4504,705,585,546,429,ok,,
papirus,text-x-copying.svg,876,493,1259,999,0,0,0,0,0,fail,svg2tvgt,Error Context: 'M32 27a14 14 0 0 0-14 14 14 14 0 0 0 14 14 14 14 0 0 0 14-14 14 14 0 0 0-14-14m0 3̲a11 11 0 0 1 11 11 11 11 0 0 1-11 11 11 …' Unhandled exception: System.InvalidOperationException: New
papirus,text-x-eiffel.svg,2682,1088,3904,2434,8789,1088,667,611,136,ok,,
papirus,text-x-erlang.svg,1812,738,2608,1542,0,0,0,0,0,fail,svg2tvgt,Error Context: 'M32.488 28q-4.34 0-7.64 1.71a12.5 12.5 0 0 0-5.075 4.888Q18 37.77 18 42.203q-.002 4.483 1.953 7.606c1.345 2.048 3.203 3.588 5.567 4.629q3.607 1.561 8.253 1.562c9.201-.024 12.782-6.95 1
papirus,text-x-generic.svg,630,340,908,704,2195,329,222,197,67,ok,,
papirus,text-x-install.svg,697,334,1003,742,2042,323,232,223,75,ok,,
papirus,text-x-kotlin.svg,856,398,1067,744,2161,311,203,194,148,ok,,
papirus,text-x-log.svg,650,292,924,736,1867,297,204,181,54,ok,,
papirus,text-x-lua.svg,1146,595,1492,1260,0,0,0,0,0,fail,svg2tvgt,Error Context: 'M40.5 29a3.5 3.5 0 0 0-3.5 3.5 3.5 3.5 0 0 0 3.5 3.5 3.5 3.5 0 0 0 3.5-3.5 3.5 3.5 0 0 0-3.5-3.5m-11 4̲A10.5 10.5 0 0 0 19 43.5 10.5 10.5 0 0 0…' Unhandled exception: System.InvalidOpe
papirus,text-x-makefile.svg,1114,519,1707,1152,3135,507,352,328,183,ok,,
papirus,text-x-po.svg,779,420,1271,859,2679,409,288,254,128,ok,,
papirus,text-x-qml.svg,4917,1977,7883,4226,0,0,0,0,0,fail,svg2tvgt,Error Context: 'M24.643 29.002a1.365 1.404 0 0 0-.13.004 1.365 1.404 0 0 0-.36.076s-.855.29-1.844.826c-.992.537-2.195 1.286-2.97 2.575-.86 1.433-.534 2.968-.267 3.886.27.917.417 1.32.168 1.934-.12.3-.
papirus,text-x-texmacs.svg,1321,552,2173,1432,3832,556,343,304,37,ok,,Node has unsupported transform: matrix(-1.12596 0 0 1.0812 5.435 15.154) Node has unsupported transform: matrix(-1.12596 0 0 1.0812 5.435 14.154)
papirus,text-x-vbscript.svg,4986,1979,7883,4226,0,0,0,0,0,fail,svg2tvgt,Error Context: 'M24.643 29.002a1.365 1.404 0 0 0-.13.004 1.365 1.404 0 0 0-.36.076s-.855.29-1.844.826c-.992.537-2.195 1.286-2.97 2.575-.86 1.433-.534 2.968-.267 3.886.27.917.417 1.32.168 1.934-.12.3-.
papirus,thunderbird.svg,9386,3257,4873,3895,0,0,0,0,0,fail,svg2tvgt,Error Context: 'M32 19c-4 0-7.48 1.3-9.89 3.5.06.21.18.62.25.79C24.52 21.29 28 20 32 20s9 1.54 12 6c1.38 2.05 2 4 2 6 0-2.62-.66-5-2-7-3-4.44-8-6-12-6M10 36̲v1c0 2 .75 5.2 1.66 7.16.42.48 1.23 1.28…'
papirus,tilix.svg,1399,393,1774,1449,2649,388,222,200,121,ok,,
papirus,tilp.svg,3368,1190,5775,2901,8475,1059,778,738,546,ok,,Node has unsupported transform: matrix(.86784 .49684 -.50312 .86422 0 0) Node has unsupported transform: matrix(.86784 .49684 -.50312 .86422 0 0) Node has unsupported transform: matrix(.86784 .49684 -
papirus,tipp10.svg,961,891,1243,1075,4753,888,354,297,236,ok,,Node has unsupported transform: matrix(2 0 0 2 1 1)
papirus,tizen-studio-certificatemanager.svg,2361,1038,3427,2039,0,0,0,0,0,fail,svg2tvgt,Error Context: 'm33.578 13-1.812 1.444-1.866-1.375-1.375 1.861-2.16-.844-.847 2.157-2.303-.26-.26 2.303-2.29.347.343 2.295-2.125.926.93 2.125L18 25.422l1.443 1.813-1.375 1.865 1.862 1.375-.844 2.16 2.
papirus,tizen-studio-dynamicanalyzer.svg,1301,661,1787,1333,0,0,0,0,0,fail,svg2tvgt,Error Context: 'M32 11a22 22 0 0 0-22 22 22 22 0 0 0 22 22 22 22 0 0 0 12.297-3.765l7.133 7.137 5.941-5.941-7.144-7.141A22 22 0 0 0 54 33a22 22 0 0 0-22-22m0 4̲a18 18 0 0 1 18 18H38.656l-3.965-5.804-3
papirus,tizen-studio-ide.svg,7802,2698,10997,6025,0,0,0,0,0,fail,svg2tvgt,Error Context: 'M31.426 13a.3.3 0 0 0-.147.033c-2.515 1.599-6.043 3.824-6.913 6.549-.272.902-.151 1.236-.003 1.963.246.875.76 2.022 1.332 2.975.37.617 1.59 2.246 1.683 2.246 1.69-1.11 3.357-3.421 4.71
papirus,tomb-raider.svg,695,479,844,690,2839,478,272,250,27,ok,,
papirus,tor-browser-nightly.svg,1116,559,1669,1221,0,0,0,0,0,fail,svg2tvgt,Error Context: 'M32 9C18.77 9 8 19.77 8 33s10.77 24 24 24 24-10.77 24-24S45.23 9 32 9m0 4.234̲c10.94 0 19.766 8.825 19.766 19.766S42.9…' Unhandled exception: System.InvalidOperationException: New Move
papirus,torrenttools.svg,8172,3324,14126,6572,0,0,0,0,0,fail,svg2tvgt,Error Context: 'M31.719 4.002a28 28 0 0 0-2.584.14 1.01 1.01 0 0 0-.899.856l-.543 3.54q-1.887.346-3.697.987L21.764 6.74a1.01 1.01 0 0 0-1.203-.29 28 28 0 0 0-4.97 2.874 1.01 1.01 0 0 0-.349 1.19l.057.
papirus,touchpad-indicator.svg,602,480,982,726,2884,476,280,282,257,ok,,Node has unsupported transform: rotate(90)scale(-1 1) Node has unsupported transform: rotate(90)scale(-1 1) Node has unsupported transform: scale(2)
papirus,transmageddon.svg,1218,735,2435,1433,5418,817,392,358,162,ok,,Node has unsupported transform: matrix(2 0 0 2 0 1) Node has unsupported transform: scale(2)
papirus,tresorit.svg,2627,979,3373,2113,0,0,0,0,0,fail,svg2tvgt,Error Context: 'M32.187 4.002a6.332 6.367 0 0 0-3.315.852L10.242 15.67a6.332 6.367 0 0 0-3.165 5.516 6.332 6.367 0 0 1 3.08-4.516L28.79 5.854a6.332 6.367 0 0 1 3.315-.852 6.332 6.367 0 0 1 3.015.852L5
papirus,trillian.svg,2462,1190,3887,2402,0,0,0,0,0,fail,svg2tvgt,Error Context: 'M25 13a12 12 0 0 0-12 12 12 12 0 0 0 12 12 12 12 0 0 0 12-12 12 12 0 0 0-12-12m1 2̲a9 9 0 0 1 9 9 9 9 0 0 1-9 9 9 9 0 0 1-9…' Unhandled exception: System.InvalidOperationException: New
papirus,tweet-tray.svg,765,303,1247,960,1924,316,180,193,179,ok,,Node has unsupported transform: translate(136.133 763.088)scale(.26563) Error Context: 'M-339.325-2801.271̲c-55.102 0-105.412 50.31-105.412 105.412…' Reducing bit range trying to fit -339.325 Node has
papirus,twitter.svg,5112,1844,7914,4236,0,0,0,0,0,fail,svg2tvgt,Error Context: 'M58.27 14.8c-2.169 1.25-4.936 1.957-7.484 2.467l.01.01c.22.253.428.367.625.639.2.275.79 1.16.966 1.45.156.259.297 1.645.433 1.915l.058.104.003.006c.15.305.138-.65.262-.33 2.35-1.387 4.
papirus,uget.svg,697,519,968,748,2951,513,302,268,251,ok,,
papirus,unison-gtk.svg,1924,823,3895,2238,0,0,0,0,0,fail,svg2tvgt,Error Context: 'M24 45.715v1C24.236 51.443 27.266 55 32 55s8-3.551 8-8.285v-1C40 50.449 36.734 54 32 54s-7.764-3.557-8-8.285M18.07 4̲a1.496 1.013 0 0 0-.148.004 1.496 1.013 …' Unhandled exception: Sys
papirus,uqm.svg,5463,1984,8841,4561,0,0,0,0,0,fail,svg2tvgt,Node has unsupported transform: rotate(44.95)skewX(-.101) Error Context: 'M35.453 5.01c-.716.06-1.078.421-1.764 1.107l-2.387 2.381c-1.077.843-1.225 1.26-1.225 2.532v7.826L12.562 36.74l-6.757.503c-1.84
papirus,user-blue-home-open.svg,773,550,993,851,3560,546,358,325,40,ok,,
papirus,user-bluegrey-home.svg,773,550,991,863,3560,546,356,324,38,ok,,
papirus,user-breeze-home.svg,773,550,991,863,3560,546,357,329,38,ok,,
papirus,user-carmine-desktop.svg,517,297,691,558,1774,305,204,197,37,ok,,
papirus,user-carmine-home.svg,773,550,991,863,3537,546,349,316,38,ok,,
papirus,user-custom-desktop.svg,522,297,0,0,0,0,0,0,0,no_source,source,SVG not found in current source dataset
papirus,user-custom-home-open.svg,782,550,0,0,0,0,0,0,0,no_source,source,SVG not found in current source dataset
papirus,user-cyan-desktop.svg,517,297,691,558,1771,305,206,203,37,ok,,
papirus,user-darkcyan-home-open.svg,773,550,993,851,3559,546,356,321,40,ok,,
papirus,user-green-home.svg,773,550,991,863,3560,546,357,323,38,ok,,
papirus,user-indigo-home-open.svg,773,550,993,851,3559,546,358,324,40,ok,,
papirus,user-orange-home.svg,773,550,991,863,3554,546,355,324,38,ok,,
papirus,user-palebrown-home-open.svg,773,550,993,851,3557,546,358,324,40,ok,,
papirus,user-paleorange-home.svg,773,550,991,863,3559,546,357,329,38,ok,,
papirus,user-red-home-open.svg,773,550,993,851,3560,546,356,322,40,ok,,
papirus,user-teal-desktop.svg,517,297,691,558,1789,305,207,202,27,ok,,
papirus,user-white-desktop.svg,517,297,691,558,1791,305,207,202,34,ok,,
papirus,user-white-home-open.svg,767,550,993,845,3514,546,351,312,40,ok,,
papirus,user-yaru-home.svg,773,550,991,863,3552,546,357,321,38,ok,,
papirus,utilities-system-monitor.svg,1382,693,2123,1330,4136,677,445,440,292,ok,,
papirus,vcs-conflicting.svg,245,106,331,269,582,78,86,83,66,ok,,Node has unsupported transform: rotate(135) Node has unsupported transform: rotate(-135)
papirus,ventoy.svg,2579,991,4062,2124,6474,971,572,522,501,ok,,
papirus,vibrantLinux.svg,1126,443,1621,1170,2914,442,259,260,213,ok,,
papirus,vidcutter.svg,1521,944,2574,1571,0,0,0,0,0,fail,svg2tvgt,Node has unsupported transform: rotate(90)scale(-1 1) Error Context: 'M43.076 37a3.077 3.077 0 0 0 .001 6.153c.549 0 1.054-.171 1.5-.423L47.001 45l-2.423 2.27c-.446-.253-.951-.424-1.5-.424a3.077 3.077
papirus,video-x-generic.svg,785,416,1167,876,2378,415,274,255,168,ok,,
papirus,view-financial-budget.svg,3244,1876,1558,842,2829,560,251,198,246,ok,,Failed to translate color spec 'currentColor'
papirus,vim.svg,2008,822,2436,1764,4510,811,481,453,163,ok,,
papirus,visualvm.svg,2547,1389,3225,2332,0,0,0,0,0,fail,svg2tvgt,Error Context: 'm17.732 9.863-4.65 1.222s2.756 5.344 3.765 9.67c1.566 6.711 1.528 12.194 1.528 12.194L23.3 30.6s-2.943-3.431-4.601-10.329c-.965-4.01-.967-10.408-.967-10.408m22.518 11.97̲s-1.926 5.022-
papirus,vmware-player.svg,1816,1091,3423,1944,6157,1056,591,559,490,ok,,
papirus,vmware-workstation.svg,1111,593,1310,968,0,0,0,0,0,fail,svg2tvgt,Error Context: 'M4 57v1c0 1.662 1.338 3 3 3h50c1.662 0 3-1.338 3-3v-1c0 1.662-1.338 3-3 3H7c-1.662 0-3-1.338-3-3m16-37̲v2h24v-2H28z' Unhandled exception: System.InvalidOperationException: New MoveTo d
papirus,void-wizard.svg,2575,1162,4583,2797,0,0,0,0,0,fail,svg2tvgt,Error Context: 'M32 15.002a17 17 0 0 0-9.84 3.152l.606.606A17 17 0 0 1 32 16.002a17 17 0 0 1 16.975 16.494A17 17 0 0 0 49 32a17 17 0 0 0-17-16.998M43.281 33̲a11.3 11.3 0 0 1-1.527 4.746l.348.348a11…'
papirus,wavebox.svg,992,437,1321,950,2809,428,281,259,220,ok,,
papirus,weather-few-clouds-night.svg,3938,1681,943,416,0,0,0,0,0,fail,svg2tvgt,Failed to translate color spec 'currentColor' Error Context: 'M7.74 1.031c-2.763.102-5.309 1.805-6.313 4.563-1.264 3.472.369 7.324 3.688 8.812a3.3 3.3 0 0 1-.125-1.062c.027-1.002.584-1.888 1.375-2.469
papirus,weather-few-clouds-wind-night.svg,4644,2157,1557,598,0,0,0,0,0,fail,svg2tvgt,Failed to translate color spec 'currentColor' Error Context: 'M8 1C5.929 1 4.165 2.268 3.406 4.063A3.98 3.98 0 0 0 0 8c0 1.083.43 2.066 1.13 2.786L1 10V9a1 1 0 0 1 1-1h5.193a1 1 0 0 1-.047-.334A2.51 2
papirus,weather-few-clouds-wind.svg,2458,1472,1557,598,0,0,0,0,0,fail,svg2tvgt,Failed to translate color spec 'currentColor' Error Context: 'M8 1C5.929 1 4.165 2.268 3.406 4.063A3.98 3.98 0 0 0 0 8c0 1.083.43 2.066 1.13 2.786L1 10V9a1 1 0 0 1 1-1h5.193a1 1 0 0 1-.047-.334A2.51 2
papirus,weather-few-clouds.svg,1752,996,1561,734,0,0,0,0,0,fail,svg2tvgt,Failed to translate color spec 'currentColor' Error Context: 'M7 0v2.086A6 6 0 0 1 8 2a6 6 0 0 1 1 .09V0ZM3.05 1.637 1.638 3.05l1.476 1.476A6 6 0 0 1 4.53 3.115Zm9.9 0-1.477 1.476a6 6 0 0 1 1.412 1.41
papirus,weather-hail.svg,1218,628,1404,912,0,0,0,0,0,fail,svg2tvgt,Failed to translate color spec 'currentColor' Failed to translate color spec 'currentColor' Error Context: 'M8 0C5.929 0 4.165 1.27 3.406 3.07A3.974 3.974 0 0 0 0 7c0 1.94 1.365 3.54 3.187 3.91.764-.7
papirus,weather-showers.svg,3463,1400,1489,663,0,0,0,0,0,fail,svg2tvgt,Failed to translate color spec 'currentColor' Error Context: 'M8 .004c-2.071 0-3.835 1.268-4.594 3.063A3.98 3.98 0 0 0 0 7.004a4 4 0 0 0 4 4h8.5a3.5 3.5 0 0 0 3.5-3.5 3.49 3.49 0 0 0-3.094-3.469A5.01
papirus,weather-snow-rain.svg,2665,1174,1228,619,0,0,0,0,0,fail,svg2tvgt,Failed to translate color spec 'currentColor' Error Context: 'M8 .004c-2.071 0-3.835 1.268-4.594 3.063A3.98 3.98 0 0 0 0 7.004a4 4 0 0 0 4 4h8.5a3.5 3.5 0 0 0 3.5-3.5 3.49 3.49 0 0 0-3.094-3.469A5.01
papirus,webby.svg,882,395,1192,813,1860,297,222,219,32,ok,,Node has unsupported transform: rotate(90)scale(-1 1)
papirus,wicd.svg,1567,508,2602,1589,3524,512,372,362,203,ok,,Node has unsupported transform: translate(-181.22 -317.413)scale(1.3337) Error Context: 'M159.9 252.99̲a28.2 28.2 0 0 0-16.853 5.559l16.941 18.…' Reducing bit range trying to fit 159.9 Node has unsupp
papirus,wine.svg,1908,653,2575,1637,0,0,0,0,0,fail,svg2tvgt,Error Context: 'M33.582 13c-1.116-.003-1.974.183-2.328.58-.563.63-1.858 5.327-3.474 12.506-1.165 5.166-.355 8.179.442 9.791 1.018 2.062 1.81 3.3.201 7.414-1.165 2.98-2.354 2.979-3.46 3.12-2.661-.647-4
papirus,winecfg.svg,2593,962,3534,2207,0,0,0,0,0,fail,svg2tvgt,Error Context: 'M33.582 13c-1.116-.003-1.974.183-2.328.58-.563.63-1.858 5.327-3.474 12.506-1.165 5.166-.355 8.179.442 9.791 1.018 2.062 1.81 3.3.201 7.414-1.165 2.98-2.354 2.979-3.46 3.12-2.661-.647-4
papirus,winemine.svg,3426,1529,5572,3025,0,0,0,0,0,fail,svg2tvgt,Error Context: 'M30.6 4A5.587 5.587 0 0 0 25 9.6v1C25 7.497 27.497 5 30.6 5h2.8c3.103 0 5.6 2.497 5.6 5.6v-1C39 6.497 36.503 4 33.4 4ZM25 12.225a21 21 0 0 0-6.623 3.826l-2.275-1.313a5.59 5.59 0 0 0-7.
papirus,winetricks.svg,2133,759,2845,1871,0,0,0,0,0,fail,svg2tvgt,Error Context: 'M33.582 13c-1.116-.003-1.974.183-2.328.58-.563.63-1.858 5.327-3.474 12.506-1.165 5.166-.355 8.179.442 9.791 1.018 2.062 1.81 3.3.201 7.414-1.165 2.98-2.354 2.979-3.46 3.12-2.661-.647-4
papirus,workflowy.svg,934,605,1199,1036,3279,600,309,298,199,ok,,Node has unsupported transform: rotate(90)scale(-1 1) Node has unsupported transform: rotate(90)scale(-1 1)
papirus,world-of-tanks.svg,1661,790,3175,1727,0,0,0,0,0,fail,svg2tvgt,Error Context: 'M21 21v17.5l4 3.9M43 21̲v17.5l-4 3.9' Unhandled exception: System.InvalidOperationException: New MoveTo detected without ClosePath    at SvgPathParser.ParseMoveTo() in /tmp/tinyvg-sdk/
papirus,wpscrackgui.svg,1881,708,3196,2023,0,0,0,0,0,fail,svg2tvgt,Node has unsupported transform: translate(-181.22 -317.413)scale(1.3337) Error Context: 'M159.9 252.99̲a28.2 28.2 0 0 0-16.853 5.559l16.941 18.…' Reducing bit range trying to fit 159.9 Node has unsupp
papirus,write_stylus.svg,4649,1675,10477,4727,14005,2214,1336,1274,1335,ok,,
papirus,wxglade.svg,1123,536,1860,1183,3602,534,348,330,85,ok,,
papirus,x-tile.svg,2056,1008,3104,2068,6679,967,451,437,396,ok,,
papirus,xampp.svg,2683,1353,3480,1996,0,0,0,0,0,fail,svg2tvgt,Error Context: 'M22 13a10 10 0 0 0-10 10 10 10 0 0 0 10 10 10 10 0 0 0-10 10 10 10 0 0 0 10 10 10 10 0 0 0 10-10 10 10 0 0 0-.035-.684l.035.004h.024A10 10 0 0 0 32 43a10 10 0 0 0 10 10 10 10 0 0 0 10-
papirus,xcom-enemy-unknown.svg,1943,752,2320,1516,4489,731,382,359,250,ok,,
papirus,xdman.svg,8923,3103,10822,6638,0,0,0,0,0,fail,svg2tvgt,Error Context: 'M29.94 6.118a22 22 0 0 0-7.963 2.31c.111.352-.018.749-.423 1.1-.274.237-.499.607-.499.823 0 .66.597 1.672 1.073 1.82.632.195.42.87-.394 1.243-.376.173-.84.67-1.028 1.104-.19.436-.47.86
papirus,xfce4-session.svg,2975,1171,5603,3246,0,0,0,0,0,fail,svg2tvgt,Node has unsupported transform: matrix(5 0 0 5 -2535.555 -1702.001) Error Context: 'M512.005 346.52̲a.117.124 0 0 0-.065.026l-1.983 1.572a.1…' Reducing bit range trying to fit 512.005 Node has unsuppo
papirus,xfce4-systray.svg,823,405,1406,917,2204,406,234,216,173,ok,,
papirus,xfe.svg,567,387,1185,675,2210,384,250,249,170,ok,,
papirus,xnoise.svg,494,307,612,499,0,0,0,0,0,fail,svg2tvgt,Error Context: 'M15 19c9 0 9 13 17 13s8-13 17-13M15 45̲c9 0 9-13 17-13s8 13 17 13' Unhandled exception: System.InvalidOperationException: New MoveTo detected without ClosePath    at SvgPathParser.Pars
papirus,y-ppa-manager.svg,1135,596,0,0,0,0,0,0,0,no_source,source,SVG not found in current source dataset
papirus,your-freedom.svg,891,350,1394,783,2501,315,241,227,207,ok,,
papirus,yubikey-personalization-gui.svg,1507,592,1924,1357,0,0,0,0,0,fail,svg2tvgt,Error Context: 'm22 20 10.4 13M24 46̲l20-26' Unhandled exception: System.InvalidOperationException: New MoveTo detected without ClosePath    at SvgPathParser.ParseMoveTo() in /tmp/tinyvg-sdk/src/tools
papirus,yubikey-piv-manager.svg,989,369,1346,950,0,0,0,0,0,fail,svg2tvgt,Error Context: 'm22 20 10.4 13M24 46̲l20-26' Unhandled exception: System.InvalidOperationException: New MoveTo detected without ClosePath    at SvgPathParser.ParseMoveTo() in /tmp/tinyvg-sdk/src/tools
papirus,zart.svg,3273,1417,5068,2920,0,0,0,0,0,fail,svg2tvgt,Error Context: 'm28.457 13.001-.43 4.004L25 19.661l3.684 1.645L30.28 25l2.703-2.988L37 21.638l-2.012-3.488.883-3.93-3.945.832Zm14.8 2-1.273 1.566L40 16.85l1.078 1.71-.351 1.997 1.941-.508 1.77.953.12-
papirus,zeal.svg,839,309,1355,889,1877,303,207,201,179,ok,,
papirus,zenkit.svg,1015,510,1491,999,0,0,0,0,0,fail,svg2tvgt,Error Context: 'M32 14a1.5 1.5 0 0 0-1.18.575l-14.5 18.5a1.5 1.5 0 0 0 0 1.852l14.5 18.5a1.5 1.5 0 0 0 2.36 0l14.5-18.5a1.5 1.5 0 0 0 0-1.852l-14.5-18.5a1.5 1.5 0 0 0-1.18-.574m0 4.557̲ 5 14.444H27Zm-
w3c,aa.svg,1385,703,993,1015,0,0,0,0,0,fail,svg2tvgt,Error Context: 'M70.5 16.9c.5 1.8.5 2.7-.2 4.8l-5.8 17.2-6.2-17.5s.7-1.9 1.1-3c.3 0 .9.7.9.7s-.7-2-.4-2.4l.9-2.4 1 .6c-.2-.6-.5-1.9-.5-1.9l.9-2.8 1 .5s-.7-1.9-.5-2.2l2.4-6.3c2 4.7 3.6 9.8 5.4 14.7m-4.
w3c,accessible.svg,731,474,764,628,2351,466,268,239,244,ok,,
w3c,acid.svg,2590,1246,1720,1514,0,0,0,0,0,fail,svg2tvgt,Node has unsupported transform: scale(.1) Error Context: 'M552 598̲c-5 10-11 20-12 32 8 11 16 7 25 0-2-12-7…' Reducing bit range trying to fit 552 Node has unsupported transform: scale(.1) Error Conte
w3c,adobe.svg,143,63,149,142,493,63,71,65,67,ok,,
w3c,alphachannel.svg,238,94,263,238,424,94,77,68,67,ok,,
w3c,android.svg,432,181,471,429,0,0,0,0,0,fail,svg2tvgt,Error Context: 'M14 40v24m67-24̲v24m-43 4v24m19-24v24M28 42v31h39V42z' Unhandled exception: System.InvalidOperationException: New MoveTo detected without ClosePath    at SvgPathParser.ParseMoveTo() in
w3c,basura.svg,606,317,659,543,0,0,0,0,0,fail,svg2tvgt,Error Context: 'M27 48h23m-22 1̲h21l-3 28H32zh5l3 28h3V49h5l-2 28m3-4H32…' Unhandled exception: System.InvalidOperationException: New MoveTo detected without ClosePath    at SvgPathParser.ParseMoveTo(
w3c,beacon.svg,272,126,363,270,914,126,112,108,100,ok,,
w3c,betterplace.svg,163,51,165,160,297,51,61,56,26,ok,,
w3c,bzr.svg,482,230,487,464,1358,230,170,164,162,ok,,
w3c,ca.svg,579,369,535,500,0,0,0,0,0,fail,svg2tvgt,Error Context: 'M95 60c-2 3-6 7-11 7-6 0-12-3-12-10 0-10 15-14 27-14v3c0 6-1 10-4 14m26 8̲V27c0-9-2-15-7-20-5-4-13-7-24-7S70 3 62 …' Unhandled exception: System.InvalidOperationException: New MoveTo d
w3c,cartman.svg,1157,770,1148,1032,0,0,0,0,0,fail,svg2tvgt,Error Context: 'M41 6c1-1 4-3 8-3 3 0 9-1 14 3l-1 2h-4s-3 1-5 0-1-1-1-1l-3 1-2-1h-1s-1 2-3 2c0 0-2-1-2-3M17 34̲v-2s35-20 71-3v2s-35-17-71 3M5 62c3-2 5-…' Unhandled exception: System.InvalidOperationEx
w3c,caution.svg,404,142,422,396,809,142,107,100,26,ok,,
w3c,cc.svg,397,221,374,344,929,221,159,143,90,ok,,
w3c,ch.svg,338,108,351,334,0,0,0,0,0,fail,svg2tvgt,Error Context: 'M10 45V10h35M10 55̲v35h35m15 0h35V55' Unhandled exception: System.InvalidOperationException: New MoveTo detected without ClosePath    at SvgPathParser.ParseMoveTo() in /tmp/tinyvg-sdk/
w3c,check.svg,296,203,301,268,1083,202,157,130,154,ok,,
w3c,copyleft.svg,202,76,207,200,412,76,73,61,60,ok,,
w3c,copyright.svg,202,76,208,200,412,76,73,62,60,ok,,
w3c,couch.svg,783,461,793,735,2483,461,334,293,310,ok,,
w3c,couchdb.svg,447,302,447,412,1931,302,226,203,32,ok,,
w3c,cygwin.svg,335,157,349,324,871,157,118,112,26,ok,,
w3c,debian.svg,1697,1239,1322,1272,0,0,0,0,0,fail,svg2tvgt,Error Context: 'M59 52c-2 0 0 1 2 1l2-1zm8-2 2-4-1 3c-3 2 0-1 0-2-3 4-1 2-1 3m3-8̲c1-3 0-2 0-1zM53 3l2 1c1 0 1-1-2-1m2 1h-…' Unhandled exception: System.InvalidOperationException: New MoveTo detected
w3c,dh.svg,321,171,343,317,904,171,131,128,117,ok,,
w3c,digg.svg,326,201,339,316,1092,201,140,140,130,ok,,
w3c,dojo.svg,746,569,789,643,0,0,0,0,0,fail,svg2tvgt,Error Context: 'M28 53c-2 4-5 9-13 9-7 0-15-6-15-20s8-20 16-20c6 0 10 3 12 8 0-10 0-23-1-30h7l-1 42c0 7 0 13 1 19h-6zm-11 6c8 0 11-9 11-18 0-10-4-16-11-16S7 33 7 43c0 13 5 16 10 16m38-37̲c8 0 18 5 18
w3c,duck.svg,414,234,530,322,1278,229,176,164,175,ok,,
w3c,eee.svg,1065,732,920,885,0,0,0,0,0,fail,svg2tvgt,Error Context: 'M40 33c-12 2-28 9-36 20-7 10-3 23 9 26 6 1 12 2 17 0v-1c-4 1-9 1-14 0C5 76-3 65 5 55c6-9 15-13 24-17 5-2 13-2 16-6-12-3-13-14-3-21 11-8 25-9 39-8V2C70-2 50 4 42 9c-4 2-8 6-9 10-1 7 4 1
w3c,eff.svg,258,133,281,250,0,0,0,0,0,fail,svg2tvgt,Error Context: 'M85 19h-8v9h6-6v11m8 9̲h-8v9h6-6v11' Unhandled exception: System.InvalidOperationException: New MoveTo detected without ClosePath    at SvgPathParser.ParseMoveTo() in /tmp/tinyvg-sdk/s
w3c,erlang.svg,243,122,238,228,686,122,109,106,102,ok,,
w3c,evol.svg,399,262,367,349,0,0,0,0,0,fail,svg2tvgt,Error Context: 'm156 47-4-46 10-1 4 46zm-21 2-1-9 16-1 1 9zM103 3l1 9c-15-1-12 32 2 31l1 9c-22 3-33-46-4-49m7 8̲c13 1 16 29 2 31l1 9c23-3 20-50-4-49M42 …' Unhandled exception: System.InvalidOperationE
w3c,facebook.svg,299,245,305,287,1332,242,168,169,161,ok,,
w3c,faux-art.svg,2456,666,5503,2642,4559,667,639,621,639,ok,,Node has unsupported transform: translate(317.143 302.857)
w3c,feed.svg,282,155,302,280,0,0,0,0,0,fail,svg2tvgt,Error Context: 'M48 84s0-33-33-33m60 33̲s0-60-60-60' Unhandled exception: System.InvalidOperationException: New MoveTo detected without ClosePath    at SvgPathParser.ParseMoveTo() in /tmp/tinyvg-sdk/s
w3c,feedsync.svg,321,214,350,318,1074,214,149,146,137,ok,,
w3c,fsm.svg,956,700,987,799,0,0,0,0,0,fail,svg2tvgt,Error Context: 'M36 34s39-34 78 0m0 0̲s-39 34-78 0m28-19 2 4m19-4-1 4M36 34c-1…' Unhandled exception: System.InvalidOperationException: New MoveTo detected without ClosePath    at SvgPathParser.ParseM
w3c,gcheck.svg,729,352,594,595,2263,351,309,285,300,ok,,
w3c,genshi.svg,290,190,273,258,747,189,150,126,141,ok,,
w3c,git.svg,239,106,240,229,0,0,0,0,0,fail,svg2tvgt,Error Context: 'M20 20h20m5 0̲h20m5 0h20' Unhandled exception: System.InvalidOperationException: New MoveTo detected without ClosePath    at SvgPathParser.ParseMoveTo() in /tmp/tinyvg-sdk/src/tools/sv
w3c,gnome2.svg,351,229,344,323,0,0,0,0,0,fail,svg2tvgt,Error Context: 'M79 0C56 0 52 32 65 32c12 0 36-32 14-32M41 28̲c7 0 14-26 2-24-13 2-8 24-2 24M10 44c5-2…' Unhandled exception: System.InvalidOperationException: New MoveTo detected without ClosePath
w3c,google.svg,331,159,331,319,914,159,139,125,125,ok,,
w3c,gpg.svg,467,303,459,425,0,0,0,0,0,fail,svg2tvgt,Error Context: 'M13 31C27 2 47 6 59 8c0 0-16-7-30 0-15 7-16 23-16 23M0 85̲s9-11 17-14c10-3 23-2 44-6 7-2 9-4 20-9 …' Unhandled exception: System.InvalidOperationException: New MoveTo detected without
w3c,heart.svg,178,82,187,176,377,82,77,66,71,ok,,
w3c,heliocentric.svg,656,344,733,656,1944,344,163,165,149,ok,,
w3c,hg0.svg,1980,1363,1687,1585,0,0,0,0,0,fail,svg2tvgt,Error Context: 'M89 71c15-26-3-68-38-64-31 4-31 37-4 45 24 6 5 21 6 31 0 10 20 14 36-12M16 37̲c-5 0-8 5-8 9 1 5 5 9 10 8 5 0 8-4 8-9-1…' Unhandled exception: System.InvalidOperationException: New Move
w3c,http.svg,723,467,708,664,3264,467,321,296,120,ok,,
w3c,ibm.svg,2696,1013,4474,2429,0,0,0,0,0,fail,svg2tvgt,Node has unsupported transform: scale(.1578) Error Context: 'M851.165 24.442̲H713.147l8.692-24.43h129.326zM473.454.01…' Reducing bit range trying to fit 851.165 Node has unsupported transform: scale(.
w3c,ie-lock.svg,910,485,775,711,2445,479,342,300,328,ok,,Node has unsupported transform: matrix(.46 0 0 .46 22 56)
w3c,ielock.svg,906,430,847,776,2353,426,299,265,164,ok,,Node has unsupported transform: matrix(.3 0 0 .3 37 50)
w3c,ietf.svg,627,407,644,585,2657,407,261,213,218,ok,,
w3c,image.svg,157,54,787,469,427,54,63,57,71,ok,,Unknown attribute xlink:href Unknown element image
w3c,instiki.svg,965,645,785,775,2330,645,438,344,429,ok,,
w3c,integral.svg,452,295,386,334,1602,294,221,179,28,ok,,
w3c,irony.svg,286,155,264,251,658,155,131,109,122,ok,,
w3c,italian-flag.svg,244,100,287,243,846,100,84,78,79,ok,,
w3c,iw.svg,191,99,201,188,663,99,87,79,79,ok,,
w3c,jabber.svg,584,366,510,474,0,0,0,0,0,fail,svg2tvgt,Error Context: 'M9 15c-1 21 4 11 6 9 10-15 48-6 53 12 14 38-30 30-23 67 1 1 3 2 4-1-10-29 44-25 22-70C61 3 19 5 9 15m9 65̲c5 6 13 9 20 6 3-1 3 1 2 3-5 3-20 2-26-5…' Unhandled exception: System.Invalid
w3c,jquery.svg,222,112,227,219,0,0,0,0,0,fail,svg2tvgt,Error Context: 'M80 67c-33 54-105-7-70-45-5 67 60 58 70 45M30 16̲C2 42 56 87 80 47 70 57 24 57 30 16m20-6…' Unhandled exception: System.InvalidOperationException: New MoveTo detected without ClosePath
w3c,legal.svg,355,183,663,633,0,0,0,0,0,fail,svg2tvgt,Unknown element desc Error Context: 'm1 69 13-51 13 51m50 0̲ 13-51 13 51' Unhandled exception: System.InvalidOperationException: New MoveTo detected without ClosePath    at SvgPathParser.ParseMoveTo()
w3c,m.svg,339,238,319,295,1107,238,168,154,162,ok,,
w3c,mac.svg,311,183,295,280,0,0,0,0,0,fail,svg2tvgt,Error Context: 'M62 0c2 10-9 24-20 24-3-14 9-22 20-24M5 36̲c5-8 13-12 21-12 7 0 12 4 19 4 6 0 10-4 …' Unhandled exception: System.InvalidOperationException: New MoveTo detected without ClosePath    at
w3c,mail.svg,355,93,388,351,0,0,0,0,0,fail,svg2tvgt,Error Context: 'M58 42h45m-42 8̲h42m-40 8h40' Unhandled exception: System.InvalidOperationException: New MoveTo detected without ClosePath    at SvgPathParser.ParseMoveTo() in /tmp/tinyvg-sdk/src/tool
w3c,mars.svg,185,72,199,185,0,0,0,0,0,fail,svg2tvgt,Error Context: 'M71 8h22v22m-25 3̲ 22-22' Unhandled exception: System.InvalidOperationException: New MoveTo detected without ClosePath    at SvgPathParser.ParseMoveTo() in /tmp/tinyvg-sdk/src/tools/sv
w3c,microformat.svg,329,251,352,329,1308,251,183,173,168,ok,,
w3c,mono.svg,402,287,397,377,1336,287,204,189,125,ok,,
w3c,moonlight.svg,564,193,398,359,903,193,151,141,26,ok,,Node has unsupported transform: rotate(-18 84.736 16.657)scale(.77)
w3c,mozilla.svg,2167,1507,1755,1591,0,0,0,0,0,fail,svg2tvgt,Error Context: 'm86 22-1-2h3v2zm-3-3-2 1-1-2h2zm39 38-1-2c-1 0-1 1-3 1v-4h2l1 2c1-1 2-1 3-1 1 1 1 2 0 3zm-9-1v-3c0-1 1-2 3-2 0 4 0 4-3 5m-4-1̲c0-1-1-3 0-4h2c1 2 0 4-2 4m-3-1-2-2c-1 0…' Unhandled excep
w3c,msft.svg,398,219,388,352,1084,199,177,151,157,ok,,
w3c,msie.svg,374,189,384,368,937,189,157,134,148,ok,,
w3c,mt.svg,267,137,270,261,760,136,113,107,99,ok,,
w3c,mudflap.svg,797,568,649,589,2162,563,376,307,366,ok,,
w3c,myspace.svg,307,167,351,303,991,167,129,120,113,ok,,
w3c,no.svg,292,102,304,292,629,102,99,88,86,ok,,
w3c,obama.svg,387,222,365,350,0,0,0,0,0,fail,svg2tvgt,Error Context: 'M92 81c-24 3-44 10-56 18q7.5 3 15 3c17 0 32-8 41-21m3-5̲ 3-7H81c-29 0-55 5-69 13 3 4 6 8 10 10 1…' Unhandled exception: System.InvalidOperationException: New MoveTo detected without Cl
w3c,odf.svg,176,78,184,176,457,78,77,73,63,ok,,
w3c,openid.svg,195,89,213,191,547,89,88,83,77,ok,,
w3c,openweb.svg,206,86,215,203,477,86,93,90,29,ok,,
w3c,opera.svg,907,668,817,734,0,0,0,0,0,fail,svg2tvgt,Error Context: 'M74 90c-4 1-9 2-13 2-5 1-10 0-16-1s-11-3-16-5-9-4-14-8c-4-3-7-6-10-9-2-3-3-6-3-10 0-3 1-5 3-8q3-3 9-6c3-1 8-2 13-2 4 0 10 0 15 1 6 2 11 3 16 5s10 5 14 8 8 7 10 10q3 4.5 3 9c0 3-1 6-3 8
w3c,osa.svg,533,314,627,524,0,0,0,0,0,fail,svg2tvgt,Error Context: 'M35 39a16 16 0 1 0 4-5L28 21m22 41̲ 1 20' Unhandled exception: System.InvalidOperationException: New MoveTo detected without ClosePath    at SvgPathParser.ParseMoveTo() in /tmp/tinyvg-
w3c,osi.svg,178,64,182,175,410,64,70,64,62,ok,,
w3c,padlock.svg,535,276,573,515,1650,272,184,182,31,ok,,
w3c,pdftk.svg,274,151,296,264,931,151,124,110,26,ok,,
w3c,penrose-staircase.svg,3231,741,3896,2730,5392,649,335,339,74,ok,,Unknown element desc
w3c,penrose-tiling.svg,1133,490,1593,1096,0,0,0,0,0,fail,svg2tvgt,Error Context: 'M33.54-46.17 24.27-74.7 0-57.06-24.27-74.7-15-46.17 9.27-28.53 0-57.06m-33.54 10.89̲h-30l9.27 28.54L-78.54 0h30l24.27-17.63h…' Unhandled exception: System.InvalidOperationException: Ne
w3c,poi.svg,211,82,217,211,475,82,69,61,62,ok,,
w3c,pull.svg,443,203,462,424,1029,203,142,139,132,ok,,
w3c,rack.svg,355,159,373,342,958,159,120,108,121,ok,,
w3c,rails.svg,902,570,880,828,3913,570,388,344,234,ok,,
w3c,raleigh.svg,355,172,375,345,1519,172,139,147,120,ok,,
w3c,rest.svg,558,263,522,458,1689,262,225,203,215,ok,,
w3c,rfeed.svg,282,155,302,280,0,0,0,0,0,fail,svg2tvgt,Error Context: 'M48 84s0-33-33-33m60 33̲s0-60-60-60' Unhandled exception: System.InvalidOperationException: New MoveTo detected without ClosePath    at SvgPathParser.ParseMoveTo() in /tmp/tinyvg-sdk/s
w3c,ruby.svg,1061,536,1072,1004,0,0,0,0,0,fail,svg2tvgt,Error Context: 'm71 74 23 21-6-44zM0 80c1 19 15 20 21 20L7 67zm7-13L5 93c4 6 9 7 15 6C16 88 7 67 7 67M69 9̲l30 4C98 6 93 2 84 0z' Unhandled exception: System.InvalidOperationException: New MoveTo dete
w3c,rubyforge.svg,231,96,252,231,610,96,96,87,80,ok,,
w3c,scion.svg,1419,1007,1339,1232,0,0,0,0,0,fail,svg2tvgt,Error Context: 'M60 0C27 0 0 19 0 42c0 22 27 41 60 41s60-19 60-41c0-23-27-42-60-42m0 77̲c-27 0-48-16-48-35C12 22 33 6 60 6s49 16…' Unhandled exception: System.InvalidOperationException: New MoveTo det
w3c,semweb.svg,239,106,257,238,723,106,98,96,26,ok,,
w3c,star.svg,177,71,184,176,424,71,70,60,26,ok,,
w3c,unicode-han.svg,377,106,546,348,807,105,118,110,26,ok,,
w3c,unicode.svg,224,133,233,217,867,133,112,101,106,ok,,
w3c,usaf.svg,522,324,528,483,1996,319,236,203,44,ok,,
w3c,utensils.svg,467,282,382,367,1266,282,202,182,28,ok,,
w3c,venus.svg,221,72,233,220,454,72,74,71,67,ok,,
w3c,vmware.svg,274,243,297,274,1238,243,159,145,159,ok,,
w3c,vote.svg,747,506,920,573,1981,501,345,280,325,ok,,
w3c,w3c.svg,350,216,351,325,0,0,0,0,0,fail,svg2tvgt,Error Context: 'M94 53c15 32 30 14 35 7l-1-7c-16 26-32 3-34 0m28-37̲c-10-21-34 0-21 30-5-30 16-38 23-21l5-10…' Unhandled exception: System.InvalidOperationException: New MoveTo detected without CloseP
w3c,whatwg.svg,272,125,273,262,675,125,113,101,96,ok,,
w3c,why.svg,367,187,423,353,0,0,0,0,0,fail,svg2tvgt,Error Context: 'M93 97c7 0 7-74 0-74V3L80 17H40L27 3v20L7 50l20 20v27M13 57̲l-6 6m13 0-7 7m0-27-6-6m11-4-5-4' Unhandled exception: System.InvalidOperationException: New MoveTo detected without ClosePa
w3c,wii.svg,318,181,325,306,988,181,143,131,131,ok,,
w3c,wikimedia.svg,265,129,273,260,751,129,106,97,91,ok,,
w3c,wireless.svg,285,106,306,279,0,0,0,0,0,fail,svg2tvgt,Error Context: 'M39 20a15 15 0 0 0 0 20M28 10̲a30 30 0 0 0 0 40m33-30a15 15 0 0 1 0 20…' Unhandled exception: System.InvalidOperationException: New MoveTo detected without ClosePath    at SvgPathParse
w3c,wp.svg,395,194,404,382,0,0,0,0,0,fail,svg2tvgt,Error Context: 'M11 29h18m9 0̲h22' Unhandled exception: System.InvalidOperationException: New MoveTo detected without ClosePath    at SvgPathParser.ParseMoveTo() in /tmp/tinyvg-sdk/src/tools/svg2tvgt/
w3c,wso2.svg,547,249,583,522,1423,249,176,169,26,ok,,
w3c,x11.svg,144,75,290,142,469,75,70,60,26,ok,,
w3c,yadis.svg,869,215,634,550,0,0,0,0,0,fail,svg2tvgt,Error Context: 'm20 48 10 12v13m0-13̲ 10-12' Unhandled exception: System.InvalidOperationException: New MoveTo detected without ClosePath    at SvgPathParser.ParseMoveTo() in /tmp/tinyvg-sdk/src/tools
w3c,yahoo.svg,443,291,401,376,1416,287,222,187,215,ok,,
w3c,yinyang.svg,270,136,282,268,641,136,95,84,84,ok,,
w3c,zillow.svg,279,155,293,258,0,0,0,0,0,fail,svg2tvgt,Error Context: 'm60 1 18 13c0-1-20 1-50 10Zm21 15 28 20-18 1-3 9c-1 0-17-1-44 8zl-3-2Z̲' Unhandled exception: System.InvalidOperationException: ClosePath detected without MoveTo    at SvgPathParser.Pa
zig,zero.svg,26352,11056,246055,137577,434076,66962,56513,51956,56814,ok,,Not implemented: SvgStyle
zig,zig-logo-dark.svg,1200,542,1571,1222,4168,549,407,398,61,ok,,
zig,zig-logo-light.svg,1197,542,1568,1219,4141,549,405,392,62,ok,,
zig,zig-logo-neg-black.svg,1178,538,1547,1200,4130,545,401,397,66,ok,,
zig,zig-logo-neg-white.svg,1175,538,1544,1197,4103,545,401,395,71,ok,,
zig,zig-mark-neg-black.svg,622,282,831,628,2237,288,196,182,27,ok,,
zig,zig-mark-neg-white.svg,619,282,829,625,2210,288,195,188,32,ok,,
zig,zig-mark.svg,622,282,832,628,2236,288,197,185,32,ok,,
zig,ziggy.svg,27873,7933,21988,21345,0,0,0,0,0,fail,svg2tvgt,Error Context: 'm264.575 279.665-3.37-11.984-10.469 8.309 3.506-12.794-8.679 3.364q.628-1.238 1.233-2.486c.828-1.709 5.032-10.497 6.515-15.702 1.468-5.151 2.116-13.682-2.82-25.489l26.651-13.504c3.144
